,Time,Driver,DriverNumber,LapTime,LapNumber,Stint,PitOutTime,PitInTime,Sector1Time,Sector2Time,Sector3Time,Sector1SessionTime,Sector2SessionTime,Sector3SessionTime,SpeedI1,SpeedI2,SpeedFL,SpeedST,IsPersonalBest,Compound,TyreLife,FreshTyre,Team,LapStartTime,LapStartDate,TrackStatus,Position,Deleted,DeletedReason,FastF1Generated,IsAccurate,LapTime_in_seconds,laptime_sum_sectortimes
0,0 days 00:59:52.411000,VER,1,0 days 00:01:31.677000,1.0,1.0,,,,38.489,32.363,,0 days 00:59:20.279000,0 days 00:59:52.515000,284.0,293.0,213.0,307.0,False,MEDIUM,1.0,True,Red Bull Racing,0 days 00:58:20.522000,2025-12-07 13:03:27.585,1,1.0,False,,False,False,91.677,
1,0 days 01:01:21.528000,VER,1,0 days 00:01:29.117000,2.0,1.0,,,18.085,38.383,32.649,0 days 01:00:10.571000,0 days 01:00:48.954000,0 days 01:01:21.603000,283.0,294.0,211.0,303.0,True,MEDIUM,2.0,True,Red Bull Racing,0 days 00:59:52.411000,2025-12-07 13:04:59.474,1,1.0,False,,False,True,89.117,89.117
2,0 days 01:02:51.083000,VER,1,0 days 00:01:29.555000,3.0,1.0,,,18.197,38.495,32.863,0 days 01:01:39.800000,0 days 01:02:18.295000,0 days 01:02:51.158000,281.0,294.0,212.0,304.0,False,MEDIUM,3.0,True,Red Bull Racing,0 days 01:01:21.528000,2025-12-07 13:06:28.591,1,1.0,False,,False,True,89.555,89.55499999999999
3,0 days 01:04:20.646000,VER,1,0 days 00:01:29.563000,4.0,1.0,,,18.253,38.441,32.869,0 days 01:03:09.411000,0 days 01:03:47.852000,0 days 01:04:20.721000,,296.0,211.0,306.0,False,MEDIUM,4.0,True,Red Bull Racing,0 days 01:02:51.083000,2025-12-07 13:07:58.146,1,1.0,False,,False,True,89.563,89.563
4,0 days 01:05:50.341000,VER,1,0 days 00:01:29.695000,5.0,1.0,,,18.142,38.529,33.024,0 days 01:04:38.863000,0 days 01:05:17.392000,0 days 01:05:50.416000,283.0,295.0,211.0,305.0,False,MEDIUM,5.0,True,Red Bull Racing,0 days 01:04:20.646000,2025-12-07 13:09:27.709,1,1.0,False,,False,True,89.695,89.69500000000001
5,0 days 01:07:20.113000,VER,1,0 days 00:01:29.772000,6.0,1.0,,,18.25,38.579,32.943,0 days 01:06:08.666000,0 days 01:06:47.245000,0 days 01:07:20.188000,,296.0,211.0,306.0,False,MEDIUM,6.0,True,Red Bull Racing,0 days 01:05:50.341000,2025-12-07 13:10:57.404,1,1.0,False,,False,True,89.772,89.77199999999999
6,0 days 01:08:49.857000,VER,1,0 days 00:01:29.744000,7.0,1.0,,,18.187,38.496,33.061,0 days 01:07:38.375000,0 days 01:08:16.871000,0 days 01:08:49.932000,,298.0,211.0,308.0,False,MEDIUM,7.0,True,Red Bull Racing,0 days 01:07:20.113000,2025-12-07 13:12:27.176,1,1.0,False,,False,True,89.744,89.744
7,0 days 01:10:19.458000,VER,1,0 days 00:01:29.601000,8.0,1.0,,,18.136,38.42,33.045,0 days 01:09:08.068000,0 days 01:09:46.488000,0 days 01:10:19.533000,284.0,297.0,211.0,306.0,False,MEDIUM,8.0,True,Red Bull Racing,0 days 01:08:49.857000,2025-12-07 13:13:56.920,1,1.0,False,,False,True,89.601,89.601
8,0 days 01:11:48.871000,VER,1,0 days 00:01:29.413000,9.0,1.0,,,18.146,38.494,32.773,0 days 01:10:37.679000,0 days 01:11:16.173000,0 days 01:11:48.946000,283.0,297.0,210.0,306.0,False,MEDIUM,9.0,True,Red Bull Racing,0 days 01:10:19.458000,2025-12-07 13:15:26.521,1,1.0,False,,False,True,89.413,89.41300000000001
9,0 days 01:13:18.336000,VER,1,0 days 00:01:29.465000,10.0,1.0,,,18.12,38.396,32.949,0 days 01:12:07.066000,0 days 01:12:45.462000,0 days 01:13:18.411000,284.0,295.0,209.0,307.0,False,MEDIUM,10.0,True,Red Bull Racing,0 days 01:11:48.871000,2025-12-07 13:16:55.934,1,1.0,False,,False,True,89.465,89.465
10,0 days 01:14:47.874000,VER,1,0 days 00:01:29.538000,11.0,1.0,,,18.143,38.496,32.899,0 days 01:13:36.554000,0 days 01:14:15.050000,0 days 01:14:47.949000,,297.0,210.0,306.0,False,MEDIUM,11.0,True,Red Bull Racing,0 days 01:13:18.336000,2025-12-07 13:18:25.399,1,1.0,False,,False,True,89.538,89.53800000000001
11,0 days 01:16:17.417000,VER,1,0 days 00:01:29.543000,12.0,1.0,,,18.12,38.567,32.856,0 days 01:15:06.069000,0 days 01:15:44.636000,0 days 01:16:17.492000,,296.0,211.0,306.0,False,MEDIUM,12.0,True,Red Bull Racing,0 days 01:14:47.874000,2025-12-07 13:19:54.937,1,1.0,False,,False,True,89.543,89.543
12,0 days 01:17:47.050000,VER,1,0 days 00:01:29.633000,13.0,1.0,,,18.044,38.531,33.058,0 days 01:16:35.536000,0 days 01:17:14.067000,0 days 01:17:47.125000,285.0,295.0,210.0,307.0,False,MEDIUM,13.0,True,Red Bull Racing,0 days 01:16:17.417000,2025-12-07 13:21:24.480,1,1.0,False,,False,True,89.633,89.63300000000001
13,0 days 01:19:16.576000,VER,1,0 days 00:01:29.526000,14.0,1.0,,,17.984,38.599,32.943,0 days 01:18:05.109000,0 days 01:18:43.708000,0 days 01:19:16.651000,286.0,297.0,211.0,305.0,False,MEDIUM,14.0,True,Red Bull Racing,0 days 01:17:47.050000,2025-12-07 13:22:54.113,1,1.0,False,,False,True,89.526,89.526
14,0 days 01:20:46.279000,VER,1,0 days 00:01:29.703000,15.0,1.0,,,17.993,38.622,33.088,0 days 01:19:34.644000,0 days 01:20:13.266000,0 days 01:20:46.354000,285.0,295.0,211.0,302.0,False,MEDIUM,15.0,True,Red Bull Racing,0 days 01:19:16.576000,2025-12-07 13:24:23.639,1,1.0,False,,False,True,89.703,89.703
15,0 days 01:22:15.739000,VER,1,0 days 00:01:29.460000,16.0,1.0,,,18.045,38.597,32.818,0 days 01:21:04.399000,0 days 01:21:42.996000,0 days 01:22:15.814000,,296.0,210.0,303.0,False,MEDIUM,16.0,True,Red Bull Racing,0 days 01:20:46.279000,2025-12-07 13:25:53.342,1,1.0,False,,False,True,89.46,89.46000000000001
16,0 days 01:23:45.317000,VER,1,0 days 00:01:29.578000,17.0,1.0,,,18.012,38.682,32.884,0 days 01:22:33.826000,0 days 01:23:12.508000,0 days 01:23:45.392000,286.0,296.0,210.0,298.0,False,MEDIUM,17.0,True,Red Bull Racing,0 days 01:22:15.739000,2025-12-07 13:27:22.802,1,1.0,False,,False,True,89.578,89.578
17,0 days 01:25:14.913000,VER,1,0 days 00:01:29.596000,18.0,1.0,,,18.064,38.646,32.886,0 days 01:24:03.456000,0 days 01:24:42.102000,0 days 01:25:14.988000,284.0,296.0,211.0,304.0,False,MEDIUM,18.0,True,Red Bull Racing,0 days 01:23:45.317000,2025-12-07 13:28:52.380,1,1.0,False,,False,True,89.596,89.596
18,0 days 01:26:44.527000,VER,1,0 days 00:01:29.614000,19.0,1.0,,,17.981,38.709,32.924,0 days 01:25:32.969000,0 days 01:26:11.678000,0 days 01:26:44.602000,285.0,295.0,211.0,303.0,False,MEDIUM,19.0,True,Red Bull Racing,0 days 01:25:14.913000,2025-12-07 13:30:21.976,1,1.0,False,,False,True,89.614,89.614
19,0 days 01:28:14.084000,VER,1,0 days 00:01:29.557000,20.0,1.0,,,18.01,38.667,32.88,0 days 01:27:02.612000,0 days 01:27:41.279000,0 days 01:28:14.159000,284.0,296.0,211.0,302.0,False,MEDIUM,20.0,True,Red Bull Racing,0 days 01:26:44.527000,2025-12-07 13:31:51.590,1,1.0,False,,False,True,89.557,89.55700000000002
20,0 days 01:29:43.525000,VER,1,0 days 00:01:29.441000,21.0,1.0,,,17.873,38.788,32.78,0 days 01:28:32.032000,0 days 01:29:10.820000,0 days 01:29:43.600000,,296.0,210.0,302.0,False,MEDIUM,21.0,True,Red Bull Racing,0 days 01:28:14.084000,2025-12-07 13:33:21.147,1,1.0,False,,False,True,89.441,89.441
21,0 days 01:31:12.768000,VER,1,0 days 00:01:29.243000,22.0,1.0,,,17.869,38.589,32.785,0 days 01:30:01.469000,0 days 01:30:40.058000,0 days 01:31:12.843000,286.0,298.0,211.0,299.0,False,MEDIUM,22.0,True,Red Bull Racing,0 days 01:29:43.525000,2025-12-07 13:34:50.588,1,1.0,False,,False,True,89.243,89.243
22,0 days 01:32:44.133000,VER,1,0 days 00:01:31.365000,23.0,1.0,,0 days 01:32:43.105000,17.903,38.59,34.872,0 days 01:31:30.746000,0 days 01:32:09.336000,0 days 01:32:44.208000,287.0,299.0,,300.0,False,MEDIUM,23.0,True,Red Bull Racing,0 days 01:31:12.768000,2025-12-07 13:36:19.831,1,1.0,False,,False,False,91.365,91.36500000000001
23,0 days 01:34:33.056000,VER,1,0 days 00:01:48.923000,24.0,2.0,0 days 01:33:04.789000,,38.129,38.518,32.276,0 days 01:33:22.337000,0 days 01:34:00.855000,0 days 01:34:33.131000,285.0,295.0,214.0,297.0,False,HARD,1.0,True,Red Bull Racing,0 days 01:32:44.133000,2025-12-07 13:37:51.196,1,2.0,False,,False,False,108.923,108.923
24,0 days 01:36:01.749000,VER,1,0 days 00:01:28.693000,25.0,2.0,,,17.857,38.251,32.585,0 days 01:34:50.988000,0 days 01:35:29.239000,0 days 01:36:01.824000,286.0,295.0,214.0,299.0,True,HARD,2.0,True,Red Bull Racing,0 days 01:34:33.056000,2025-12-07 13:39:40.119,1,2.0,False,,False,True,88.693,88.693
25,0 days 01:37:30.061000,VER,1,0 days 00:01:28.312000,26.0,2.0,,,17.846,38.185,32.281,0 days 01:36:19.670000,0 days 01:36:57.855000,0 days 01:37:30.136000,287.0,298.0,212.0,301.0,True,HARD,3.0,True,Red Bull Racing,0 days 01:36:01.749000,2025-12-07 13:41:08.812,1,2.0,False,,False,True,88.312,88.31200000000001
26,0 days 01:38:58.388000,VER,1,0 days 00:01:28.327000,27.0,2.0,,,17.789,38.265,32.273,0 days 01:37:47.925000,0 days 01:38:26.190000,0 days 01:38:58.463000,286.0,298.0,214.0,301.0,False,HARD,4.0,True,Red Bull Racing,0 days 01:37:30.061000,2025-12-07 13:42:37.124,1,2.0,False,,False,True,88.327,88.327
27,0 days 01:40:26.759000,VER,1,0 days 00:01:28.371000,28.0,2.0,,,17.801,38.338,32.232,0 days 01:39:16.264000,0 days 01:39:54.602000,0 days 01:40:26.834000,287.0,299.0,214.0,302.0,False,HARD,5.0,True,Red Bull Racing,0 days 01:38:58.388000,2025-12-07 13:44:05.451,1,2.0,False,,False,True,88.371,88.371
28,0 days 01:41:54.762000,VER,1,0 days 00:01:28.003000,29.0,2.0,,,17.794,38.125,32.084,0 days 01:40:44.628000,0 days 01:41:22.753000,0 days 01:41:54.837000,284.0,298.0,214.0,303.0,True,HARD,6.0,True,Red Bull Racing,0 days 01:40:26.759000,2025-12-07 13:45:33.822,1,2.0,False,,False,True,88.003,88.003
29,0 days 01:43:22.811000,VER,1,0 days 00:01:28.049000,30.0,2.0,,,17.754,38.208,32.087,0 days 01:42:12.591000,0 days 01:42:50.799000,0 days 01:43:22.886000,286.0,296.0,214.0,302.0,False,HARD,7.0,True,Red Bull Racing,0 days 01:41:54.762000,2025-12-07 13:47:01.825,1,2.0,False,,False,True,88.049,88.049
30,0 days 01:44:50.655000,VER,1,0 days 00:01:27.844000,31.0,2.0,,,17.675,38.108,32.061,0 days 01:43:40.561000,0 days 01:44:18.669000,0 days 01:44:50.730000,287.0,299.0,215.0,302.0,True,HARD,8.0,True,Red Bull Racing,0 days 01:43:22.811000,2025-12-07 13:48:29.874,1,2.0,False,,False,True,87.844,87.844
31,0 days 01:46:18.456000,VER,1,0 days 00:01:27.801000,32.0,2.0,,,17.606,38.134,32.061,0 days 01:45:08.336000,0 days 01:45:46.470000,0 days 01:46:18.531000,284.0,297.0,214.0,303.0,True,HARD,9.0,True,Red Bull Racing,0 days 01:44:50.655000,2025-12-07 13:49:57.718,1,2.0,False,,False,True,87.801,87.801
32,0 days 01:47:46.365000,VER,1,0 days 00:01:27.909000,33.0,2.0,,,17.659,38.1,32.15,0 days 01:46:36.190000,0 days 01:47:14.290000,0 days 01:47:46.440000,285.0,299.0,214.0,303.0,False,HARD,10.0,True,Red Bull Racing,0 days 01:46:18.456000,2025-12-07 13:51:25.519,1,2.0,False,,False,True,87.909,87.90899999999999
33,0 days 01:49:14.289000,VER,1,0 days 00:01:27.924000,34.0,2.0,,,17.609,38.255,32.06,0 days 01:48:04.049000,0 days 01:48:42.304000,0 days 01:49:14.364000,,298.0,214.0,302.0,False,HARD,11.0,True,Red Bull Racing,0 days 01:47:46.365000,2025-12-07 13:52:53.428,1,2.0,False,,False,True,87.924,87.924
34,0 days 01:50:42.270000,VER,1,0 days 00:01:27.981000,35.0,2.0,,,17.602,38.119,32.26,0 days 01:49:31.966000,0 days 01:50:10.085000,0 days 01:50:42.345000,287.0,298.0,213.0,303.0,False,HARD,12.0,True,Red Bull Racing,0 days 01:49:14.289000,2025-12-07 13:54:21.352,1,2.0,False,,False,True,87.981,87.981
35,0 days 01:52:10.080000,VER,1,0 days 00:01:27.810000,36.0,2.0,,,17.632,38.041,32.137,0 days 01:50:59.977000,0 days 01:51:38.018000,0 days 01:52:10.155000,286.0,300.0,214.0,304.0,False,HARD,13.0,True,Red Bull Racing,0 days 01:50:42.270000,2025-12-07 13:55:49.333,1,2.0,False,,False,True,87.81,87.81
36,0 days 01:53:37.825000,VER,1,0 days 00:01:27.745000,37.0,2.0,,,17.557,38.156,32.032,0 days 01:52:27.712000,0 days 01:53:05.868000,0 days 01:53:37.900000,287.0,298.0,212.0,304.0,True,HARD,14.0,True,Red Bull Racing,0 days 01:52:10.080000,2025-12-07 13:57:17.143,1,2.0,False,,False,True,87.745,87.74499999999999
37,0 days 01:55:05.576000,VER,1,0 days 00:01:27.751000,38.0,2.0,,,17.575,38.148,32.028,0 days 01:53:55.475000,0 days 01:54:33.623000,0 days 01:55:05.651000,288.0,299.0,213.0,304.0,False,HARD,15.0,True,Red Bull Racing,0 days 01:53:37.825000,2025-12-07 13:58:44.888,1,2.0,False,,False,True,87.751,87.751
38,0 days 01:56:33.201000,VER,1,0 days 00:01:27.625000,39.0,2.0,,,17.51,38.035,32.08,0 days 01:55:23.161000,0 days 01:56:01.196000,0 days 01:56:33.276000,289.0,300.0,213.0,305.0,True,HARD,16.0,True,Red Bull Racing,0 days 01:55:05.576000,2025-12-07 14:00:12.639,1,2.0,False,,False,True,87.625,87.625
39,0 days 01:58:01.343000,VER,1,0 days 00:01:28.142000,40.0,2.0,,,17.583,38.257,32.302,0 days 01:56:50.859000,0 days 01:57:29.116000,0 days 01:58:01.418000,,299.0,213.0,308.0,False,HARD,17.0,True,Red Bull Racing,0 days 01:56:33.201000,2025-12-07 14:01:40.264,1,2.0,False,,False,True,88.142,88.142
40,0 days 01:59:29.316000,VER,1,0 days 00:01:27.973000,41.0,2.0,,,17.673,38.052,32.248,0 days 01:58:19.091000,0 days 01:58:57.143000,0 days 01:59:29.391000,295.0,297.0,213.0,335.0,False,HARD,18.0,True,Red Bull Racing,0 days 01:58:01.343000,2025-12-07 14:03:08.406,1,1.0,False,,False,True,87.973,87.97299999999998
41,0 days 02:00:57.536000,VER,1,0 days 00:01:28.220000,42.0,2.0,,,17.584,38.4,32.236,0 days 01:59:46.975000,0 days 02:00:25.375000,0 days 02:00:57.611000,284.0,295.0,215.0,303.0,False,HARD,19.0,True,Red Bull Racing,0 days 01:59:29.316000,2025-12-07 14:04:36.379,1,1.0,False,,False,True,88.22,88.22
42,0 days 02:02:25.471000,VER,1,0 days 00:01:27.935000,43.0,2.0,,,17.523,38.375,32.037,0 days 02:01:15.134000,0 days 02:01:53.509000,0 days 02:02:25.546000,288.0,298.0,215.0,303.0,False,HARD,20.0,True,Red Bull Racing,0 days 02:00:57.536000,2025-12-07 14:06:04.599,1,1.0,False,,False,True,87.935,87.935
43,0 days 02:03:53.364000,VER,1,0 days 00:01:27.893000,44.0,2.0,,,17.48,38.303,32.11,0 days 02:02:43.026000,0 days 02:03:21.329000,0 days 02:03:53.439000,289.0,296.0,215.0,305.0,False,HARD,21.0,True,Red Bull Racing,0 days 02:02:25.471000,2025-12-07 14:07:32.534,1,1.0,False,,False,True,87.893,87.893
44,0 days 02:05:21.116000,VER,1,0 days 00:01:27.752000,45.0,2.0,,,17.539,38.283,31.93,0 days 02:04:10.978000,0 days 02:04:49.261000,0 days 02:05:21.191000,286.0,297.0,214.0,306.0,False,HARD,22.0,True,Red Bull Racing,0 days 02:03:53.364000,2025-12-07 14:09:00.427,1,1.0,True,TRACK LIMITS AT TURN 1 LAP 45 ,False,True,87.752,87.75200000000001
45,0 days 02:06:49.077000,VER,1,0 days 00:01:27.961000,46.0,2.0,,,17.412,38.324,32.225,0 days 02:05:38.603000,0 days 02:06:16.927000,0 days 02:06:49.152000,291.0,297.0,212.0,305.0,False,HARD,23.0,True,Red Bull Racing,0 days 02:05:21.116000,2025-12-07 14:10:28.179,1,1.0,False,,False,True,87.961,87.961
46,0 days 02:08:16.948000,VER,1,0 days 00:01:27.871000,47.0,2.0,,,17.479,38.241,32.151,0 days 02:07:06.631000,0 days 02:07:44.872000,0 days 02:08:17.023000,290.0,298.0,215.0,306.0,False,HARD,24.0,True,Red Bull Racing,0 days 02:06:49.077000,2025-12-07 14:11:56.140,1,1.0,False,,False,True,87.871,87.87100000000001
47,0 days 02:09:44.766000,VER,1,0 days 00:01:27.818000,48.0,2.0,,,17.43,38.268,32.12,0 days 02:08:34.453000,0 days 02:09:12.721000,0 days 02:09:44.841000,289.0,297.0,214.0,306.0,False,HARD,25.0,True,Red Bull Racing,0 days 02:08:16.948000,2025-12-07 14:13:24.011,1,1.0,False,,False,True,87.818,87.818
48,0 days 02:11:12.516000,VER,1,0 days 00:01:27.750000,49.0,2.0,,,17.496,38.185,32.069,0 days 02:10:02.337000,0 days 02:10:40.522000,0 days 02:11:12.591000,,296.0,213.0,306.0,False,HARD,26.0,True,Red Bull Racing,0 days 02:09:44.766000,2025-12-07 14:14:51.829,1,1.0,False,,False,True,87.75,87.75
49,0 days 02:12:40.502000,VER,1,0 days 00:01:27.986000,50.0,2.0,,,17.462,38.3,32.224,0 days 02:11:30.053000,0 days 02:12:08.353000,0 days 02:12:40.577000,,298.0,213.0,308.0,False,HARD,27.0,True,Red Bull Racing,0 days 02:11:12.516000,2025-12-07 14:16:19.579,1,1.0,False,,False,True,87.986,87.98599999999999
50,0 days 02:14:08.485000,VER,1,0 days 00:01:27.983000,51.0,2.0,,,17.478,38.204,32.301,0 days 02:12:58.055000,0 days 02:13:36.259000,0 days 02:14:08.560000,288.0,298.0,214.0,306.0,False,HARD,28.0,True,Red Bull Racing,0 days 02:12:40.502000,2025-12-07 14:17:47.565,1,1.0,True,TRACK LIMITS AT TURN 1 LAP 51 ,False,True,87.983,87.983
51,0 days 02:15:36.940000,VER,1,0 days 00:01:28.455000,52.0,2.0,,,17.54,38.512,32.403,0 days 02:14:26.100000,0 days 02:15:04.612000,0 days 02:15:37.015000,290.0,298.0,213.0,307.0,False,HARD,29.0,True,Red Bull Racing,0 days 02:14:08.485000,2025-12-07 14:19:15.548,1,1.0,False,,False,True,88.455,88.455
52,0 days 02:17:05.335000,VER,1,0 days 00:01:28.395000,53.0,2.0,,,17.619,38.348,32.428,0 days 02:15:54.634000,0 days 02:16:32.982000,0 days 02:17:05.410000,291.0,301.0,213.0,307.0,False,HARD,30.0,True,Red Bull Racing,0 days 02:15:36.940000,2025-12-07 14:20:44.003,1,1.0,False,,False,True,88.395,88.395
53,0 days 02:18:33.510000,VER,1,0 days 00:01:28.175000,54.0,2.0,,,17.581,38.408,32.186,0 days 02:17:22.991000,0 days 02:18:01.399000,0 days 02:18:33.585000,292.0,300.0,213.0,307.0,False,HARD,31.0,True,Red Bull Racing,0 days 02:17:05.335000,2025-12-07 14:22:12.398,1,1.0,False,,False,True,88.175,88.17500000000001
54,0 days 02:20:02.327000,VER,1,0 days 00:01:28.817000,55.0,2.0,,,17.572,38.594,32.651,0 days 02:18:51.157000,0 days 02:19:29.751000,0 days 02:20:02.402000,287.0,298.0,212.0,306.0,False,HARD,32.0,True,Red Bull Racing,0 days 02:18:33.510000,2025-12-07 14:23:40.573,1,1.0,False,,False,True,88.817,88.81700000000001
55,0 days 02:21:30.948000,VER,1,0 days 00:01:28.621000,56.0,2.0,,,17.539,38.458,32.624,0 days 02:20:19.941000,0 days 02:20:58.399000,0 days 02:21:31.023000,292.0,298.0,212.0,305.0,False,HARD,33.0,True,Red Bull Racing,0 days 02:20:02.327000,2025-12-07 14:25:09.390,1,1.0,False,,False,True,88.621,88.62100000000001
56,0 days 02:22:59.730000,VER,1,0 days 00:01:28.782000,57.0,2.0,,,17.698,38.444,32.64,0 days 02:21:48.721000,0 days 02:22:27.165000,0 days 02:22:59.805000,291.0,301.0,212.0,310.0,False,HARD,34.0,True,Red Bull Racing,0 days 02:21:30.948000,2025-12-07 14:26:38.011,1,1.0,False,,False,True,88.782,88.78200000000001
57,0 days 02:24:28.203000,VER,1,0 days 00:01:28.473000,58.0,2.0,,,17.574,38.453,32.446,0 days 02:23:17.379000,0 days 02:23:55.832000,0 days 02:24:28.278000,,298.0,214.0,306.0,False,HARD,35.0,True,Red Bull Racing,0 days 02:22:59.730000,2025-12-07 14:28:06.793,1,1.0,False,,False,True,88.473,88.473
58,0 days 00:59:53.640000,PIA,81,0 days 00:01:32.906000,1.0,1.0,,,,38.376,32.983,,0 days 00:59:20.904000,0 days 00:59:53.640000,286.0,304.0,214.0,309.0,False,HARD,1.0,True,McLaren,0 days 00:58:20.522000,2025-12-07 13:03:27.585,1,2.0,False,,False,False,92.906,
59,0 days 01:01:23.454000,PIA,81,0 days 00:01:29.814000,2.0,1.0,,,18.301,38.534,32.979,0 days 01:00:11.941000,0 days 01:00:50.475000,0 days 01:01:23.454000,282.0,294.0,213.0,300.0,True,HARD,2.0,True,McLaren,0 days 00:59:53.640000,2025-12-07 13:05:00.703,1,2.0,False,,False,True,89.814,89.814
60,0 days 01:02:52.979000,PIA,81,0 days 00:01:29.525000,3.0,1.0,,,18.106,38.444,32.975,0 days 01:01:41.560000,0 days 01:02:20.004000,0 days 01:02:52.979000,283.0,296.0,212.0,301.0,True,HARD,3.0,True,McLaren,0 days 01:01:23.454000,2025-12-07 13:06:30.517,1,2.0,False,,False,True,89.525,89.525
61,0 days 01:04:22.905000,PIA,81,0 days 00:01:29.926000,4.0,1.0,,,18.288,38.523,33.115,0 days 01:03:11.267000,0 days 01:03:49.790000,0 days 01:04:22.905000,,293.0,211.0,301.0,False,HARD,4.0,True,McLaren,0 days 01:02:52.979000,2025-12-07 13:08:00.042,1,2.0,False,,False,True,89.926,89.92600000000002
62,0 days 01:05:52.663000,PIA,81,0 days 00:01:29.758000,5.0,1.0,,,18.242,38.434,33.082,0 days 01:04:41.147000,0 days 01:05:19.581000,0 days 01:05:52.663000,282.0,293.0,212.0,304.0,False,HARD,5.0,True,McLaren,0 days 01:04:22.905000,2025-12-07 13:09:29.968,1,2.0,False,,False,True,89.758,89.75800000000001
63,0 days 01:07:22.450000,PIA,81,0 days 00:01:29.787000,6.0,1.0,,,18.335,38.487,32.965,0 days 01:06:10.998000,0 days 01:06:49.485000,0 days 01:07:22.450000,283.0,296.0,210.0,305.0,False,HARD,6.0,True,McLaren,0 days 01:05:52.663000,2025-12-07 13:10:59.726,1,2.0,False,,False,True,89.787,89.787
64,0 days 01:08:52.018000,PIA,81,0 days 00:01:29.568000,7.0,1.0,,,18.125,38.443,33.0,0 days 01:07:40.575000,0 days 01:08:19.018000,0 days 01:08:52.018000,285.0,295.0,211.0,305.0,False,HARD,7.0,True,McLaren,0 days 01:07:22.450000,2025-12-07 13:12:29.513,1,2.0,False,,False,True,89.568,89.568
65,0 days 01:10:21.514000,PIA,81,0 days 00:01:29.496000,8.0,1.0,,,18.208,38.438,32.85,0 days 01:09:10.226000,0 days 01:09:48.664000,0 days 01:10:21.514000,283.0,296.0,211.0,305.0,True,HARD,8.0,True,McLaren,0 days 01:08:52.018000,2025-12-07 13:13:59.081,1,2.0,False,,False,True,89.496,89.49600000000001
66,0 days 01:11:51.085000,PIA,81,0 days 00:01:29.571000,9.0,1.0,,,18.052,38.576,32.943,0 days 01:10:39.566000,0 days 01:11:18.142000,0 days 01:11:51.085000,285.0,296.0,208.0,305.0,False,HARD,9.0,True,McLaren,0 days 01:10:21.514000,2025-12-07 13:15:28.577,1,2.0,False,,False,True,89.571,89.571
67,0 days 01:13:20.553000,PIA,81,0 days 00:01:29.468000,10.0,1.0,,,18.018,38.452,32.998,0 days 01:12:09.103000,0 days 01:12:47.555000,0 days 01:13:20.553000,287.0,294.0,210.0,305.0,True,HARD,10.0,True,McLaren,0 days 01:11:51.085000,2025-12-07 13:16:58.148,1,2.0,False,,False,True,89.468,89.46799999999999
68,0 days 01:14:50.019000,PIA,81,0 days 00:01:29.466000,11.0,1.0,,,18.011,38.507,32.948,0 days 01:13:38.564000,0 days 01:14:17.071000,0 days 01:14:50.019000,,294.0,209.0,304.0,True,HARD,11.0,True,McLaren,0 days 01:13:20.553000,2025-12-07 13:18:27.616,1,2.0,False,,False,True,89.466,89.46600000000001
69,0 days 01:16:19.511000,PIA,81,0 days 00:01:29.492000,12.0,1.0,,,18.021,38.427,33.044,0 days 01:15:08.040000,0 days 01:15:46.467000,0 days 01:16:19.511000,288.0,296.0,210.0,306.0,False,HARD,12.0,True,McLaren,0 days 01:14:50.019000,2025-12-07 13:19:57.082,1,2.0,False,,False,True,89.492,89.49199999999999
70,0 days 01:17:48.772000,PIA,81,0 days 00:01:29.261000,13.0,1.0,,,17.917,38.443,32.901,0 days 01:16:37.428000,0 days 01:17:15.871000,0 days 01:17:48.772000,,296.0,211.0,306.0,True,HARD,13.0,True,McLaren,0 days 01:16:19.511000,2025-12-07 13:21:26.574,1,2.0,False,,False,True,89.261,89.261
71,0 days 01:19:18.397000,PIA,81,0 days 00:01:29.625000,14.0,1.0,,,17.87,38.583,33.172,0 days 01:18:06.642000,0 days 01:18:45.225000,0 days 01:19:18.397000,290.0,297.0,209.0,305.0,False,HARD,14.0,True,McLaren,0 days 01:17:48.772000,2025-12-07 13:22:55.835,1,2.0,False,,False,True,89.625,89.625
72,0 days 01:20:47.933000,PIA,81,0 days 00:01:29.536000,15.0,1.0,,,17.848,38.7,32.988,0 days 01:19:36.245000,0 days 01:20:14.945000,0 days 01:20:47.933000,291.0,297.0,208.0,305.0,False,HARD,15.0,True,McLaren,0 days 01:19:18.397000,2025-12-07 13:24:25.460,1,2.0,False,,False,True,89.536,89.536
73,0 days 01:22:17.614000,PIA,81,0 days 00:01:29.681000,16.0,1.0,,,17.974,38.729,32.978,0 days 01:21:05.907000,0 days 01:21:44.636000,0 days 01:22:17.614000,290.0,295.0,210.0,304.0,False,HARD,16.0,True,McLaren,0 days 01:20:47.933000,2025-12-07 13:25:54.996,1,2.0,False,,False,True,89.681,89.68100000000001
74,0 days 01:23:47.149000,PIA,81,0 days 00:01:29.535000,17.0,1.0,,,17.917,38.628,32.99,0 days 01:22:35.531000,0 days 01:23:14.159000,0 days 01:23:47.149000,,296.0,210.0,305.0,False,HARD,17.0,True,McLaren,0 days 01:22:17.614000,2025-12-07 13:27:24.677,1,2.0,False,,False,True,89.535,89.535
75,0 days 01:25:16.706000,PIA,81,0 days 00:01:29.557000,18.0,1.0,,,17.908,38.607,33.042,0 days 01:24:05.057000,0 days 01:24:43.664000,0 days 01:25:16.706000,289.0,296.0,210.0,306.0,False,HARD,18.0,True,McLaren,0 days 01:23:47.149000,2025-12-07 13:28:54.212,1,2.0,False,,False,True,89.557,89.557
76,0 days 01:26:46.304000,PIA,81,0 days 00:01:29.598000,19.0,1.0,,,17.867,38.683,33.048,0 days 01:25:34.573000,0 days 01:26:13.256000,0 days 01:26:46.304000,,297.0,209.0,305.0,False,HARD,19.0,True,McLaren,0 days 01:25:16.706000,2025-12-07 13:30:23.769,1,2.0,False,,False,True,89.598,89.598
77,0 days 01:28:16.196000,PIA,81,0 days 00:01:29.892000,20.0,1.0,,,18.025,38.808,33.059,0 days 01:27:04.329000,0 days 01:27:43.137000,0 days 01:28:16.196000,,297.0,211.0,305.0,False,HARD,20.0,True,McLaren,0 days 01:26:46.304000,2025-12-07 13:31:53.367,1,2.0,False,,False,True,89.892,89.892
78,0 days 01:29:45.780000,PIA,81,0 days 00:01:29.584000,21.0,1.0,,,17.857,38.564,33.163,0 days 01:28:34.053000,0 days 01:29:12.617000,0 days 01:29:45.780000,290.0,296.0,209.0,304.0,False,HARD,21.0,True,McLaren,0 days 01:28:16.196000,2025-12-07 13:33:23.259,1,2.0,False,,False,True,89.584,89.584
79,0 days 01:31:15.283000,PIA,81,0 days 00:01:29.503000,22.0,1.0,,,17.891,38.669,32.943,0 days 01:30:03.671000,0 days 01:30:42.340000,0 days 01:31:15.283000,,298.0,210.0,304.0,False,HARD,22.0,True,McLaren,0 days 01:29:45.780000,2025-12-07 13:34:52.843,1,2.0,False,,False,True,89.503,89.50299999999999
80,0 days 01:32:44.798000,PIA,81,0 days 00:01:29.515000,23.0,1.0,,,17.844,38.63,33.041,0 days 01:31:33.127000,0 days 01:32:11.757000,0 days 01:32:44.798000,291.0,295.0,211.0,303.0,False,HARD,23.0,True,McLaren,0 days 01:31:15.283000,2025-12-07 13:36:22.346,1,2.0,False,,False,True,89.515,89.515
81,0 days 01:34:14.233000,PIA,81,0 days 00:01:29.435000,24.0,1.0,,,17.841,38.71,32.884,0 days 01:33:02.639000,0 days 01:33:41.349000,0 days 01:34:14.233000,288.0,295.0,211.0,301.0,False,HARD,24.0,True,McLaren,0 days 01:32:44.798000,2025-12-07 13:37:51.861,1,1.0,False,,False,True,89.435,89.435
82,0 days 01:35:43.494000,PIA,81,0 days 00:01:29.261000,25.0,1.0,,,17.849,38.617,32.795,0 days 01:34:32.082000,0 days 01:35:10.699000,0 days 01:35:43.494000,290.0,295.0,211.0,302.0,False,HARD,25.0,True,McLaren,0 days 01:34:14.233000,2025-12-07 13:39:21.296,1,1.0,False,,False,True,89.261,89.261
83,0 days 01:37:12.986000,PIA,81,0 days 00:01:29.492000,26.0,1.0,,,17.871,38.773,32.848,0 days 01:36:01.365000,0 days 01:36:40.138000,0 days 01:37:12.986000,,294.0,211.0,301.0,False,HARD,26.0,True,McLaren,0 days 01:35:43.494000,2025-12-07 13:40:50.557,1,1.0,False,,False,True,89.492,89.492
84,0 days 01:38:42.285000,PIA,81,0 days 00:01:29.299000,27.0,1.0,,,17.829,38.604,32.866,0 days 01:37:30.815000,0 days 01:38:09.419000,0 days 01:38:42.285000,288.0,292.0,210.0,301.0,False,HARD,27.0,True,McLaren,0 days 01:37:12.986000,2025-12-07 13:42:20.049,1,1.0,False,,False,True,89.299,89.299
85,0 days 01:40:11.289000,PIA,81,0 days 00:01:29.004000,28.0,1.0,,,17.814,38.581,32.609,0 days 01:39:00.099000,0 days 01:39:38.680000,0 days 01:40:11.289000,290.0,294.0,211.0,302.0,True,HARD,28.0,True,McLaren,0 days 01:38:42.285000,2025-12-07 13:43:49.348,1,1.0,False,,False,True,89.004,89.004
86,0 days 01:41:40.216000,PIA,81,0 days 00:01:28.927000,29.0,1.0,,,17.763,38.444,32.72,0 days 01:40:29.052000,0 days 01:41:07.496000,0 days 01:41:40.216000,289.0,295.0,210.0,303.0,True,HARD,29.0,True,McLaren,0 days 01:40:11.289000,2025-12-07 13:45:18.352,1,1.0,False,,False,True,88.927,88.927
87,0 days 01:43:09.335000,PIA,81,0 days 00:01:29.119000,30.0,1.0,,,17.841,38.585,32.693,0 days 01:41:58.057000,0 days 01:42:36.642000,0 days 01:43:09.335000,290.0,297.0,211.0,305.0,False,HARD,30.0,True,McLaren,0 days 01:41:40.216000,2025-12-07 13:46:47.279,1,1.0,True,TRACK LIMITS AT TURN 1 LAP 30 ,False,True,89.119,89.119
88,0 days 01:44:38.318000,PIA,81,0 days 00:01:28.983000,31.0,1.0,,,17.809,38.5,32.674,0 days 01:43:27.144000,0 days 01:44:05.644000,0 days 01:44:38.318000,291.0,296.0,212.0,302.0,False,HARD,31.0,True,McLaren,0 days 01:43:09.335000,2025-12-07 13:48:16.398,1,1.0,False,,False,True,88.983,88.983
89,0 days 01:46:07.319000,PIA,81,0 days 00:01:29.001000,32.0,1.0,,,17.747,38.511,32.743,0 days 01:44:56.065000,0 days 01:45:34.576000,0 days 01:46:07.319000,290.0,294.0,213.0,301.0,False,HARD,32.0,True,McLaren,0 days 01:44:38.318000,2025-12-07 13:49:45.381,1,1.0,False,,False,True,89.001,89.001
90,0 days 01:47:36.321000,PIA,81,0 days 00:01:29.002000,33.0,1.0,,,17.662,38.664,32.676,0 days 01:46:24.981000,0 days 01:47:03.645000,0 days 01:47:36.321000,,296.0,213.0,302.0,False,HARD,33.0,True,McLaren,0 days 01:46:07.319000,2025-12-07 13:51:14.382,1,1.0,False,,False,True,89.002,89.00200000000001
91,0 days 01:49:05.634000,PIA,81,0 days 00:01:29.313000,34.0,1.0,,,17.743,38.75,32.82,0 days 01:47:54.064000,0 days 01:48:32.814000,0 days 01:49:05.634000,291.0,296.0,212.0,301.0,False,HARD,34.0,True,McLaren,0 days 01:47:36.321000,2025-12-07 13:52:43.384,1,1.0,False,,False,True,89.313,89.31299999999999
92,0 days 01:50:34.811000,PIA,81,0 days 00:01:29.177000,35.0,1.0,,,17.757,38.74,32.68,0 days 01:49:23.391000,0 days 01:50:02.131000,0 days 01:50:34.811000,290.0,295.0,213.0,302.0,False,HARD,35.0,True,McLaren,0 days 01:49:05.634000,2025-12-07 13:54:12.697,1,1.0,False,,False,True,89.177,89.17699999999999
93,0 days 01:52:03.820000,PIA,81,0 days 00:01:29.009000,36.0,1.0,,,17.703,38.667,32.639,0 days 01:50:52.514000,0 days 01:51:31.181000,0 days 01:52:03.820000,,296.0,212.0,305.0,False,HARD,36.0,True,McLaren,0 days 01:50:34.811000,2025-12-07 13:55:41.874,1,1.0,False,,False,True,89.009,89.00900000000001
94,0 days 01:53:32.946000,PIA,81,0 days 00:01:29.126000,37.0,1.0,,,17.732,38.71,32.684,0 days 01:52:21.552000,0 days 01:53:00.262000,0 days 01:53:32.946000,,294.0,213.0,304.0,False,HARD,37.0,True,McLaren,0 days 01:52:03.820000,2025-12-07 13:57:10.883,1,1.0,False,,False,True,89.126,89.126
95,0 days 01:55:02.052000,PIA,81,0 days 00:01:29.106000,38.0,1.0,,,17.759,38.708,32.639,0 days 01:53:50.705000,0 days 01:54:29.413000,0 days 01:55:02.052000,291.0,294.0,212.0,302.0,False,HARD,38.0,True,McLaren,0 days 01:53:32.946000,2025-12-07 13:58:40.009,1,1.0,False,,False,True,89.106,89.106
96,0 days 01:56:31.312000,PIA,81,0 days 00:01:29.260000,39.0,1.0,,,17.688,38.68,32.892,0 days 01:55:19.740000,0 days 01:55:58.420000,0 days 01:56:31.312000,,294.0,209.0,302.0,False,HARD,39.0,True,McLaren,0 days 01:55:02.052000,2025-12-07 14:00:09.115,1,1.0,False,,False,True,89.26,89.25999999999999
97,0 days 01:58:00.700000,PIA,81,0 days 00:01:29.388000,40.0,1.0,,,17.796,38.701,32.891,0 days 01:56:49.108000,0 days 01:57:27.809000,0 days 01:58:00.700000,292.0,298.0,215.0,303.0,False,HARD,40.0,True,McLaren,0 days 01:56:31.312000,2025-12-07 14:01:38.375,1,1.0,False,,False,True,89.388,89.388
98,0 days 01:59:33.423000,PIA,81,0 days 00:01:32.723000,41.0,1.0,,0 days 01:59:32.422000,17.759,38.944,36.02,0 days 01:58:18.459000,0 days 01:58:57.403000,0 days 01:59:33.423000,291.0,312.0,,310.0,False,HARD,41.0,True,McLaren,0 days 01:58:00.700000,2025-12-07 14:03:07.763,1,2.0,False,,False,False,92.723,92.72300000000001
99,0 days 02:01:21.790000,PIA,81,0 days 00:01:48.367000,42.0,2.0,0 days 01:59:54.028000,,38.028,38.313,32.026,0 days 02:00:11.451000,0 days 02:00:49.764000,0 days 02:01:21.790000,287.0,293.0,218.0,299.0,False,MEDIUM,1.0,True,McLaren,0 days 01:59:33.423000,2025-12-07 14:04:40.486,1,2.0,False,,False,False,108.367,108.36700000000002
100,0 days 02:02:49.159000,PIA,81,0 days 00:01:27.369000,43.0,2.0,,,17.712,38.069,31.588,0 days 02:01:39.502000,0 days 02:02:17.571000,0 days 02:02:49.159000,288.0,292.0,217.0,299.0,True,MEDIUM,2.0,True,McLaren,0 days 02:01:21.790000,2025-12-07 14:06:28.853,1,2.0,False,,False,True,87.369,87.369
101,0 days 02:04:15.924000,PIA,81,0 days 00:01:26.765000,44.0,2.0,,,17.512,37.82,31.433,0 days 02:03:06.671000,0 days 02:03:44.491000,0 days 02:04:15.924000,291.0,295.0,216.0,303.0,True,MEDIUM,3.0,True,McLaren,0 days 02:02:49.159000,2025-12-07 14:07:56.222,1,2.0,False,,False,True,86.765,86.765
102,0 days 02:05:43.316000,PIA,81,0 days 00:01:27.392000,45.0,2.0,,,17.442,38.1,31.85,0 days 02:04:33.366000,0 days 02:05:11.466000,0 days 02:05:43.316000,,290.0,216.0,301.0,False,MEDIUM,4.0,True,McLaren,0 days 02:04:15.924000,2025-12-07 14:09:22.987,1,2.0,False,,False,True,87.392,87.392
103,0 days 02:07:10.281000,PIA,81,0 days 00:01:26.965000,46.0,2.0,,,17.455,38.01,31.5,0 days 02:06:00.771000,0 days 02:06:38.781000,0 days 02:07:10.281000,,292.0,216.0,302.0,False,MEDIUM,5.0,True,McLaren,0 days 02:05:43.316000,2025-12-07 14:10:50.379,1,2.0,False,,False,True,86.965,86.965
104,0 days 02:08:37.275000,PIA,81,0 days 00:01:26.994000,47.0,2.0,,,17.373,38.021,31.6,0 days 02:07:27.654000,0 days 02:08:05.675000,0 days 02:08:37.275000,,292.0,215.0,302.0,False,MEDIUM,6.0,True,McLaren,0 days 02:07:10.281000,2025-12-07 14:12:17.344,1,2.0,False,,False,True,86.994,86.994
105,0 days 02:10:04.297000,PIA,81,0 days 00:01:27.022000,48.0,2.0,,,17.399,37.94,31.683,0 days 02:08:54.674000,0 days 02:09:32.614000,0 days 02:10:04.297000,293.0,295.0,216.0,304.0,False,MEDIUM,7.0,True,McLaren,0 days 02:08:37.275000,2025-12-07 14:13:44.338,1,2.0,False,,False,True,87.022,87.02199999999999
106,0 days 02:11:31.409000,PIA,81,0 days 00:01:27.112000,49.0,2.0,,,17.286,38.044,31.782,0 days 02:10:21.583000,0 days 02:10:59.627000,0 days 02:11:31.409000,294.0,295.0,216.0,305.0,False,MEDIUM,8.0,True,McLaren,0 days 02:10:04.297000,2025-12-07 14:15:11.360,1,2.0,False,,False,True,87.112,87.112
107,0 days 02:12:58.448000,PIA,81,0 days 00:01:27.039000,50.0,2.0,,,17.325,38.053,31.661,0 days 02:11:48.734000,0 days 02:12:26.787000,0 days 02:12:58.448000,293.0,296.0,214.0,304.0,False,MEDIUM,9.0,True,McLaren,0 days 02:11:31.409000,2025-12-07 14:16:38.472,1,2.0,False,,False,True,87.039,87.039
108,0 days 02:14:25.760000,PIA,81,0 days 00:01:27.312000,51.0,2.0,,,17.37,38.196,31.746,0 days 02:13:15.818000,0 days 02:13:54.014000,0 days 02:14:25.760000,,294.0,216.0,304.0,False,MEDIUM,10.0,True,McLaren,0 days 02:12:58.448000,2025-12-07 14:18:05.511,1,2.0,False,,False,True,87.312,87.312
109,0 days 02:15:53.258000,PIA,81,0 days 00:01:27.498000,52.0,2.0,,,17.383,38.202,31.913,0 days 02:14:43.143000,0 days 02:15:21.345000,0 days 02:15:53.258000,294.0,293.0,215.0,302.0,False,MEDIUM,11.0,True,McLaren,0 days 02:14:25.760000,2025-12-07 14:19:32.823,1,2.0,False,,False,True,87.498,87.49799999999999
110,0 days 02:17:20.785000,PIA,81,0 days 00:01:27.527000,53.0,2.0,,,17.472,38.14,31.915,0 days 02:16:10.730000,0 days 02:16:48.870000,0 days 02:17:20.785000,293.0,296.0,213.0,304.0,False,MEDIUM,12.0,True,McLaren,0 days 02:15:53.258000,2025-12-07 14:21:00.321,1,2.0,False,,False,True,87.527,87.527
111,0 days 02:18:48.529000,PIA,81,0 days 00:01:27.744000,54.0,2.0,,,17.532,38.127,32.085,0 days 02:17:38.317000,0 days 02:18:16.444000,0 days 02:18:48.529000,,297.0,215.0,305.0,False,MEDIUM,13.0,True,McLaren,0 days 02:17:20.785000,2025-12-07 14:22:27.848,1,2.0,False,,False,True,87.744,87.744
112,0 days 02:20:16.319000,PIA,81,0 days 00:01:27.790000,55.0,2.0,,,17.483,38.25,32.057,0 days 02:19:06.012000,0 days 02:19:44.262000,0 days 02:20:16.319000,292.0,293.0,212.0,302.0,False,MEDIUM,14.0,True,McLaren,0 days 02:18:48.529000,2025-12-07 14:23:55.592,1,2.0,False,,False,True,87.79,87.79
113,0 days 02:21:44.317000,PIA,81,0 days 00:01:27.998000,56.0,2.0,,,17.45,38.254,32.294,0 days 02:20:33.769000,0 days 02:21:12.023000,0 days 02:21:44.317000,295.0,295.0,212.0,307.0,False,MEDIUM,15.0,True,McLaren,0 days 02:20:16.319000,2025-12-07 14:25:23.382,1,2.0,False,,False,True,87.998,87.99799999999999
114,0 days 02:23:12.723000,PIA,81,0 days 00:01:28.406000,57.0,2.0,,,17.596,38.278,32.532,0 days 02:22:01.913000,0 days 02:22:40.191000,0 days 02:23:12.723000,292.0,301.0,213.0,311.0,False,MEDIUM,16.0,True,McLaren,0 days 02:21:44.317000,2025-12-07 14:26:51.380,1,2.0,False,,False,True,88.406,88.40599999999999
115,0 days 02:24:40.797000,PIA,81,0 days 00:01:28.074000,58.0,2.0,,,17.645,38.275,32.154,0 days 02:23:30.368000,0 days 02:24:08.643000,0 days 02:24:40.797000,294.0,303.0,213.0,315.0,False,MEDIUM,17.0,True,McLaren,0 days 02:23:12.723000,2025-12-07 14:28:19.786,1,2.0,False,,False,True,88.074,88.07400000000001
116,0 days 00:59:54.686000,NOR,4,0 days 00:01:33.952000,1.0,1.0,,,,38.68,34.027,,0 days 00:59:20.896000,0 days 00:59:54.978000,286.0,295.0,214.0,305.0,False,MEDIUM,1.0,True,McLaren,0 days 00:58:20.522000,2025-12-07 13:03:27.585,1,3.0,False,,False,False,93.952,
117,0 days 01:01:24.579000,NOR,4,0 days 00:01:29.893000,2.0,1.0,,,18.3,38.239,33.354,0 days 01:00:13.052000,0 days 01:00:51.291000,0 days 01:01:24.645000,282.0,288.0,214.0,310.0,True,MEDIUM,2.0,True,McLaren,0 days 00:59:54.686000,2025-12-07 13:05:01.749,1,3.0,False,,False,True,89.893,89.893
118,0 days 01:02:54.439000,NOR,4,0 days 00:01:29.860000,3.0,1.0,,,18.056,38.536,33.268,0 days 01:01:42.701000,0 days 01:02:21.237000,0 days 01:02:54.505000,285.0,292.0,214.0,300.0,True,MEDIUM,3.0,True,McLaren,0 days 01:01:24.579000,2025-12-07 13:06:31.642,1,3.0,False,,False,True,89.86,89.86
119,0 days 01:04:24.280000,NOR,4,0 days 00:01:29.841000,4.0,1.0,,,18.031,38.55,33.26,0 days 01:03:12.536000,0 days 01:03:51.086000,0 days 01:04:24.346000,283.0,304.0,212.0,295.0,True,MEDIUM,4.0,True,McLaren,0 days 01:02:54.439000,2025-12-07 13:08:01.502,1,3.0,False,,False,True,89.841,89.841
120,0 days 01:05:54.098000,NOR,4,0 days 00:01:29.818000,5.0,1.0,,,17.917,38.762,33.139,0 days 01:04:42.263000,0 days 01:05:21.025000,0 days 01:05:54.164000,287.0,291.0,211.0,292.0,True,MEDIUM,5.0,True,McLaren,0 days 01:04:24.280000,2025-12-07 13:09:31.343,1,3.0,False,,False,True,89.818,89.81800000000001
121,0 days 01:07:23.918000,NOR,4,0 days 00:01:29.820000,6.0,1.0,,,18.113,38.582,33.125,0 days 01:06:12.277000,0 days 01:06:50.859000,0 days 01:07:23.984000,285.0,290.0,213.0,299.0,False,MEDIUM,6.0,True,McLaren,0 days 01:05:54.098000,2025-12-07 13:11:01.161,1,3.0,False,,False,True,89.82,89.82
122,0 days 01:08:53.735000,NOR,4,0 days 00:01:29.817000,7.0,1.0,,,18.053,38.655,33.109,0 days 01:07:42.037000,0 days 01:08:20.692000,0 days 01:08:53.801000,284.0,291.0,211.0,297.0,True,MEDIUM,7.0,True,McLaren,0 days 01:07:23.918000,2025-12-07 13:12:30.981,1,3.0,False,,False,True,89.817,89.81700000000001
123,0 days 01:10:23.245000,NOR,4,0 days 00:01:29.510000,8.0,1.0,,,17.997,38.429,33.084,0 days 01:09:11.798000,0 days 01:09:50.227000,0 days 01:10:23.311000,285.0,297.0,212.0,304.0,True,MEDIUM,8.0,True,McLaren,0 days 01:08:53.735000,2025-12-07 13:14:00.798,1,3.0,False,,False,True,89.51,89.51
124,0 days 01:11:52.772000,NOR,4,0 days 00:01:29.527000,9.0,1.0,,,17.897,38.657,32.973,0 days 01:10:41.208000,0 days 01:11:19.865000,0 days 01:11:52.838000,286.0,294.0,211.0,300.0,False,MEDIUM,9.0,True,McLaren,0 days 01:10:23.245000,2025-12-07 13:15:30.308,1,3.0,False,,False,True,89.527,89.52699999999999
125,0 days 01:13:22.407000,NOR,4,0 days 00:01:29.635000,10.0,1.0,,,17.958,38.627,33.05,0 days 01:12:10.796000,0 days 01:12:49.423000,0 days 01:13:22.473000,287.0,294.0,209.0,301.0,False,MEDIUM,10.0,True,McLaren,0 days 01:11:52.772000,2025-12-07 13:16:59.835,1,3.0,False,,False,True,89.635,89.63499999999999
126,0 days 01:14:52.228000,NOR,4,0 days 00:01:29.821000,11.0,1.0,,,17.95,38.68,33.191,0 days 01:13:40.423000,0 days 01:14:19.103000,0 days 01:14:52.294000,288.0,295.0,209.0,299.0,False,MEDIUM,11.0,True,McLaren,0 days 01:13:22.407000,2025-12-07 13:18:29.470,1,3.0,False,,False,True,89.821,89.821
127,0 days 01:16:21.910000,NOR,4,0 days 00:01:29.682000,12.0,1.0,,,17.967,38.585,33.13,0 days 01:15:10.261000,0 days 01:15:48.846000,0 days 01:16:21.976000,,294.0,211.0,301.0,False,MEDIUM,12.0,True,McLaren,0 days 01:14:52.228000,2025-12-07 13:19:59.291,1,3.0,False,,False,True,89.682,89.682
128,0 days 01:17:51.655000,NOR,4,0 days 00:01:29.745000,13.0,1.0,,,18.011,38.648,33.086,0 days 01:16:39.987000,0 days 01:17:18.635000,0 days 01:17:51.721000,287.0,293.0,211.0,302.0,False,MEDIUM,13.0,True,McLaren,0 days 01:16:21.910000,2025-12-07 13:21:28.973,1,3.0,False,,False,True,89.745,89.745
129,0 days 01:19:21.716000,NOR,4,0 days 00:01:30.061000,14.0,1.0,,,18.08,38.822,33.159,0 days 01:18:09.801000,0 days 01:18:48.623000,0 days 01:19:21.782000,285.0,295.0,210.0,300.0,False,MEDIUM,14.0,True,McLaren,0 days 01:17:51.655000,2025-12-07 13:22:58.718,1,3.0,False,,False,True,90.061,90.061
130,0 days 01:20:51.306000,NOR,4,0 days 00:01:29.590000,15.0,1.0,,,17.972,38.655,32.963,0 days 01:19:39.754000,0 days 01:20:18.409000,0 days 01:20:51.372000,288.0,295.0,209.0,302.0,False,MEDIUM,15.0,True,McLaren,0 days 01:19:21.716000,2025-12-07 13:24:28.779,1,3.0,False,,False,True,89.59,89.59
131,0 days 01:22:23.028000,NOR,4,0 days 00:01:31.722000,16.0,1.0,,0 days 01:22:22.132000,17.984,38.821,34.917,0 days 01:21:09.356000,0 days 01:21:48.177000,0 days 01:22:23.094000,,293.0,,301.0,False,MEDIUM,16.0,True,McLaren,0 days 01:20:51.306000,2025-12-07 13:25:58.369,1,3.0,False,,False,False,91.722,91.72200000000001
132,0 days 01:24:13.347000,NOR,4,0 days 00:01:50.319000,17.0,2.0,0 days 01:22:43.334000,,37.858,38.405,34.056,0 days 01:23:00.952000,0 days 01:23:39.357000,0 days 01:24:13.413000,289.0,296.0,214.0,313.0,False,HARD,1.0,True,McLaren,0 days 01:22:23.028000,2025-12-07 13:27:30.091,1,9.0,False,,False,False,110.319,110.319
133,0 days 01:25:43.305000,NOR,4,0 days 00:01:29.958000,18.0,2.0,,,18.213,38.198,33.547,0 days 01:24:31.626000,0 days 01:25:09.824000,0 days 01:25:43.371000,294.0,312.0,213.0,306.0,False,HARD,2.0,True,McLaren,0 days 01:24:13.347000,2025-12-07 13:29:20.410,1,7.0,False,,False,True,89.958,89.958
134,0 days 01:27:12.986000,NOR,4,0 days 00:01:29.681000,19.0,2.0,,,18.059,38.307,33.315,0 days 01:26:01.430000,0 days 01:26:39.737000,0 days 01:27:13.052000,292.0,303.0,215.0,324.0,False,HARD,3.0,True,McLaren,0 days 01:25:43.305000,2025-12-07 13:30:50.368,1,5.0,False,,False,True,89.681,89.681
135,0 days 01:28:42.514000,NOR,4,0 days 00:01:29.528000,20.0,2.0,,,17.976,38.651,32.901,0 days 01:27:31.028000,0 days 01:28:09.679000,0 days 01:28:42.580000,286.0,290.0,213.0,292.0,False,HARD,4.0,True,McLaren,0 days 01:27:12.986000,2025-12-07 13:32:20.049,1,4.0,False,,False,True,89.528,89.528
136,0 days 01:30:11.647000,NOR,4,0 days 00:01:29.133000,21.0,2.0,,,17.918,38.459,32.756,0 days 01:29:00.498000,0 days 01:29:38.957000,0 days 01:30:11.713000,287.0,291.0,215.0,298.0,True,HARD,5.0,True,McLaren,0 days 01:28:42.514000,2025-12-07 13:33:49.577,1,4.0,False,,False,True,89.133,89.13300000000001
137,0 days 01:31:40.630000,NOR,4,0 days 00:01:28.983000,22.0,2.0,,,17.928,38.27,32.785,0 days 01:30:29.641000,0 days 01:31:07.911000,0 days 01:31:40.696000,286.0,295.0,213.0,300.0,True,HARD,6.0,True,McLaren,0 days 01:30:11.647000,2025-12-07 13:35:18.710,1,4.0,False,,False,True,88.983,88.983
138,0 days 01:33:09.458000,NOR,4,0 days 00:01:28.828000,23.0,2.0,,,17.697,38.246,32.885,0 days 01:31:58.393000,0 days 01:32:36.639000,0 days 01:33:09.524000,292.0,280.0,215.0,321.0,True,HARD,7.0,True,McLaren,0 days 01:31:40.630000,2025-12-07 13:36:47.693,1,3.0,False,,False,True,88.828,88.828
139,0 days 01:34:38.333000,NOR,4,0 days 00:01:28.875000,24.0,2.0,,,17.845,38.431,32.599,0 days 01:33:27.369000,0 days 01:34:05.800000,0 days 01:34:38.399000,287.0,291.0,213.0,297.0,False,HARD,8.0,True,McLaren,0 days 01:33:09.458000,2025-12-07 13:38:16.521,1,3.0,False,,False,True,88.875,88.875
140,0 days 01:36:06.688000,NOR,4,0 days 00:01:28.355000,25.0,2.0,,,17.785,38.051,32.519,0 days 01:34:56.184000,0 days 01:35:34.235000,0 days 01:36:06.754000,289.0,295.0,215.0,302.0,True,HARD,9.0,True,McLaren,0 days 01:34:38.333000,2025-12-07 13:39:45.396,1,3.0,False,,False,True,88.355,88.35499999999999
141,0 days 01:37:35.174000,NOR,4,0 days 00:01:28.486000,26.0,2.0,,,17.909,38.157,32.42,0 days 01:36:24.663000,0 days 01:37:02.820000,0 days 01:37:35.240000,288.0,296.0,214.0,300.0,False,HARD,10.0,True,McLaren,0 days 01:36:06.688000,2025-12-07 13:41:13.751,1,3.0,False,,False,True,88.486,88.48599999999999
142,0 days 01:39:03.172000,NOR,4,0 days 00:01:27.998000,27.0,2.0,,,17.705,38.104,32.189,0 days 01:37:52.945000,0 days 01:38:31.049000,0 days 01:39:03.238000,,295.0,215.0,303.0,True,HARD,11.0,True,McLaren,0 days 01:37:35.174000,2025-12-07 13:42:42.237,1,3.0,False,,False,True,87.998,87.99799999999999
143,0 days 01:40:31.374000,NOR,4,0 days 00:01:28.202000,28.0,2.0,,,17.723,38.085,32.394,0 days 01:39:20.961000,0 days 01:39:59.046000,0 days 01:40:31.440000,,295.0,213.0,301.0,False,HARD,12.0,True,McLaren,0 days 01:39:03.172000,2025-12-07 13:44:10.235,1,3.0,False,,False,True,88.202,88.202
144,0 days 01:41:59.506000,NOR,4,0 days 00:01:28.132000,29.0,2.0,,,17.759,38.098,32.275,0 days 01:40:49.199000,0 days 01:41:27.297000,0 days 01:41:59.572000,,297.0,212.0,302.0,False,HARD,13.0,True,McLaren,0 days 01:40:31.374000,2025-12-07 13:45:38.437,1,3.0,False,,False,True,88.132,88.132
145,0 days 01:43:27.572000,NOR,4,0 days 00:01:28.066000,30.0,2.0,,,17.696,38.196,32.174,0 days 01:42:17.268000,0 days 01:42:55.464000,0 days 01:43:27.638000,290.0,297.0,215.0,304.0,False,HARD,14.0,True,McLaren,0 days 01:41:59.506000,2025-12-07 13:47:06.569,1,3.0,False,,False,True,88.066,88.066
146,0 days 01:44:55.725000,NOR,4,0 days 00:01:28.153000,31.0,2.0,,,17.643,38.096,32.414,0 days 01:43:45.281000,0 days 01:44:23.377000,0 days 01:44:55.791000,,298.0,213.0,303.0,False,HARD,15.0,True,McLaren,0 days 01:43:27.572000,2025-12-07 13:48:34.635,1,3.0,False,,False,True,88.153,88.15299999999999
147,0 days 01:46:24.099000,NOR,4,0 days 00:01:28.374000,32.0,2.0,,,17.755,38.212,32.407,0 days 01:45:13.546000,0 days 01:45:51.758000,0 days 01:46:24.165000,289.0,297.0,215.0,305.0,False,HARD,16.0,True,McLaren,0 days 01:44:55.725000,2025-12-07 13:50:02.788,1,3.0,False,,False,True,88.374,88.374
148,0 days 01:47:52.180000,NOR,4,0 days 00:01:28.081000,33.0,2.0,,,17.716,38.041,32.324,0 days 01:46:41.881000,0 days 01:47:19.922000,0 days 01:47:52.246000,288.0,299.0,213.0,304.0,False,HARD,17.0,True,McLaren,0 days 01:46:24.099000,2025-12-07 13:51:31.162,1,3.0,False,,False,True,88.081,88.08099999999999
149,0 days 01:49:20.288000,NOR,4,0 days 00:01:28.108000,34.0,2.0,,,17.655,38.149,32.304,0 days 01:48:09.901000,0 days 01:48:48.050000,0 days 01:49:20.354000,290.0,297.0,214.0,303.0,False,HARD,18.0,True,McLaren,0 days 01:47:52.180000,2025-12-07 13:52:59.243,1,3.0,False,,False,True,88.108,88.108
150,0 days 01:50:48.259000,NOR,4,0 days 00:01:27.971000,35.0,2.0,,,17.634,38.07,32.267,0 days 01:49:37.988000,0 days 01:50:16.058000,0 days 01:50:48.325000,291.0,297.0,214.0,304.0,True,HARD,19.0,True,McLaren,0 days 01:49:20.288000,2025-12-07 13:54:27.351,1,3.0,False,,False,True,87.971,87.971
151,0 days 01:52:16.100000,NOR,4,0 days 00:01:27.841000,36.0,2.0,,,17.584,38.041,32.216,0 days 01:51:05.909000,0 days 01:51:43.950000,0 days 01:52:16.166000,,299.0,214.0,306.0,True,HARD,20.0,True,McLaren,0 days 01:50:48.259000,2025-12-07 13:55:55.322,1,3.0,False,,False,True,87.841,87.84100000000001
152,0 days 01:53:43.914000,NOR,4,0 days 00:01:27.814000,37.0,2.0,,,17.538,38.058,32.218,0 days 01:52:33.704000,0 days 01:53:11.762000,0 days 01:53:43.980000,292.0,297.0,214.0,306.0,True,HARD,21.0,True,McLaren,0 days 01:52:16.100000,2025-12-07 13:57:23.163,1,3.0,False,,False,True,87.814,87.81400000000001
153,0 days 01:55:11.912000,NOR,4,0 days 00:01:27.998000,38.0,2.0,,,17.626,38.138,32.234,0 days 01:54:01.606000,0 days 01:54:39.744000,0 days 01:55:11.978000,291.0,297.0,214.0,304.0,False,HARD,22.0,True,McLaren,0 days 01:53:43.914000,2025-12-07 13:58:50.977,1,3.0,False,,False,True,87.998,87.99799999999999
154,0 days 01:56:39.980000,NOR,4,0 days 00:01:28.068000,39.0,2.0,,,17.574,38.208,32.286,0 days 01:55:29.552000,0 days 01:56:07.760000,0 days 01:56:40.046000,292.0,299.0,214.0,305.0,False,HARD,23.0,True,McLaren,0 days 01:55:11.912000,2025-12-07 14:00:18.975,1,3.0,False,,False,True,88.068,88.068
155,0 days 01:58:10.049000,NOR,4,0 days 00:01:30.069000,40.0,2.0,,0 days 01:58:09.085000,17.505,38.172,34.392,0 days 01:56:57.551000,0 days 01:57:35.723000,0 days 01:58:10.115000,293.0,299.0,,308.0,False,HARD,24.0,True,McLaren,0 days 01:56:39.980000,2025-12-07 14:01:47.043,1,3.0,False,,False,False,90.069,90.06899999999999
156,0 days 01:59:58.315000,NOR,4,0 days 00:01:48.266000,41.0,3.0,0 days 01:58:30.524000,,37.84,38.281,32.145,0 days 01:58:47.955000,0 days 01:59:26.236000,0 days 01:59:58.381000,286.0,295.0,218.0,298.0,False,HARD,1.0,True,McLaren,0 days 01:58:10.049000,2025-12-07 14:03:17.112,1,3.0,False,,False,False,108.266,108.26600000000002
157,0 days 02:01:26.506000,NOR,4,0 days 00:01:28.191000,42.0,3.0,,,17.929,38.129,32.133,0 days 02:00:16.310000,0 days 02:00:54.439000,0 days 02:01:26.572000,,294.0,218.0,300.0,False,HARD,2.0,True,McLaren,0 days 01:59:58.315000,2025-12-07 14:05:05.378,1,3.0,False,,False,True,88.191,88.191
158,0 days 02:02:54.335000,NOR,4,0 days 00:01:27.829000,43.0,3.0,,,17.796,37.988,32.045,0 days 02:01:44.368000,0 days 02:02:22.356000,0 days 02:02:54.401000,288.0,296.0,218.0,301.0,False,HARD,3.0,True,McLaren,0 days 02:01:26.506000,2025-12-07 14:06:33.569,1,3.0,False,,False,True,87.829,87.82900000000001
159,0 days 02:04:21.169000,NOR,4,0 days 00:01:26.834000,44.0,3.0,,,17.462,37.775,31.597,0 days 02:03:11.863000,0 days 02:03:49.638000,0 days 02:04:21.235000,292.0,296.0,217.0,303.0,True,HARD,4.0,True,McLaren,0 days 02:02:54.335000,2025-12-07 14:08:01.398,1,3.0,False,,False,True,86.834,86.834
160,0 days 02:05:48.122000,NOR,4,0 days 00:01:26.953000,45.0,3.0,,,17.438,37.739,31.776,0 days 02:04:38.673000,0 days 02:05:16.412000,0 days 02:05:48.188000,,296.0,215.0,303.0,False,HARD,5.0,True,McLaren,0 days 02:04:21.169000,2025-12-07 14:09:28.232,1,3.0,False,,False,True,86.953,86.95299999999999
161,0 days 02:07:15.196000,NOR,4,0 days 00:01:27.074000,46.0,3.0,,,17.319,38.11,31.645,0 days 02:06:05.507000,0 days 02:06:43.617000,0 days 02:07:15.262000,,294.0,218.0,303.0,False,HARD,6.0,True,McLaren,0 days 02:05:48.122000,2025-12-07 14:10:55.185,1,3.0,False,,False,True,87.074,87.074
162,0 days 02:08:42.063000,NOR,4,0 days 00:01:26.867000,47.0,3.0,,,17.292,37.797,31.778,0 days 02:07:32.554000,0 days 02:08:10.351000,0 days 02:08:42.129000,293.0,295.0,217.0,304.0,False,HARD,7.0,True,McLaren,0 days 02:07:15.196000,2025-12-07 14:12:22.259,1,3.0,False,,False,True,86.867,86.86699999999999
163,0 days 02:10:08.881000,NOR,4,0 days 00:01:26.818000,48.0,3.0,,,17.341,37.75,31.727,0 days 02:08:59.470000,0 days 02:09:37.220000,0 days 02:10:08.947000,,295.0,217.0,303.0,True,HARD,8.0,True,McLaren,0 days 02:08:42.063000,2025-12-07 14:13:49.126,1,3.0,False,,False,True,86.818,86.818
164,0 days 02:11:35.788000,NOR,4,0 days 00:01:26.907000,49.0,3.0,,,17.365,37.843,31.699,0 days 02:10:26.312000,0 days 02:11:04.155000,0 days 02:11:35.854000,295.0,295.0,214.0,304.0,False,HARD,9.0,True,McLaren,0 days 02:10:08.881000,2025-12-07 14:15:15.944,1,3.0,False,,False,True,86.907,86.907
165,0 days 02:13:02.756000,NOR,4,0 days 00:01:26.968000,50.0,3.0,,,17.402,37.836,31.73,0 days 02:11:53.256000,0 days 02:12:31.092000,0 days 02:13:02.822000,293.0,297.0,216.0,304.0,False,HARD,10.0,True,McLaren,0 days 02:11:35.788000,2025-12-07 14:16:42.851,1,3.0,False,,False,True,86.968,86.968
166,0 days 02:14:30.033000,NOR,4,0 days 00:01:27.277000,51.0,3.0,,,17.342,37.983,31.952,0 days 02:13:20.164000,0 days 02:13:58.147000,0 days 02:14:30.099000,294.0,296.0,215.0,304.0,False,HARD,11.0,True,McLaren,0 days 02:13:02.756000,2025-12-07 14:18:09.819,1,3.0,False,,False,True,87.277,87.277
167,0 days 02:15:56.928000,NOR,4,0 days 00:01:26.895000,52.0,3.0,,,17.272,37.843,31.78,0 days 02:14:47.371000,0 days 02:15:25.214000,0 days 02:15:56.994000,296.0,298.0,218.0,306.0,False,HARD,12.0,True,McLaren,0 days 02:14:30.033000,2025-12-07 14:19:37.096,1,3.0,False,,False,True,86.895,86.89500000000001
168,0 days 02:17:24.008000,NOR,4,0 days 00:01:27.080000,53.0,3.0,,,17.322,37.901,31.857,0 days 02:16:14.316000,0 days 02:16:52.217000,0 days 02:17:24.074000,,299.0,215.0,307.0,False,HARD,13.0,True,McLaren,0 days 02:15:56.928000,2025-12-07 14:21:03.991,1,3.0,False,,False,True,87.08,87.08
169,0 days 02:18:51.152000,NOR,4,0 days 00:01:27.144000,54.0,3.0,,,17.351,37.825,31.968,0 days 02:17:41.425000,0 days 02:18:19.250000,0 days 02:18:51.218000,295.0,298.0,214.0,307.0,False,HARD,14.0,True,McLaren,0 days 02:17:24.008000,2025-12-07 14:22:31.071,1,3.0,False,,False,True,87.144,87.144
170,0 days 02:20:19.127000,NOR,4,0 days 00:01:27.975000,55.0,3.0,,,17.362,38.145,32.468,0 days 02:19:08.580000,0 days 02:19:46.725000,0 days 02:20:19.193000,294.0,300.0,217.0,299.0,False,HARD,15.0,True,McLaren,0 days 02:18:51.152000,2025-12-07 14:23:58.215,1,3.0,False,,False,True,87.975,87.97500000000001
171,0 days 02:21:47.353000,NOR,4,0 days 00:01:28.226000,56.0,3.0,,,17.42,38.271,32.535,0 days 02:20:36.613000,0 days 02:21:14.884000,0 days 02:21:47.419000,296.0,297.0,216.0,307.0,False,HARD,16.0,True,McLaren,0 days 02:20:19.127000,2025-12-07 14:25:26.190,1,3.0,False,,False,True,88.226,88.226
172,0 days 02:23:15.788000,NOR,4,0 days 00:01:28.435000,57.0,3.0,,,17.585,38.335,32.515,0 days 02:22:05.004000,0 days 02:22:43.339000,0 days 02:23:15.854000,292.0,300.0,215.0,304.0,False,HARD,17.0,True,McLaren,0 days 02:21:47.353000,2025-12-07 14:26:54.416,1,3.0,False,,False,True,88.435,88.435
173,0 days 02:24:44.775000,NOR,4,0 days 00:01:28.987000,58.0,3.0,,,17.691,38.287,33.009,0 days 02:23:33.545000,0 days 02:24:11.832000,0 days 02:24:44.841000,293.0,296.0,158.0,300.0,False,HARD,18.0,True,McLaren,0 days 02:23:15.788000,2025-12-07 14:28:22.851,1,3.0,False,,False,True,88.987,88.987
174,0 days 00:59:55.358000,LEC,16,0 days 00:01:34.624000,1.0,1.0,,,,38.861,33.83,,0 days 00:59:21.668000,0 days 00:59:55.576000,284.0,303.0,212.0,313.0,False,MEDIUM,1.0,True,Ferrari,0 days 00:58:20.522000,2025-12-07 13:03:27.585,1,4.0,False,,False,False,94.624,
175,0 days 01:01:25.445000,LEC,16,0 days 00:01:30.087000,2.0,1.0,,,18.219,38.0,33.868,0 days 01:00:13.607000,0 days 01:00:51.607000,0 days 01:01:25.475000,281.0,305.0,211.0,322.0,True,MEDIUM,2.0,True,Ferrari,0 days 00:59:55.358000,2025-12-07 13:05:02.421,1,4.0,False,,False,True,90.087,90.087
176,0 days 01:02:55.126000,LEC,16,0 days 00:01:29.681000,3.0,1.0,,,18.095,38.082,33.504,0 days 01:01:43.570000,0 days 01:02:21.652000,0 days 01:02:55.156000,285.0,303.0,211.0,317.0,True,MEDIUM,3.0,True,Ferrari,0 days 01:01:25.445000,2025-12-07 13:06:32.508,1,4.0,False,,False,True,89.681,89.681
177,0 days 01:04:25.069000,LEC,16,0 days 00:01:29.943000,4.0,1.0,,,18.083,37.904,33.956,0 days 01:03:13.239000,0 days 01:03:51.143000,0 days 01:04:25.099000,284.0,325.0,211.0,325.0,False,MEDIUM,4.0,True,Ferrari,0 days 01:02:55.126000,2025-12-07 13:08:02.189,1,4.0,False,,False,True,89.943,89.94300000000001
178,0 days 01:05:55.131000,LEC,16,0 days 00:01:30.062000,5.0,1.0,,,18.189,38.294,33.579,0 days 01:04:43.288000,0 days 01:05:21.582000,0 days 01:05:55.161000,,296.0,208.0,305.0,False,MEDIUM,5.0,True,Ferrari,0 days 01:04:25.069000,2025-12-07 13:09:32.132,1,4.0,False,,False,True,90.062,90.062
179,0 days 01:07:24.870000,LEC,16,0 days 00:01:29.739000,6.0,1.0,,,18.255,38.073,33.411,0 days 01:06:13.416000,0 days 01:06:51.489000,0 days 01:07:24.900000,285.0,306.0,211.0,306.0,False,MEDIUM,6.0,True,Ferrari,0 days 01:05:55.131000,2025-12-07 13:11:02.194,1,4.0,False,,False,True,89.739,89.739
180,0 days 01:08:54.541000,LEC,16,0 days 00:01:29.671000,7.0,1.0,,,17.991,38.179,33.501,0 days 01:07:42.891000,0 days 01:08:21.070000,0 days 01:08:54.571000,283.0,302.0,209.0,322.0,True,MEDIUM,7.0,True,Ferrari,0 days 01:07:24.870000,2025-12-07 13:12:31.933,1,4.0,False,,False,True,89.671,89.67099999999999
181,0 days 01:10:24.147000,LEC,16,0 days 00:01:29.606000,8.0,1.0,,,18.134,37.747,33.725,0 days 01:09:12.705000,0 days 01:09:50.452000,0 days 01:10:24.177000,285.0,323.0,209.0,330.0,True,MEDIUM,8.0,True,Ferrari,0 days 01:08:54.541000,2025-12-07 13:14:01.604,1,4.0,False,,False,True,89.606,89.606
182,0 days 01:11:53.801000,LEC,16,0 days 00:01:29.654000,9.0,1.0,,,18.189,38.265,33.2,0 days 01:10:42.366000,0 days 01:11:20.631000,0 days 01:11:53.831000,282.0,312.0,209.0,307.0,False,MEDIUM,9.0,True,Ferrari,0 days 01:10:24.147000,2025-12-07 13:15:31.210,1,4.0,True,TRACK LIMITS AT TURN 1 LAP 9 ,False,True,89.654,89.654
183,0 days 01:13:23.431000,LEC,16,0 days 00:01:29.630000,10.0,1.0,,,18.081,38.164,33.385,0 days 01:12:11.912000,0 days 01:12:50.076000,0 days 01:13:23.461000,284.0,313.0,206.0,307.0,False,MEDIUM,10.0,True,Ferrari,0 days 01:11:53.801000,2025-12-07 13:17:00.864,1,4.0,False,,False,True,89.63,89.63
184,0 days 01:14:53.340000,LEC,16,0 days 00:01:29.909000,11.0,1.0,,,18.173,38.497,33.239,0 days 01:13:41.634000,0 days 01:14:20.131000,0 days 01:14:53.370000,285.0,297.0,208.0,315.0,False,MEDIUM,11.0,True,Ferrari,0 days 01:13:23.431000,2025-12-07 13:18:30.494,1,4.0,False,,False,True,89.909,89.90899999999999
185,0 days 01:16:23.397000,LEC,16,0 days 00:01:30.057000,12.0,1.0,,,18.166,38.564,33.327,0 days 01:15:11.536000,0 days 01:15:50.100000,0 days 01:16:23.427000,,298.0,208.0,309.0,False,MEDIUM,12.0,True,Ferrari,0 days 01:14:53.340000,2025-12-07 13:20:00.403,1,4.0,False,,False,True,90.057,90.057
186,0 days 01:17:53.335000,LEC,16,0 days 00:01:29.938000,13.0,1.0,,,18.112,38.63,33.196,0 days 01:16:41.539000,0 days 01:17:20.169000,0 days 01:17:53.365000,,297.0,209.0,308.0,False,MEDIUM,13.0,True,Ferrari,0 days 01:16:23.397000,2025-12-07 13:21:30.460,1,4.0,False,,False,True,89.938,89.938
187,0 days 01:19:23.389000,LEC,16,0 days 00:01:30.054000,14.0,1.0,,,18.117,38.61,33.327,0 days 01:18:11.482000,0 days 01:18:50.092000,0 days 01:19:23.419000,286.0,298.0,206.0,308.0,False,MEDIUM,14.0,True,Ferrari,0 days 01:17:53.335000,2025-12-07 13:23:00.398,1,4.0,False,,False,True,90.054,90.054
188,0 days 01:20:53.387000,LEC,16,0 days 00:01:29.998000,15.0,1.0,,,18.177,38.581,33.24,0 days 01:19:41.596000,0 days 01:20:20.177000,0 days 01:20:53.417000,287.0,298.0,209.0,308.0,False,MEDIUM,15.0,True,Ferrari,0 days 01:19:23.389000,2025-12-07 13:24:30.452,1,4.0,False,,False,True,89.998,89.998
189,0 days 01:22:25.377000,LEC,16,0 days 00:01:31.990000,16.0,1.0,,0 days 01:22:24.397000,18.139,38.786,35.065,0 days 01:21:11.556000,0 days 01:21:50.342000,0 days 01:22:25.407000,285.0,296.0,,306.0,False,MEDIUM,16.0,True,Ferrari,0 days 01:20:53.387000,2025-12-07 13:26:00.450,1,4.0,False,,False,False,91.99,91.99
190,0 days 01:24:15.593000,LEC,16,0 days 00:01:50.216000,17.0,2.0,0 days 01:22:46.156000,,38.568,38.63,33.018,0 days 01:23:03.975000,0 days 01:23:42.605000,0 days 01:24:15.623000,283.0,303.0,213.0,312.0,False,HARD,1.0,True,Ferrari,0 days 01:22:25.377000,2025-12-07 13:27:32.440,1,10.0,False,,False,False,110.216,110.21600000000001
191,0 days 01:25:45.465000,LEC,16,0 days 00:01:29.872000,18.0,2.0,,,18.146,38.171,33.555,0 days 01:24:33.769000,0 days 01:25:11.940000,0 days 01:25:45.495000,282.0,301.0,212.0,308.0,False,HARD,2.0,True,Ferrari,0 days 01:24:15.593000,2025-12-07 13:29:22.656,1,9.0,False,,False,True,89.872,89.872
192,0 days 01:27:14.994000,LEC,16,0 days 00:01:29.529000,19.0,2.0,,,18.065,37.808,33.656,0 days 01:26:03.560000,0 days 01:26:41.368000,0 days 01:27:15.024000,285.0,305.0,208.0,328.0,True,HARD,3.0,True,Ferrari,0 days 01:25:45.465000,2025-12-07 13:30:52.528,1,8.0,False,,False,True,89.529,89.529
193,0 days 01:28:44.250000,LEC,16,0 days 00:01:29.256000,20.0,2.0,,,18.169,38.096,32.991,0 days 01:27:33.193000,0 days 01:28:11.289000,0 days 01:28:44.280000,290.0,301.0,212.0,330.0,True,HARD,4.0,True,Ferrari,0 days 01:27:14.994000,2025-12-07 13:32:22.057,1,5.0,False,,False,True,89.256,89.256
194,0 days 01:30:13.305000,LEC,16,0 days 00:01:29.055000,21.0,2.0,,,17.996,38.316,32.743,0 days 01:29:02.276000,0 days 01:29:40.592000,0 days 01:30:13.335000,286.0,299.0,212.0,306.0,True,HARD,5.0,True,Ferrari,0 days 01:28:44.250000,2025-12-07 13:33:51.313,1,5.0,False,,False,True,89.055,89.055
195,0 days 01:31:42.196000,LEC,16,0 days 00:01:28.891000,22.0,2.0,,,17.921,38.183,32.787,0 days 01:30:31.256000,0 days 01:31:09.439000,0 days 01:31:42.226000,287.0,295.0,211.0,306.0,True,HARD,6.0,True,Ferrari,0 days 01:30:13.305000,2025-12-07 13:35:20.368,1,5.0,False,,False,True,88.891,88.89099999999999
196,0 days 01:33:11.791000,LEC,16,0 days 00:01:29.595000,23.0,2.0,,,17.89,38.177,33.528,0 days 01:32:00.116000,0 days 01:32:38.293000,0 days 01:33:11.821000,288.0,302.0,210.0,303.0,False,HARD,7.0,True,Ferrari,0 days 01:31:42.196000,2025-12-07 13:36:49.259,1,5.0,False,,False,True,89.595,89.595
197,0 days 01:34:40.810000,LEC,16,0 days 00:01:29.019000,24.0,2.0,,,18.219,38.129,32.671,0 days 01:33:30.040000,0 days 01:34:08.169000,0 days 01:34:40.840000,290.0,299.0,211.0,326.0,False,HARD,8.0,True,Ferrari,0 days 01:33:11.791000,2025-12-07 13:38:18.854,1,4.0,False,,False,True,89.019,89.019
198,0 days 01:36:08.981000,LEC,16,0 days 00:01:28.171000,25.0,2.0,,,17.876,38.034,32.261,0 days 01:34:58.716000,0 days 01:35:36.750000,0 days 01:36:09.011000,288.0,299.0,212.0,307.0,True,HARD,9.0,True,Ferrari,0 days 01:34:40.810000,2025-12-07 13:39:47.873,1,4.0,False,,False,True,88.171,88.17099999999999
199,0 days 01:37:37.025000,LEC,16,0 days 00:01:28.044000,26.0,2.0,,,17.827,38.004,32.213,0 days 01:36:26.838000,0 days 01:37:04.842000,0 days 01:37:37.055000,287.0,298.0,210.0,306.0,True,HARD,10.0,True,Ferrari,0 days 01:36:08.981000,2025-12-07 13:41:16.044,1,4.0,False,,False,True,88.044,88.04400000000001
200,0 days 01:39:05.123000,LEC,16,0 days 00:01:28.098000,27.0,2.0,,,17.819,37.957,32.322,0 days 01:37:54.874000,0 days 01:38:32.831000,0 days 01:39:05.153000,,299.0,212.0,306.0,False,HARD,11.0,True,Ferrari,0 days 01:37:37.025000,2025-12-07 13:42:44.088,1,4.0,False,,False,True,88.098,88.098
201,0 days 01:40:33.272000,LEC,16,0 days 00:01:28.149000,28.0,2.0,,,17.786,37.998,32.365,0 days 01:39:22.939000,0 days 01:40:00.937000,0 days 01:40:33.302000,,299.0,211.0,306.0,False,HARD,12.0,True,Ferrari,0 days 01:39:05.123000,2025-12-07 13:44:12.186,1,4.0,False,,False,True,88.149,88.149
202,0 days 01:42:01.663000,LEC,16,0 days 00:01:28.391000,29.0,2.0,,,17.818,38.09,32.483,0 days 01:40:51.120000,0 days 01:41:29.210000,0 days 01:42:01.693000,,299.0,211.0,307.0,False,HARD,13.0,True,Ferrari,0 days 01:40:33.272000,2025-12-07 13:45:40.335,1,4.0,False,,False,True,88.391,88.39099999999999
203,0 days 01:43:30.134000,LEC,16,0 days 00:01:28.471000,30.0,2.0,,,17.815,38.129,32.527,0 days 01:42:19.508000,0 days 01:42:57.637000,0 days 01:43:30.164000,289.0,300.0,212.0,309.0,False,HARD,14.0,True,Ferrari,0 days 01:42:01.663000,2025-12-07 13:47:08.726,1,4.0,False,,False,True,88.471,88.471
204,0 days 01:44:58.682000,LEC,16,0 days 00:01:28.548000,31.0,2.0,,,17.832,38.154,32.562,0 days 01:43:47.996000,0 days 01:44:26.150000,0 days 01:44:58.712000,287.0,299.0,208.0,306.0,False,HARD,15.0,True,Ferrari,0 days 01:43:30.134000,2025-12-07 13:48:37.197,1,4.0,False,,False,True,88.548,88.548
205,0 days 01:46:27.536000,LEC,16,0 days 00:01:28.854000,32.0,2.0,,,18.039,38.192,32.623,0 days 01:45:16.751000,0 days 01:45:54.943000,0 days 01:46:27.566000,286.0,298.0,211.0,306.0,False,HARD,16.0,True,Ferrari,0 days 01:44:58.682000,2025-12-07 13:50:05.745,1,4.0,False,,False,True,88.854,88.854
206,0 days 01:47:56.200000,LEC,16,0 days 00:01:28.664000,33.0,2.0,,,17.899,38.124,32.641,0 days 01:46:45.465000,0 days 01:47:23.589000,0 days 01:47:56.230000,287.0,303.0,211.0,309.0,False,HARD,17.0,True,Ferrari,0 days 01:46:27.536000,2025-12-07 13:51:34.599,1,4.0,False,,False,True,88.664,88.664
207,0 days 01:49:24.780000,LEC,16,0 days 00:01:28.580000,34.0,2.0,,,17.864,38.064,32.652,0 days 01:48:14.094000,0 days 01:48:52.158000,0 days 01:49:24.810000,,298.0,210.0,305.0,False,HARD,18.0,True,Ferrari,0 days 01:47:56.200000,2025-12-07 13:53:03.263,1,4.0,False,,False,True,88.58,88.58
208,0 days 01:50:53.233000,LEC,16,0 days 00:01:28.453000,35.0,2.0,,,17.867,38.127,32.459,0 days 01:49:42.677000,0 days 01:50:20.804000,0 days 01:50:53.263000,289.0,299.0,213.0,307.0,False,HARD,19.0,True,Ferrari,0 days 01:49:24.780000,2025-12-07 13:54:31.843,1,4.0,False,,False,True,88.453,88.453
209,0 days 01:52:21.536000,LEC,16,0 days 00:01:28.303000,36.0,2.0,,,17.8,38.076,32.427,0 days 01:51:11.063000,0 days 01:51:49.139000,0 days 01:52:21.566000,288.0,300.0,212.0,309.0,False,HARD,20.0,True,Ferrari,0 days 01:50:53.233000,2025-12-07 13:56:00.296,1,4.0,False,,False,True,88.303,88.303
210,0 days 01:53:49.886000,LEC,16,0 days 00:01:28.350000,37.0,2.0,,,17.784,38.133,32.433,0 days 01:52:39.350000,0 days 01:53:17.483000,0 days 01:53:49.916000,289.0,298.0,213.0,307.0,False,HARD,21.0,True,Ferrari,0 days 01:52:21.536000,2025-12-07 13:57:28.599,1,4.0,False,,False,True,88.35,88.35
211,0 days 01:55:18.038000,LEC,16,0 days 00:01:28.152000,38.0,2.0,,,17.762,38.069,32.321,0 days 01:54:07.678000,0 days 01:54:45.747000,0 days 01:55:18.068000,288.0,298.0,211.0,306.0,False,HARD,22.0,True,Ferrari,0 days 01:53:49.886000,2025-12-07 13:58:56.949,1,4.0,False,,False,True,88.152,88.152
212,0 days 01:56:48.277000,LEC,16,0 days 00:01:30.239000,39.0,2.0,,0 days 01:56:47.241000,17.835,38.244,34.16,0 days 01:55:35.903000,0 days 01:56:14.147000,0 days 01:56:48.307000,290.0,302.0,,309.0,False,HARD,23.0,True,Ferrari,0 days 01:55:18.038000,2025-12-07 14:00:25.101,1,4.0,False,,False,False,90.239,90.239
213,0 days 01:58:36.454000,LEC,16,0 days 00:01:48.177000,40.0,3.0,0 days 01:57:08.251000,,37.907,38.143,32.127,0 days 01:57:26.214000,0 days 01:58:04.357000,0 days 01:58:36.484000,284.0,295.0,215.0,303.0,False,MEDIUM,4.0,False,Ferrari,0 days 01:56:48.277000,2025-12-07 14:01:55.340,1,5.0,False,,False,False,108.177,108.17699999999999
214,0 days 02:00:04.579000,LEC,16,0 days 00:01:28.125000,41.0,3.0,,,17.678,37.693,32.754,0 days 01:58:54.162000,0 days 01:59:31.855000,0 days 02:00:04.609000,291.0,316.0,212.0,309.0,False,MEDIUM,5.0,False,Ferrari,0 days 01:58:36.454000,2025-12-07 14:03:43.517,1,5.0,False,,False,True,88.125,88.125
215,0 days 02:01:31.848000,LEC,16,0 days 00:01:27.269000,42.0,3.0,,,17.856,37.661,31.752,0 days 02:00:22.465000,0 days 02:01:00.126000,0 days 02:01:31.878000,290.0,302.0,215.0,330.0,True,MEDIUM,6.0,False,Ferrari,0 days 02:00:04.579000,2025-12-07 14:05:11.642,1,4.0,False,,False,True,87.269,87.269
216,0 days 02:02:58.767000,LEC,16,0 days 00:01:26.919000,43.0,3.0,,,17.505,37.677,31.737,0 days 02:01:49.383000,0 days 02:02:27.060000,0 days 02:02:58.797000,291.0,299.0,214.0,306.0,True,MEDIUM,7.0,False,Ferrari,0 days 02:01:31.848000,2025-12-07 14:06:38.911,1,4.0,False,,False,True,86.919,86.919
217,0 days 02:04:25.614000,LEC,16,0 days 00:01:26.847000,44.0,3.0,,,17.54,37.649,31.658,0 days 02:03:16.337000,0 days 02:03:53.986000,0 days 02:04:25.644000,288.0,295.0,214.0,304.0,True,MEDIUM,8.0,False,Ferrari,0 days 02:02:58.767000,2025-12-07 14:08:05.830,1,4.0,False,,False,True,86.847,86.84700000000001
218,0 days 02:05:52.339000,LEC,16,0 days 00:01:26.725000,45.0,3.0,,,17.525,37.608,31.592,0 days 02:04:43.169000,0 days 02:05:20.777000,0 days 02:05:52.369000,290.0,297.0,215.0,305.0,True,MEDIUM,9.0,False,Ferrari,0 days 02:04:25.614000,2025-12-07 14:09:32.677,1,4.0,False,,False,True,86.725,86.725
219,0 days 02:07:19.195000,LEC,16,0 days 00:01:26.856000,46.0,3.0,,,17.478,37.611,31.767,0 days 02:06:09.847000,0 days 02:06:47.458000,0 days 02:07:19.225000,291.0,297.0,214.0,306.0,False,MEDIUM,10.0,False,Ferrari,0 days 02:05:52.339000,2025-12-07 14:10:59.402,1,4.0,False,,False,True,86.856,86.856
220,0 days 02:08:46.169000,LEC,16,0 days 00:01:26.974000,47.0,3.0,,,17.467,37.695,31.812,0 days 02:07:36.692000,0 days 02:08:14.387000,0 days 02:08:46.199000,,296.0,214.0,306.0,False,MEDIUM,11.0,False,Ferrari,0 days 02:07:19.195000,2025-12-07 14:12:26.258,1,4.0,False,,False,True,86.974,86.974
221,0 days 02:10:13.014000,LEC,16,0 days 00:01:26.845000,48.0,3.0,,,17.499,37.658,31.688,0 days 02:09:03.698000,0 days 02:09:41.356000,0 days 02:10:13.044000,292.0,299.0,214.0,308.0,False,MEDIUM,12.0,False,Ferrari,0 days 02:08:46.169000,2025-12-07 14:13:53.232,1,4.0,False,,False,True,86.845,86.845
222,0 days 02:11:39.950000,LEC,16,0 days 00:01:26.936000,49.0,3.0,,,17.506,37.622,31.808,0 days 02:10:30.550000,0 days 02:11:08.172000,0 days 02:11:39.980000,,299.0,214.0,308.0,False,MEDIUM,13.0,False,Ferrari,0 days 02:10:13.014000,2025-12-07 14:15:20.077,1,4.0,False,,False,True,86.936,86.936
223,0 days 02:13:07.163000,LEC,16,0 days 00:01:27.213000,50.0,3.0,,,17.554,37.827,31.832,0 days 02:11:57.534000,0 days 02:12:35.361000,0 days 02:13:07.193000,,299.0,213.0,308.0,False,MEDIUM,14.0,False,Ferrari,0 days 02:11:39.950000,2025-12-07 14:16:47.013,1,4.0,False,,False,True,87.213,87.213
224,0 days 02:14:34.539000,LEC,16,0 days 00:01:27.376000,51.0,3.0,,,17.477,37.829,32.07,0 days 02:13:24.670000,0 days 02:14:02.499000,0 days 02:14:34.569000,,300.0,213.0,309.0,False,MEDIUM,15.0,False,Ferrari,0 days 02:13:07.163000,2025-12-07 14:18:14.226,1,4.0,False,,False,True,87.376,87.376
225,0 days 02:16:02.089000,LEC,16,0 days 00:01:27.550000,52.0,3.0,,,17.588,37.877,32.085,0 days 02:14:52.157000,0 days 02:15:30.034000,0 days 02:16:02.119000,290.0,297.0,214.0,307.0,False,MEDIUM,16.0,False,Ferrari,0 days 02:14:34.539000,2025-12-07 14:19:41.602,1,4.0,True,TRACK LIMITS AT TURN 6 LAP 52 ,False,True,87.55,87.55000000000001
226,0 days 02:17:31.094000,LEC,16,0 days 00:01:29.005000,53.0,3.0,,,17.694,38.156,33.155,0 days 02:16:19.813000,0 days 02:16:57.969000,0 days 02:17:31.124000,291.0,298.0,213.0,313.0,False,MEDIUM,17.0,False,Ferrari,0 days 02:16:02.089000,2025-12-07 14:21:09.152,1,4.0,False,,False,True,89.005,89.005
227,0 days 02:18:59.385000,LEC,16,0 days 00:01:28.291000,54.0,3.0,,,17.804,38.068,32.419,0 days 02:17:48.928000,0 days 02:18:26.996000,0 days 02:18:59.415000,,303.0,213.0,312.0,False,MEDIUM,18.0,False,Ferrari,0 days 02:17:31.094000,2025-12-07 14:22:38.157,1,4.0,False,,False,True,88.291,88.291
228,0 days 02:20:27.580000,LEC,16,0 days 00:01:28.195000,55.0,3.0,,,17.913,37.964,32.318,0 days 02:19:17.328000,0 days 02:19:55.292000,0 days 02:20:27.610000,288.0,301.0,213.0,309.0,False,MEDIUM,19.0,False,Ferrari,0 days 02:18:59.385000,2025-12-07 14:24:06.448,1,4.0,False,,False,True,88.195,88.195
229,0 days 02:21:55.044000,LEC,16,0 days 00:01:27.464000,56.0,3.0,,,17.581,37.718,32.165,0 days 02:20:45.191000,0 days 02:21:22.909000,0 days 02:21:55.074000,292.0,303.0,213.0,313.0,False,MEDIUM,20.0,False,Ferrari,0 days 02:20:27.580000,2025-12-07 14:25:34.643,1,4.0,False,,False,True,87.464,87.464
230,0 days 02:23:23.209000,LEC,16,0 days 00:01:28.165000,57.0,3.0,,,17.641,38.021,32.503,0 days 02:22:12.715000,0 days 02:22:50.736000,0 days 02:23:23.239000,291.0,303.0,214.0,313.0,False,MEDIUM,21.0,False,Ferrari,0 days 02:21:55.044000,2025-12-07 14:27:02.107,1,4.0,False,,False,True,88.165,88.16499999999999
231,0 days 02:24:51.482000,LEC,16,0 days 00:01:28.273000,58.0,3.0,,,17.673,37.851,32.749,0 days 02:23:40.912000,0 days 02:24:18.763000,0 days 02:24:51.512000,292.0,302.0,205.0,312.0,False,MEDIUM,22.0,False,Ferrari,0 days 02:23:23.209000,2025-12-07 14:28:30.272,1,4.0,False,,False,True,88.273,88.273
232,0 days 00:59:56.187000,RUS,63,0 days 00:01:35.453000,1.0,1.0,,,,39.053,33.89,,0 days 00:59:22.547000,0 days 00:59:56.389000,283.0,310.0,214.0,315.0,False,MEDIUM,1.0,True,Mercedes,0 days 00:58:20.522000,2025-12-07 13:03:27.585,1,6.0,False,,False,False,95.453,
233,0 days 01:01:26.816000,RUS,63,0 days 00:01:30.629000,2.0,1.0,,,18.205,38.156,34.268,0 days 01:00:14.451000,0 days 01:00:52.607000,0 days 01:01:26.875000,289.0,310.0,211.0,326.0,True,MEDIUM,2.0,True,Mercedes,0 days 00:59:56.187000,2025-12-07 13:05:03.250,1,6.0,False,,False,True,90.629,90.62899999999999
234,0 days 01:02:56.883000,RUS,63,0 days 00:01:30.067000,3.0,1.0,,,18.098,37.961,34.008,0 days 01:01:44.973000,0 days 01:02:22.934000,0 days 01:02:56.942000,286.0,298.0,212.0,314.0,True,MEDIUM,3.0,True,Mercedes,0 days 01:01:26.816000,2025-12-07 13:06:33.879,1,6.0,False,,False,True,90.067,90.06700000000001
235,0 days 01:04:26.220000,RUS,63,0 days 00:01:29.337000,4.0,1.0,,,17.944,37.971,33.422,0 days 01:03:14.886000,0 days 01:03:52.857000,0 days 01:04:26.279000,290.0,296.0,211.0,320.0,True,MEDIUM,4.0,True,Mercedes,0 days 01:02:56.883000,2025-12-07 13:08:03.946,1,5.0,False,,False,True,89.337,89.33699999999999
236,0 days 01:05:56.209000,RUS,63,0 days 00:01:29.989000,5.0,1.0,,,18.02,38.431,33.538,0 days 01:04:44.299000,0 days 01:05:22.730000,0 days 01:05:56.268000,286.0,294.0,210.0,315.0,False,MEDIUM,5.0,True,Mercedes,0 days 01:04:26.220000,2025-12-07 13:09:33.283,1,5.0,False,,False,True,89.989,89.98899999999999
237,0 days 01:07:26.138000,RUS,63,0 days 00:01:29.929000,6.0,1.0,,,18.088,38.414,33.427,0 days 01:06:14.356000,0 days 01:06:52.770000,0 days 01:07:26.197000,288.0,296.0,211.0,324.0,False,MEDIUM,6.0,True,Mercedes,0 days 01:05:56.209000,2025-12-07 13:11:03.272,1,5.0,False,,False,True,89.929,89.929
238,0 days 01:08:55.897000,RUS,63,0 days 00:01:29.759000,7.0,1.0,,,17.993,38.472,33.294,0 days 01:07:44.190000,0 days 01:08:22.662000,0 days 01:08:55.956000,287.0,301.0,213.0,306.0,False,MEDIUM,7.0,True,Mercedes,0 days 01:07:26.138000,2025-12-07 13:12:33.201,1,5.0,False,,False,True,89.759,89.759
239,0 days 01:10:26.021000,RUS,63,0 days 00:01:30.124000,8.0,1.0,,,18.046,38.364,33.714,0 days 01:09:14.002000,0 days 01:09:52.366000,0 days 01:10:26.080000,285.0,304.0,209.0,310.0,False,MEDIUM,8.0,True,Mercedes,0 days 01:08:55.897000,2025-12-07 13:14:02.960,1,5.0,False,,False,True,90.124,90.124
240,0 days 01:11:56.226000,RUS,63,0 days 00:01:30.205000,9.0,1.0,,,18.13,38.599,33.476,0 days 01:10:44.210000,0 days 01:11:22.809000,0 days 01:11:56.285000,284.0,306.0,210.0,311.0,False,MEDIUM,9.0,True,Mercedes,0 days 01:10:26.021000,2025-12-07 13:15:33.084,1,5.0,False,,False,True,90.205,90.205
241,0 days 01:13:26.232000,RUS,63,0 days 00:01:30.006000,10.0,1.0,,,18.021,38.596,33.389,0 days 01:12:14.306000,0 days 01:12:52.902000,0 days 01:13:26.291000,286.0,304.0,210.0,311.0,False,MEDIUM,10.0,True,Mercedes,0 days 01:11:56.226000,2025-12-07 13:17:03.289,1,5.0,False,,False,True,90.006,90.006
242,0 days 01:14:56.276000,RUS,63,0 days 00:01:30.044000,11.0,1.0,,,18.029,38.644,33.371,0 days 01:13:44.320000,0 days 01:14:22.964000,0 days 01:14:56.335000,285.0,302.0,208.0,310.0,False,MEDIUM,11.0,True,Mercedes,0 days 01:13:26.232000,2025-12-07 13:18:33.295,1,5.0,False,,False,True,90.044,90.04400000000001
243,0 days 01:16:26.371000,RUS,63,0 days 00:01:30.095000,12.0,1.0,,,18.003,38.6,33.492,0 days 01:15:14.338000,0 days 01:15:52.938000,0 days 01:16:26.430000,288.0,303.0,210.0,311.0,False,MEDIUM,12.0,True,Mercedes,0 days 01:14:56.276000,2025-12-07 13:20:03.339,1,5.0,False,,False,True,90.095,90.095
244,0 days 01:17:56.431000,RUS,63,0 days 00:01:30.060000,13.0,1.0,,,18.025,38.626,33.409,0 days 01:16:44.455000,0 days 01:17:23.081000,0 days 01:17:56.490000,287.0,302.0,211.0,311.0,False,MEDIUM,13.0,True,Mercedes,0 days 01:16:26.371000,2025-12-07 13:21:33.434,1,5.0,False,,False,True,90.06,90.06
245,0 days 01:19:28.512000,RUS,63,0 days 00:01:32.081000,14.0,1.0,,0 days 01:19:27.532000,18.104,38.906,35.071,0 days 01:18:14.594000,0 days 01:18:53.500000,0 days 01:19:28.571000,286.0,303.0,,309.0,False,MEDIUM,14.0,True,Mercedes,0 days 01:17:56.431000,2025-12-07 13:23:03.494,1,6.0,False,,False,False,92.081,92.08099999999999
246,0 days 01:21:17.965000,RUS,63,0 days 00:01:49.453000,15.0,2.0,0 days 01:19:49.553000,,38.526,37.93,32.997,0 days 01:20:07.097000,0 days 01:20:45.027000,0 days 01:21:18.024000,287.0,301.0,214.0,313.0,False,HARD,1.0,True,Mercedes,0 days 01:19:28.512000,2025-12-07 13:24:35.575,1,13.0,False,,False,False,109.453,109.453
247,0 days 01:22:46.613000,RUS,63,0 days 00:01:28.648000,16.0,2.0,,,17.839,38.094,32.715,0 days 01:21:35.863000,0 days 01:22:13.957000,0 days 01:22:46.672000,,299.0,213.0,305.0,True,HARD,2.0,True,Mercedes,0 days 01:21:17.965000,2025-12-07 13:26:25.028,1,12.0,False,,False,True,88.648,88.648
248,0 days 01:24:16.648000,RUS,63,0 days 00:01:30.035000,17.0,2.0,,,17.825,38.209,34.001,0 days 01:23:04.497000,0 days 01:23:42.706000,0 days 01:24:16.707000,291.0,323.0,211.0,336.0,False,HARD,3.0,True,Mercedes,0 days 01:22:46.613000,2025-12-07 13:27:53.676,1,11.0,False,,False,True,90.035,90.035
249,0 days 01:25:46.505000,RUS,63,0 days 00:01:29.857000,18.0,2.0,,,18.18,38.354,33.323,0 days 01:24:34.887000,0 days 01:25:13.241000,0 days 01:25:46.564000,286.0,308.0,211.0,310.0,False,HARD,4.0,True,Mercedes,0 days 01:24:16.648000,2025-12-07 13:29:23.711,1,11.0,False,,False,True,89.857,89.857
250,0 days 01:27:16.696000,RUS,63,0 days 00:01:30.191000,19.0,2.0,,,18.09,38.385,33.716,0 days 01:26:04.654000,0 days 01:26:43.039000,0 days 01:27:16.755000,287.0,313.0,209.0,312.0,False,HARD,5.0,True,Mercedes,0 days 01:25:46.505000,2025-12-07 13:30:53.568,1,10.0,False,,False,True,90.191,90.191
251,0 days 01:28:46.982000,RUS,63,0 days 00:01:30.286000,20.0,2.0,,,18.156,38.197,33.933,0 days 01:27:34.911000,0 days 01:28:13.108000,0 days 01:28:47.041000,290.0,309.0,211.0,330.0,False,HARD,6.0,True,Mercedes,0 days 01:27:16.696000,2025-12-07 13:32:23.759,1,8.0,False,,False,True,90.286,90.286
252,0 days 01:30:17.047000,RUS,63,0 days 00:01:30.065000,21.0,2.0,,,18.168,38.395,33.502,0 days 01:29:05.209000,0 days 01:29:43.604000,0 days 01:30:17.106000,291.0,300.0,211.0,313.0,False,HARD,7.0,True,Mercedes,0 days 01:28:46.982000,2025-12-07 13:33:54.045,1,6.0,False,,False,True,90.065,90.065
253,0 days 01:31:46.446000,RUS,63,0 days 00:01:29.399000,22.0,2.0,,,17.988,38.368,33.043,0 days 01:30:35.094000,0 days 01:31:13.462000,0 days 01:31:46.505000,287.0,305.0,210.0,309.0,False,HARD,8.0,True,Mercedes,0 days 01:30:17.047000,2025-12-07 13:35:24.110,1,6.0,False,,False,True,89.399,89.399
254,0 days 01:33:16.094000,RUS,63,0 days 00:01:29.648000,23.0,2.0,,,18.042,38.375,33.231,0 days 01:32:04.547000,0 days 01:32:42.922000,0 days 01:33:16.153000,286.0,304.0,211.0,311.0,False,HARD,9.0,True,Mercedes,0 days 01:31:46.446000,2025-12-07 13:36:53.509,1,6.0,False,,False,True,89.648,89.648
255,0 days 01:34:45.683000,RUS,63,0 days 00:01:29.589000,24.0,2.0,,,18.043,38.395,33.151,0 days 01:33:34.196000,0 days 01:34:12.591000,0 days 01:34:45.742000,287.0,306.0,211.0,310.0,False,HARD,10.0,True,Mercedes,0 days 01:33:16.094000,2025-12-07 13:38:23.157,1,6.0,False,,False,True,89.589,89.589
256,0 days 01:36:15.003000,RUS,63,0 days 00:01:29.320000,25.0,2.0,,,17.886,38.312,33.122,0 days 01:35:03.628000,0 days 01:35:41.940000,0 days 01:36:15.062000,289.0,306.0,211.0,311.0,False,HARD,11.0,True,Mercedes,0 days 01:34:45.683000,2025-12-07 13:39:52.746,1,6.0,False,,False,True,89.32,89.32
257,0 days 01:37:44.434000,RUS,63,0 days 00:01:29.431000,26.0,2.0,,,17.912,38.45,33.069,0 days 01:36:32.974000,0 days 01:37:11.424000,0 days 01:37:44.493000,287.0,306.0,212.0,314.0,False,HARD,12.0,True,Mercedes,0 days 01:36:15.003000,2025-12-07 13:41:22.066,1,6.0,False,,False,True,89.431,89.43100000000001
258,0 days 01:39:14.116000,RUS,63,0 days 00:01:29.682000,27.0,2.0,,,17.904,38.4,33.378,0 days 01:38:02.397000,0 days 01:38:40.797000,0 days 01:39:14.175000,288.0,306.0,213.0,312.0,False,HARD,13.0,True,Mercedes,0 days 01:37:44.434000,2025-12-07 13:42:51.497,1,6.0,False,,False,True,89.682,89.682
259,0 days 01:40:43.866000,RUS,63,0 days 00:01:29.750000,28.0,2.0,,,17.906,37.849,33.995,0 days 01:39:32.081000,0 days 01:40:09.930000,0 days 01:40:43.925000,290.0,324.0,211.0,327.0,False,HARD,14.0,True,Mercedes,0 days 01:39:14.116000,2025-12-07 13:44:21.179,1,6.0,False,,False,True,89.75,89.75
260,0 days 01:42:12.684000,RUS,63,0 days 00:01:28.818000,29.0,2.0,,,17.902,37.93,32.986,0 days 01:41:01.827000,0 days 01:41:39.757000,0 days 01:42:12.743000,291.0,320.0,213.0,325.0,False,HARD,15.0,True,Mercedes,0 days 01:40:43.866000,2025-12-07 13:45:50.929,1,5.0,False,,False,True,88.818,88.818
261,0 days 01:43:41.694000,RUS,63,0 days 00:01:29.010000,30.0,2.0,,,17.769,38.386,32.855,0 days 01:42:30.512000,0 days 01:43:08.898000,0 days 01:43:41.753000,288.0,298.0,212.0,305.0,False,HARD,16.0,True,Mercedes,0 days 01:42:12.684000,2025-12-07 13:47:19.747,1,5.0,False,,False,True,89.01,89.00999999999999
262,0 days 01:45:10.838000,RUS,63,0 days 00:01:29.144000,31.0,2.0,,,17.776,38.38,32.988,0 days 01:43:59.529000,0 days 01:44:37.909000,0 days 01:45:10.897000,289.0,300.0,213.0,306.0,False,HARD,17.0,True,Mercedes,0 days 01:43:41.694000,2025-12-07 13:48:48.757,1,5.0,False,,False,True,89.144,89.144
263,0 days 01:46:40.004000,RUS,63,0 days 00:01:29.166000,32.0,2.0,,,17.764,38.336,33.066,0 days 01:45:28.661000,0 days 01:46:06.997000,0 days 01:46:40.063000,288.0,304.0,214.0,311.0,False,HARD,18.0,True,Mercedes,0 days 01:45:10.838000,2025-12-07 13:50:17.901,1,5.0,False,,False,True,89.166,89.166
264,0 days 01:48:09.702000,RUS,63,0 days 00:01:29.698000,33.0,2.0,,,17.837,38.77,33.091,0 days 01:46:57.900000,0 days 01:47:36.670000,0 days 01:48:09.761000,,304.0,213.0,311.0,False,HARD,19.0,True,Mercedes,0 days 01:46:40.004000,2025-12-07 13:51:47.067,1,5.0,False,,False,True,89.698,89.69800000000001
265,0 days 01:49:39.187000,RUS,63,0 days 00:01:29.485000,34.0,2.0,,,17.848,38.601,33.036,0 days 01:48:27.609000,0 days 01:49:06.210000,0 days 01:49:39.246000,289.0,302.0,212.0,310.0,False,HARD,20.0,True,Mercedes,0 days 01:48:09.702000,2025-12-07 13:53:16.765,1,5.0,False,,False,True,89.485,89.485
266,0 days 01:51:08.592000,RUS,63,0 days 00:01:29.405000,35.0,2.0,,,17.902,38.533,32.97,0 days 01:49:57.148000,0 days 01:50:35.681000,0 days 01:51:08.651000,,303.0,213.0,310.0,False,HARD,21.0,True,Mercedes,0 days 01:49:39.187000,2025-12-07 13:54:46.250,1,5.0,False,,False,True,89.405,89.405
267,0 days 01:52:37.969000,RUS,63,0 days 00:01:29.377000,36.0,2.0,,,17.768,38.585,33.024,0 days 01:51:26.419000,0 days 01:52:05.004000,0 days 01:52:38.028000,,303.0,211.0,311.0,False,HARD,22.0,True,Mercedes,0 days 01:51:08.592000,2025-12-07 13:56:15.655,1,5.0,False,,False,True,89.377,89.37700000000001
268,0 days 01:54:07.317000,RUS,63,0 days 00:01:29.348000,37.0,2.0,,,17.811,38.486,33.051,0 days 01:52:55.839000,0 days 01:53:34.325000,0 days 01:54:07.376000,290.0,303.0,214.0,309.0,False,HARD,23.0,True,Mercedes,0 days 01:52:37.969000,2025-12-07 13:57:45.032,1,5.0,False,,False,True,89.348,89.348
269,0 days 01:55:36.381000,RUS,63,0 days 00:01:29.064000,38.0,2.0,,,17.765,38.447,32.852,0 days 01:54:25.141000,0 days 01:55:03.588000,0 days 01:55:36.440000,289.0,302.0,215.0,310.0,False,HARD,24.0,True,Mercedes,0 days 01:54:07.317000,2025-12-07 13:59:14.380,1,5.0,False,,False,True,89.064,89.064
270,0 days 01:57:05.538000,RUS,63,0 days 00:01:29.157000,39.0,2.0,,,17.761,38.362,33.034,0 days 01:55:54.201000,0 days 01:56:32.563000,0 days 01:57:05.597000,290.0,304.0,213.0,311.0,False,HARD,25.0,True,Mercedes,0 days 01:55:36.381000,2025-12-07 14:00:43.444,1,5.0,False,,False,True,89.157,89.15700000000001
271,0 days 01:58:34.816000,RUS,63,0 days 00:01:29.278000,40.0,2.0,,,17.824,38.497,32.957,0 days 01:57:23.421000,0 days 01:58:01.918000,0 days 01:58:34.875000,289.0,304.0,213.0,310.0,False,HARD,26.0,True,Mercedes,0 days 01:57:05.538000,2025-12-07 14:02:12.601,1,4.0,False,,False,True,89.278,89.27799999999999
272,0 days 02:00:04.116000,RUS,63,0 days 00:01:29.300000,41.0,2.0,,,17.742,38.52,33.038,0 days 01:58:52.617000,0 days 01:59:31.137000,0 days 02:00:04.175000,291.0,305.0,213.0,309.0,False,HARD,27.0,True,Mercedes,0 days 01:58:34.816000,2025-12-07 14:03:41.879,1,4.0,False,,False,True,89.3,89.3
273,0 days 02:01:34.097000,RUS,63,0 days 00:01:29.981000,42.0,2.0,,,17.768,38.523,33.69,0 days 02:00:21.943000,0 days 02:01:00.466000,0 days 02:01:34.156000,,314.0,212.0,309.0,False,HARD,28.0,True,Mercedes,0 days 02:00:04.116000,2025-12-07 14:05:11.179,1,5.0,False,,False,True,89.981,89.981
274,0 days 02:03:03.554000,RUS,63,0 days 00:01:29.457000,43.0,2.0,,,17.784,38.555,33.118,0 days 02:01:51.940000,0 days 02:02:30.495000,0 days 02:03:03.613000,293.0,305.0,213.0,313.0,False,HARD,29.0,True,Mercedes,0 days 02:01:34.097000,2025-12-07 14:06:41.160,1,5.0,False,,False,True,89.457,89.457
275,0 days 02:04:32.372000,RUS,63,0 days 00:01:28.818000,44.0,2.0,,,17.701,38.267,32.85,0 days 02:03:21.314000,0 days 02:03:59.581000,0 days 02:04:32.431000,,304.0,213.0,313.0,False,HARD,30.0,True,Mercedes,0 days 02:03:03.554000,2025-12-07 14:08:10.617,1,5.0,False,,False,True,88.818,88.81800000000001
276,0 days 02:06:01.504000,RUS,63,0 days 00:01:29.132000,45.0,2.0,,,17.737,38.429,32.966,0 days 02:04:50.168000,0 days 02:05:28.597000,0 days 02:06:01.563000,291.0,300.0,213.0,309.0,False,HARD,31.0,True,Mercedes,0 days 02:04:32.372000,2025-12-07 14:09:39.435,1,5.0,False,,False,True,89.132,89.132
277,0 days 02:07:30.448000,RUS,63,0 days 00:01:28.944000,46.0,2.0,,,17.711,38.387,32.846,0 days 02:06:19.274000,0 days 02:06:57.661000,0 days 02:07:30.507000,,303.0,212.0,312.0,False,HARD,32.0,True,Mercedes,0 days 02:06:01.504000,2025-12-07 14:11:08.567,1,5.0,False,,False,True,88.944,88.94399999999999
278,0 days 02:08:59.510000,RUS,63,0 days 00:01:29.062000,47.0,2.0,,,17.735,38.37,32.957,0 days 02:07:48.242000,0 days 02:08:26.612000,0 days 02:08:59.569000,,304.0,213.0,312.0,False,HARD,33.0,True,Mercedes,0 days 02:07:30.448000,2025-12-07 14:12:37.511,1,5.0,False,,False,True,89.062,89.062
279,0 days 02:10:28.432000,RUS,63,0 days 00:01:28.922000,48.0,2.0,,,17.745,38.402,32.775,0 days 02:09:17.314000,0 days 02:09:55.716000,0 days 02:10:28.491000,292.0,304.0,214.0,312.0,False,HARD,34.0,True,Mercedes,0 days 02:08:59.510000,2025-12-07 14:14:06.573,1,5.0,False,,False,True,88.922,88.922
280,0 days 02:11:57.205000,RUS,63,0 days 00:01:28.773000,49.0,2.0,,,17.751,38.288,32.734,0 days 02:10:46.242000,0 days 02:11:24.530000,0 days 02:11:57.264000,,303.0,214.0,312.0,False,HARD,35.0,True,Mercedes,0 days 02:10:28.432000,2025-12-07 14:15:35.495,1,5.0,False,,False,True,88.773,88.773
281,0 days 02:13:26.293000,RUS,63,0 days 00:01:29.088000,50.0,2.0,,,17.688,38.353,33.047,0 days 02:12:14.952000,0 days 02:12:53.305000,0 days 02:13:26.352000,291.0,304.0,213.0,311.0,False,HARD,36.0,True,Mercedes,0 days 02:11:57.205000,2025-12-07 14:17:04.268,1,5.0,False,,False,True,89.088,89.088
282,0 days 02:14:55.082000,RUS,63,0 days 00:01:28.789000,51.0,2.0,,,17.738,38.28,32.771,0 days 02:13:44.090000,0 days 02:14:22.370000,0 days 02:14:55.141000,,304.0,215.0,312.0,False,HARD,37.0,True,Mercedes,0 days 02:13:26.293000,2025-12-07 14:18:33.356,1,5.0,False,,False,True,88.789,88.789
283,0 days 02:16:24.123000,RUS,63,0 days 00:01:29.041000,52.0,2.0,,,17.628,38.424,32.989,0 days 02:15:12.769000,0 days 02:15:51.193000,0 days 02:16:24.182000,293.0,303.0,215.0,312.0,False,HARD,38.0,True,Mercedes,0 days 02:14:55.082000,2025-12-07 14:20:02.145,1,5.0,False,,False,True,89.041,89.041
284,0 days 02:17:52.954000,RUS,63,0 days 00:01:28.831000,53.0,2.0,,,17.668,38.336,32.827,0 days 02:16:41.850000,0 days 02:17:20.186000,0 days 02:17:53.013000,291.0,304.0,214.0,311.0,False,HARD,39.0,True,Mercedes,0 days 02:16:24.123000,2025-12-07 14:21:31.186,1,5.0,False,,False,True,88.831,88.83099999999999
285,0 days 02:19:21.655000,RUS,63,0 days 00:01:28.701000,54.0,2.0,,,17.685,38.343,32.673,0 days 02:18:10.698000,0 days 02:18:49.041000,0 days 02:19:21.714000,,304.0,213.0,312.0,False,HARD,40.0,True,Mercedes,0 days 02:17:52.954000,2025-12-07 14:23:00.017,1,5.0,False,,False,True,88.701,88.70100000000001
286,0 days 02:20:50.479000,RUS,63,0 days 00:01:28.824000,55.0,2.0,,,17.642,38.366,32.816,0 days 02:19:39.356000,0 days 02:20:17.722000,0 days 02:20:50.538000,292.0,304.0,214.0,310.0,False,HARD,41.0,True,Mercedes,0 days 02:19:21.655000,2025-12-07 14:24:28.718,1,5.0,False,,False,True,88.824,88.824
287,0 days 02:22:19.314000,RUS,63,0 days 00:01:28.835000,56.0,2.0,,,17.726,38.315,32.794,0 days 02:21:08.264000,0 days 02:21:46.579000,0 days 02:22:19.373000,291.0,304.0,214.0,312.0,False,HARD,42.0,True,Mercedes,0 days 02:20:50.479000,2025-12-07 14:25:57.542,1,5.0,False,,False,True,88.835,88.835
288,0 days 02:23:47.913000,RUS,63,0 days 00:01:28.599000,57.0,2.0,,,17.616,38.18,32.803,0 days 02:22:36.989000,0 days 02:23:15.169000,0 days 02:23:47.972000,292.0,305.0,213.0,313.0,True,HARD,43.0,True,Mercedes,0 days 02:22:19.314000,2025-12-07 14:27:26.377,1,5.0,False,,False,True,88.599,88.59899999999999
289,0 days 02:25:16.766000,RUS,63,0 days 00:01:28.853000,58.0,2.0,,,17.603,38.229,33.021,0 days 02:24:05.575000,0 days 02:24:43.804000,0 days 02:25:16.825000,294.0,298.0,215.0,312.0,False,HARD,44.0,True,Mercedes,0 days 02:23:47.913000,2025-12-07 14:28:54.976,1,5.0,False,,False,True,88.853,88.85300000000001
290,0 days 00:59:55.714000,ALO,14,0 days 00:01:34.980000,1.0,1.0,,,,38.662,34.166,,0 days 00:59:21.714000,0 days 00:59:55.904000,285.0,302.0,213.0,300.0,False,MEDIUM,2.0,False,Aston Martin,0 days 00:58:20.522000,2025-12-07 13:03:27.585,1,5.0,False,,False,False,94.98,
291,0 days 01:01:26.110000,ALO,14,0 days 00:01:30.396000,2.0,1.0,,,18.165,38.183,34.048,0 days 01:00:13.977000,0 days 01:00:52.160000,0 days 01:01:26.208000,286.0,304.0,214.0,314.0,True,MEDIUM,3.0,False,Aston Martin,0 days 00:59:55.714000,2025-12-07 13:05:02.777,1,5.0,False,,False,True,90.396,90.396
292,0 days 01:02:56.169000,ALO,14,0 days 00:01:30.059000,3.0,1.0,,,18.215,38.157,33.687,0 days 01:01:44.423000,0 days 01:02:22.580000,0 days 01:02:56.267000,,310.0,214.0,314.0,True,MEDIUM,4.0,False,Aston Martin,0 days 01:01:26.110000,2025-12-07 13:06:33.173,1,5.0,False,,False,True,90.059,90.059
293,0 days 01:04:27.065000,ALO,14,0 days 00:01:30.896000,4.0,1.0,,,18.248,38.745,33.903,0 days 01:03:14.515000,0 days 01:03:53.260000,0 days 01:04:27.163000,283.0,295.0,213.0,295.0,False,MEDIUM,5.0,False,Aston Martin,0 days 01:02:56.169000,2025-12-07 13:08:03.232,1,6.0,False,,False,True,90.896,90.89599999999999
294,0 days 01:05:57.261000,ALO,14,0 days 00:01:30.196000,5.0,1.0,,,17.924,38.463,33.809,0 days 01:04:45.087000,0 days 01:05:23.550000,0 days 01:05:57.359000,286.0,302.0,210.0,309.0,False,MEDIUM,6.0,False,Aston Martin,0 days 01:04:27.065000,2025-12-07 13:09:34.128,1,6.0,False,,False,True,90.196,90.196
295,0 days 01:07:27.673000,ALO,14,0 days 00:01:30.412000,6.0,1.0,,,18.06,38.682,33.67,0 days 01:06:15.419000,0 days 01:06:54.101000,0 days 01:07:27.771000,,291.0,212.0,293.0,False,MEDIUM,7.0,False,Aston Martin,0 days 01:05:57.261000,2025-12-07 13:11:04.324,1,6.0,False,,False,True,90.412,90.412
296,0 days 01:08:57.992000,ALO,14,0 days 00:01:30.319000,7.0,1.0,,,17.94,38.776,33.603,0 days 01:07:45.711000,0 days 01:08:24.487000,0 days 01:08:58.090000,285.0,293.0,212.0,300.0,False,MEDIUM,8.0,False,Aston Martin,0 days 01:07:27.673000,2025-12-07 13:12:34.736,1,6.0,False,,False,True,90.319,90.31900000000002
297,0 days 01:10:28.091000,ALO,14,0 days 00:01:30.099000,8.0,1.0,,,17.995,38.749,33.355,0 days 01:09:16.085000,0 days 01:09:54.834000,0 days 01:10:28.189000,,293.0,210.0,299.0,False,MEDIUM,9.0,False,Aston Martin,0 days 01:08:57.992000,2025-12-07 13:14:05.055,1,6.0,False,,False,True,90.099,90.09899999999999
298,0 days 01:11:58.102000,ALO,14,0 days 00:01:30.011000,9.0,1.0,,,18.05,38.779,33.182,0 days 01:10:46.239000,0 days 01:11:25.018000,0 days 01:11:58.200000,,293.0,211.0,301.0,True,MEDIUM,10.0,False,Aston Martin,0 days 01:10:28.091000,2025-12-07 13:15:35.154,1,6.0,False,,False,True,90.011,90.01100000000001
299,0 days 01:13:28.127000,ALO,14,0 days 00:01:30.025000,10.0,1.0,,,18.135,38.796,33.094,0 days 01:12:16.335000,0 days 01:12:55.131000,0 days 01:13:28.225000,,292.0,210.0,298.0,False,MEDIUM,11.0,False,Aston Martin,0 days 01:11:58.102000,2025-12-07 13:17:05.165,1,6.0,False,,False,True,90.025,90.025
300,0 days 01:14:57.927000,ALO,14,0 days 00:01:29.800000,11.0,1.0,,,18.123,38.664,33.013,0 days 01:13:46.348000,0 days 01:14:25.012000,0 days 01:14:58.025000,,292.0,210.0,302.0,True,MEDIUM,12.0,False,Aston Martin,0 days 01:13:28.127000,2025-12-07 13:18:35.190,1,6.0,False,,False,True,89.8,89.80000000000001
301,0 days 01:16:27.896000,ALO,14,0 days 00:01:29.969000,12.0,1.0,,,18.103,38.776,33.09,0 days 01:15:16.128000,0 days 01:15:54.904000,0 days 01:16:27.994000,286.0,294.0,207.0,302.0,False,MEDIUM,13.0,False,Aston Martin,0 days 01:14:57.927000,2025-12-07 13:20:04.990,1,6.0,False,,False,True,89.969,89.96900000000001
302,0 days 01:17:57.864000,ALO,14,0 days 00:01:29.968000,13.0,1.0,,,17.979,38.828,33.161,0 days 01:16:45.973000,0 days 01:17:24.801000,0 days 01:17:57.962000,,293.0,211.0,302.0,False,MEDIUM,14.0,False,Aston Martin,0 days 01:16:27.896000,2025-12-07 13:21:34.959,1,6.0,False,,False,True,89.968,89.968
303,0 days 01:19:28.131000,ALO,14,0 days 00:01:30.267000,14.0,1.0,,,18.125,38.989,33.153,0 days 01:18:16.087000,0 days 01:18:55.076000,0 days 01:19:28.229000,,292.0,211.0,299.0,False,MEDIUM,15.0,False,Aston Martin,0 days 01:17:57.864000,2025-12-07 13:23:04.927,1,5.0,False,,False,True,90.267,90.267
304,0 days 01:20:57.967000,ALO,14,0 days 00:01:29.836000,15.0,1.0,,,18.045,38.885,32.906,0 days 01:19:46.274000,0 days 01:20:25.159000,0 days 01:20:58.065000,,301.0,210.0,298.0,False,MEDIUM,16.0,False,Aston Martin,0 days 01:19:28.131000,2025-12-07 13:24:35.194,1,5.0,False,,False,True,89.836,89.836
305,0 days 01:22:29.895000,ALO,14,0 days 00:01:31.928000,16.0,1.0,,0 days 01:22:28.853000,17.936,38.897,35.095,0 days 01:21:16.001000,0 days 01:21:54.898000,0 days 01:22:29.993000,287.0,289.0,,299.0,False,MEDIUM,17.0,False,Aston Martin,0 days 01:20:57.967000,2025-12-07 13:26:05.030,1,5.0,False,,False,False,91.928,91.928
306,0 days 01:24:21.143000,ALO,14,0 days 00:01:51.248000,17.0,2.0,0 days 01:22:52.211000,,39.371,38.614,33.263,0 days 01:23:09.364000,0 days 01:23:47.978000,0 days 01:24:21.241000,286.0,312.0,214.0,315.0,False,HARD,2.0,False,Aston Martin,0 days 01:22:29.895000,2025-12-07 13:27:36.958,1,14.0,False,,False,False,111.248,111.24799999999999
307,0 days 01:25:51.136000,ALO,14,0 days 00:01:29.993000,18.0,2.0,,,17.992,38.51,33.491,0 days 01:24:39.233000,0 days 01:25:17.743000,0 days 01:25:51.234000,285.0,292.0,216.0,299.0,False,HARD,3.0,False,Aston Martin,0 days 01:24:21.143000,2025-12-07 13:29:28.206,1,14.0,False,,False,True,89.993,89.993
308,0 days 01:27:21.248000,ALO,14,0 days 00:01:30.112000,19.0,2.0,,,18.145,38.566,33.401,0 days 01:26:09.379000,0 days 01:26:47.945000,0 days 01:27:21.346000,283.0,293.0,214.0,301.0,False,HARD,4.0,False,Aston Martin,0 days 01:25:51.136000,2025-12-07 13:30:58.199,1,13.0,False,,False,True,90.112,90.112
309,0 days 01:28:51.355000,ALO,14,0 days 00:01:30.107000,20.0,2.0,,,18.077,38.582,33.448,0 days 01:27:39.423000,0 days 01:28:18.005000,0 days 01:28:51.453000,286.0,298.0,214.0,303.0,False,HARD,5.0,False,Aston Martin,0 days 01:27:21.248000,2025-12-07 13:32:28.311,1,12.0,False,,False,True,90.107,90.107
310,0 days 01:30:21.386000,ALO,14,0 days 00:01:30.031000,21.0,2.0,,,18.093,38.451,33.487,0 days 01:29:09.546000,0 days 01:29:47.997000,0 days 01:30:21.484000,288.0,302.0,214.0,309.0,False,HARD,6.0,False,Aston Martin,0 days 01:28:51.355000,2025-12-07 13:33:58.418,1,11.0,False,,False,True,90.031,90.031
311,0 days 01:31:51.707000,ALO,14,0 days 00:01:30.321000,22.0,2.0,,,18.278,38.151,33.892,0 days 01:30:39.762000,0 days 01:31:17.913000,0 days 01:31:51.805000,,310.0,215.0,320.0,False,HARD,7.0,False,Aston Martin,0 days 01:30:21.386000,2025-12-07 13:35:28.449,1,11.0,False,,False,True,90.321,90.321
312,0 days 01:33:21.127000,ALO,14,0 days 00:01:29.420000,23.0,2.0,,,18.012,37.816,33.592,0 days 01:32:09.817000,0 days 01:32:47.633000,0 days 01:33:21.225000,292.0,329.0,215.0,341.0,True,HARD,8.0,False,Aston Martin,0 days 01:31:51.707000,2025-12-07 13:36:58.770,1,10.0,False,,False,True,89.42,89.42
313,0 days 01:34:51.930000,ALO,14,0 days 00:01:30.803000,24.0,2.0,,,18.242,38.662,33.899,0 days 01:33:39.467000,0 days 01:34:18.129000,0 days 01:34:52.028000,289.0,304.0,214.0,312.0,False,HARD,9.0,False,Aston Martin,0 days 01:33:21.127000,2025-12-07 13:38:28.190,1,10.0,False,,False,True,90.803,90.803
314,0 days 01:36:22.190000,ALO,14,0 days 00:01:30.260000,25.0,2.0,,,17.934,38.109,34.217,0 days 01:35:09.962000,0 days 01:35:48.071000,0 days 01:36:22.288000,293.0,289.0,213.0,321.0,False,HARD,10.0,False,Aston Martin,0 days 01:34:51.930000,2025-12-07 13:39:58.993,1,10.0,False,,False,True,90.26,90.26
315,0 days 01:37:52.014000,ALO,14,0 days 00:01:29.824000,26.0,2.0,,,17.861,38.395,33.568,0 days 01:36:40.149000,0 days 01:37:18.544000,0 days 01:37:52.112000,292.0,299.0,212.0,325.0,False,HARD,11.0,False,Aston Martin,0 days 01:36:22.190000,2025-12-07 13:41:29.253,1,10.0,False,,False,True,89.824,89.824
316,0 days 01:39:21.764000,ALO,14,0 days 00:01:29.750000,27.0,2.0,,,17.856,38.244,33.65,0 days 01:38:09.968000,0 days 01:38:48.212000,0 days 01:39:21.862000,290.0,307.0,213.0,324.0,False,HARD,12.0,False,Aston Martin,0 days 01:37:52.014000,2025-12-07 13:42:59.077,1,9.0,False,,False,True,89.75,89.75
317,0 days 01:40:52.297000,ALO,14,0 days 00:01:30.533000,28.0,2.0,,,18.115,39.022,33.396,0 days 01:39:39.977000,0 days 01:40:18.999000,0 days 01:40:52.395000,286.0,295.0,213.0,294.0,False,HARD,13.0,False,Aston Martin,0 days 01:39:21.764000,2025-12-07 13:44:28.827,1,9.0,False,,False,True,90.533,90.533
318,0 days 01:42:22.694000,ALO,14,0 days 00:01:30.397000,29.0,2.0,,,18.242,38.799,33.356,0 days 01:41:10.637000,0 days 01:41:49.436000,0 days 01:42:22.792000,284.0,299.0,213.0,303.0,False,HARD,14.0,False,Aston Martin,0 days 01:40:52.297000,2025-12-07 13:45:59.360,1,9.0,False,,False,True,90.397,90.39699999999999
319,0 days 01:43:53.104000,ALO,14,0 days 00:01:30.410000,30.0,2.0,,,18.232,38.837,33.341,0 days 01:42:41.024000,0 days 01:43:19.861000,0 days 01:43:53.202000,286.0,297.0,212.0,304.0,False,HARD,15.0,False,Aston Martin,0 days 01:42:22.694000,2025-12-07 13:47:29.757,1,9.0,False,,False,True,90.41,90.41
320,0 days 01:45:22.812000,ALO,14,0 days 00:01:29.708000,31.0,2.0,,,17.881,38.597,33.23,0 days 01:44:11.083000,0 days 01:44:49.680000,0 days 01:45:22.910000,288.0,295.0,214.0,301.0,False,HARD,16.0,False,Aston Martin,0 days 01:43:53.104000,2025-12-07 13:49:00.167,1,9.0,False,,False,True,89.708,89.708
321,0 days 01:46:52.860000,ALO,14,0 days 00:01:30.048000,32.0,2.0,,,18.135,38.696,33.217,0 days 01:45:41.045000,0 days 01:46:19.741000,0 days 01:46:52.958000,285.0,292.0,214.0,299.0,False,HARD,17.0,False,Aston Martin,0 days 01:45:22.812000,2025-12-07 13:50:29.875,1,8.0,False,,False,True,90.048,90.048
322,0 days 01:48:22.842000,ALO,14,0 days 00:01:29.982000,33.0,2.0,,,17.932,38.751,33.299,0 days 01:47:10.890000,0 days 01:47:49.641000,0 days 01:48:22.940000,287.0,294.0,213.0,303.0,False,HARD,18.0,False,Aston Martin,0 days 01:46:52.860000,2025-12-07 13:51:59.923,1,7.0,False,,False,True,89.982,89.982
323,0 days 01:49:52.593000,ALO,14,0 days 00:01:29.751000,34.0,2.0,,,18.04,38.657,33.054,0 days 01:48:40.980000,0 days 01:49:19.637000,0 days 01:49:52.691000,,296.0,215.0,300.0,False,HARD,19.0,False,Aston Martin,0 days 01:48:22.842000,2025-12-07 13:53:29.905,1,7.0,False,,False,True,89.751,89.751
324,0 days 01:51:22.357000,ALO,14,0 days 00:01:29.764000,35.0,2.0,,,18.038,38.573,33.153,0 days 01:50:10.729000,0 days 01:50:49.302000,0 days 01:51:22.455000,,295.0,215.0,302.0,False,HARD,20.0,False,Aston Martin,0 days 01:49:52.593000,2025-12-07 13:54:59.656,1,7.0,False,,False,True,89.764,89.76400000000001
325,0 days 01:52:52.176000,ALO,14,0 days 00:01:29.819000,36.0,2.0,,,17.993,38.625,33.201,0 days 01:51:40.448000,0 days 01:52:19.073000,0 days 01:52:52.274000,288.0,292.0,216.0,298.0,False,HARD,21.0,False,Aston Martin,0 days 01:51:22.357000,2025-12-07 13:56:29.420,1,7.0,False,,False,True,89.819,89.81899999999999
326,0 days 01:54:22.476000,ALO,14,0 days 00:01:30.300000,37.0,2.0,,,17.949,38.77,33.581,0 days 01:53:10.223000,0 days 01:53:48.993000,0 days 01:54:22.574000,,290.0,216.0,297.0,False,HARD,22.0,False,Aston Martin,0 days 01:52:52.176000,2025-12-07 13:57:59.239,1,7.0,False,,False,True,90.3,90.30000000000001
327,0 days 01:55:52.988000,ALO,14,0 days 00:01:30.512000,38.0,2.0,,,18.135,38.525,33.852,0 days 01:54:40.709000,0 days 01:55:19.234000,0 days 01:55:53.086000,285.0,283.0,215.0,302.0,False,HARD,23.0,False,Aston Martin,0 days 01:54:22.476000,2025-12-07 13:59:29.539,1,7.0,False,,False,True,90.512,90.512
328,0 days 01:57:23.089000,ALO,14,0 days 00:01:30.101000,39.0,2.0,,,17.844,38.477,33.78,0 days 01:56:10.930000,0 days 01:56:49.407000,0 days 01:57:23.187000,292.0,290.0,216.0,304.0,False,HARD,24.0,False,Aston Martin,0 days 01:55:52.988000,2025-12-07 14:01:00.051,1,7.0,False,,False,True,90.101,90.101
329,0 days 01:58:53.073000,ALO,14,0 days 00:01:29.984000,40.0,2.0,,,17.746,38.538,33.7,0 days 01:57:40.933000,0 days 01:58:19.471000,0 days 01:58:53.171000,289.0,292.0,217.0,296.0,False,HARD,25.0,False,Aston Martin,0 days 01:57:23.089000,2025-12-07 14:02:30.152,1,7.0,False,,False,True,89.984,89.984
330,0 days 02:00:22.600000,ALO,14,0 days 00:01:29.527000,41.0,2.0,,,17.905,38.443,33.179,0 days 01:59:11.076000,0 days 01:59:49.519000,0 days 02:00:22.698000,288.0,292.0,216.0,303.0,False,HARD,26.0,False,Aston Martin,0 days 01:58:53.073000,2025-12-07 14:04:00.136,1,7.0,False,,False,True,89.527,89.527
331,0 days 02:01:51.548000,ALO,14,0 days 00:01:28.948000,42.0,2.0,,,17.769,38.507,32.672,0 days 02:00:40.467000,0 days 02:01:18.974000,0 days 02:01:51.646000,289.0,297.0,216.0,304.0,True,HARD,27.0,False,Aston Martin,0 days 02:00:22.600000,2025-12-07 14:05:29.663,1,7.0,False,,False,True,88.948,88.948
332,0 days 02:03:21.186000,ALO,14,0 days 00:01:29.638000,43.0,2.0,,,17.815,38.737,33.086,0 days 02:02:09.461000,0 days 02:02:48.198000,0 days 02:03:21.284000,,293.0,215.0,300.0,False,HARD,28.0,False,Aston Martin,0 days 02:01:51.548000,2025-12-07 14:06:58.611,1,6.0,False,,False,True,89.638,89.638
333,0 days 02:04:50.316000,ALO,14,0 days 00:01:29.130000,44.0,2.0,,,17.635,38.598,32.897,0 days 02:03:38.919000,0 days 02:04:17.517000,0 days 02:04:50.414000,290.0,290.0,214.0,301.0,False,HARD,29.0,False,Aston Martin,0 days 02:03:21.186000,2025-12-07 14:08:28.249,1,6.0,False,,False,True,89.13,89.13
334,0 days 02:06:19.671000,ALO,14,0 days 00:01:29.355000,45.0,2.0,,,17.792,38.646,32.917,0 days 02:05:08.206000,0 days 02:05:46.852000,0 days 02:06:19.769000,287.0,294.0,216.0,301.0,False,HARD,30.0,False,Aston Martin,0 days 02:04:50.316000,2025-12-07 14:09:57.379,1,6.0,False,,False,True,89.355,89.355
335,0 days 02:07:48.906000,ALO,14,0 days 00:01:29.235000,46.0,2.0,,,17.768,38.59,32.877,0 days 02:06:37.537000,0 days 02:07:16.127000,0 days 02:07:49.004000,282.0,295.0,216.0,299.0,False,HARD,31.0,False,Aston Martin,0 days 02:06:19.671000,2025-12-07 14:11:26.734,1,6.0,False,,False,True,89.235,89.23500000000001
336,0 days 02:09:18.026000,ALO,14,0 days 00:01:29.120000,47.0,2.0,,,17.682,38.431,33.007,0 days 02:08:06.686000,0 days 02:08:45.117000,0 days 02:09:18.124000,289.0,294.0,217.0,304.0,False,HARD,32.0,False,Aston Martin,0 days 02:07:48.906000,2025-12-07 14:12:55.969,1,6.0,False,,False,True,89.12,89.12
337,0 days 02:10:47.472000,ALO,14,0 days 00:01:29.446000,48.0,2.0,,,17.65,38.666,33.13,0 days 02:09:35.774000,0 days 02:10:14.440000,0 days 02:10:47.570000,285.0,292.0,217.0,300.0,False,HARD,33.0,False,Aston Martin,0 days 02:09:18.026000,2025-12-07 14:14:25.089,1,6.0,False,,False,True,89.446,89.446
338,0 days 02:12:16.792000,ALO,14,0 days 00:01:29.320000,49.0,2.0,,,17.783,38.701,32.836,0 days 02:11:05.353000,0 days 02:11:44.054000,0 days 02:12:16.890000,286.0,288.0,216.0,300.0,False,HARD,34.0,False,Aston Martin,0 days 02:10:47.472000,2025-12-07 14:15:54.535,1,6.0,False,,False,True,89.32,89.32
339,0 days 02:13:45.798000,ALO,14,0 days 00:01:29.006000,50.0,2.0,,,17.839,38.594,32.573,0 days 02:12:34.729000,0 days 02:13:13.323000,0 days 02:13:45.896000,285.0,295.0,216.0,301.0,False,HARD,35.0,False,Aston Martin,0 days 02:12:16.792000,2025-12-07 14:17:23.855,1,6.0,False,,False,True,89.006,89.006
340,0 days 02:15:14.312000,ALO,14,0 days 00:01:28.514000,51.0,2.0,,,17.524,38.673,32.317,0 days 02:14:03.420000,0 days 02:14:42.093000,0 days 02:15:14.410000,289.0,294.0,216.0,299.0,True,HARD,36.0,False,Aston Martin,0 days 02:13:45.798000,2025-12-07 14:18:52.861,1,6.0,False,,False,True,88.514,88.51400000000001
341,0 days 02:16:43.397000,ALO,14,0 days 00:01:29.085000,52.0,2.0,,,17.904,38.713,32.468,0 days 02:15:32.314000,0 days 02:16:11.027000,0 days 02:16:43.495000,288.0,297.0,215.0,302.0,False,HARD,37.0,False,Aston Martin,0 days 02:15:14.312000,2025-12-07 14:20:21.375,1,6.0,False,,False,True,89.085,89.08500000000001
342,0 days 02:18:11.954000,ALO,14,0 days 00:01:28.557000,53.0,2.0,,,17.703,38.595,32.259,0 days 02:17:01.198000,0 days 02:17:39.793000,0 days 02:18:12.052000,290.0,291.0,215.0,300.0,False,HARD,38.0,False,Aston Martin,0 days 02:16:43.397000,2025-12-07 14:21:50.460,1,6.0,False,,False,True,88.557,88.557
343,0 days 02:19:40.233000,ALO,14,0 days 00:01:28.279000,54.0,2.0,,,17.611,38.419,32.249,0 days 02:18:29.663000,0 days 02:19:08.082000,0 days 02:19:40.331000,291.0,292.0,215.0,299.0,True,HARD,39.0,False,Aston Martin,0 days 02:18:11.954000,2025-12-07 14:23:19.017,1,6.0,False,,False,True,88.279,88.279
344,0 days 02:21:08.626000,ALO,14,0 days 00:01:28.393000,55.0,2.0,,,17.683,38.377,32.333,0 days 02:19:58.014000,0 days 02:20:36.391000,0 days 02:21:08.724000,290.0,294.0,213.0,300.0,False,HARD,40.0,False,Aston Martin,0 days 02:19:40.233000,2025-12-07 14:24:47.296,1,6.0,False,,False,True,88.393,88.393
345,0 days 02:22:37.403000,ALO,14,0 days 00:01:28.777000,56.0,2.0,,,17.616,38.715,32.446,0 days 02:21:26.340000,0 days 02:22:05.055000,0 days 02:22:37.501000,292.0,291.0,214.0,299.0,False,HARD,41.0,False,Aston Martin,0 days 02:21:08.626000,2025-12-07 14:26:15.689,1,6.0,False,,False,True,88.777,88.777
346,0 days 02:24:06.519000,ALO,14,0 days 00:01:29.116000,57.0,2.0,,,17.831,38.903,32.382,0 days 02:22:55.332000,0 days 02:23:34.235000,0 days 02:24:06.617000,287.0,293.0,215.0,273.0,False,HARD,42.0,False,Aston Martin,0 days 02:22:37.403000,2025-12-07 14:27:44.466,1,6.0,False,,False,True,89.116,89.11599999999999
347,0 days 02:25:35.765000,ALO,14,0 days 00:01:29.246000,58.0,2.0,,,17.985,38.894,32.367,0 days 02:24:24.602000,0 days 02:25:03.496000,0 days 02:25:35.863000,,303.0,213.0,290.0,False,HARD,43.0,False,Aston Martin,0 days 02:24:06.519000,2025-12-07 14:29:13.582,1,6.0,False,,False,True,89.246,89.246
348,0 days 00:59:57.804000,OCO,31,0 days 00:01:37.070000,1.0,1.0,,,,39.668,34.309,,0 days 00:59:23.789000,0 days 00:59:58.022000,289.0,306.0,212.0,306.0,False,MEDIUM,1.0,True,Haas F1 Team,0 days 00:58:20.522000,2025-12-07 13:03:27.585,1,9.0,False,,False,False,97.07,
349,0 days 01:01:28.308000,OCO,31,0 days 00:01:30.504000,2.0,1.0,,,18.317,38.134,34.053,0 days 01:00:16.179000,0 days 01:00:54.313000,0 days 01:01:28.366000,284.0,313.0,212.0,322.0,True,MEDIUM,2.0,True,Haas F1 Team,0 days 00:59:57.804000,2025-12-07 13:05:04.867,1,9.0,False,,False,True,90.504,90.50399999999999
350,0 days 01:02:58.614000,OCO,31,0 days 00:01:30.306000,3.0,1.0,,,18.307,38.157,33.842,0 days 01:01:46.673000,0 days 01:02:24.830000,0 days 01:02:58.672000,288.0,306.0,211.0,320.0,True,MEDIUM,3.0,True,Haas F1 Team,0 days 01:01:28.308000,2025-12-07 13:06:35.371,1,9.0,False,,False,True,90.306,90.306
351,0 days 01:04:29.114000,OCO,31,0 days 00:01:30.500000,4.0,1.0,,,18.351,38.213,33.936,0 days 01:03:17.023000,0 days 01:03:55.236000,0 days 01:04:29.172000,284.0,306.0,210.0,315.0,False,MEDIUM,4.0,True,Haas F1 Team,0 days 01:02:58.614000,2025-12-07 13:08:05.677,1,9.0,False,,False,True,90.5,90.5
352,0 days 01:05:59.277000,OCO,31,0 days 00:01:30.163000,5.0,1.0,,,18.288,38.119,33.756,0 days 01:04:47.460000,0 days 01:05:25.579000,0 days 01:05:59.335000,283.0,304.0,209.0,318.0,True,MEDIUM,5.0,True,Haas F1 Team,0 days 01:04:29.114000,2025-12-07 13:09:36.177,1,9.0,False,,False,True,90.163,90.163
353,0 days 01:07:29.764000,OCO,31,0 days 00:01:30.487000,6.0,1.0,,,18.369,38.212,33.906,0 days 01:06:17.704000,0 days 01:06:55.916000,0 days 01:07:29.822000,284.0,312.0,210.0,317.0,False,MEDIUM,6.0,True,Haas F1 Team,0 days 01:05:59.277000,2025-12-07 13:11:06.340,1,9.0,False,,False,True,90.487,90.487
354,0 days 01:09:00.159000,OCO,31,0 days 00:01:30.395000,7.0,1.0,,,18.259,38.137,33.999,0 days 01:07:48.081000,0 days 01:08:26.218000,0 days 01:09:00.217000,286.0,314.0,211.0,316.0,False,MEDIUM,7.0,True,Haas F1 Team,0 days 01:07:29.764000,2025-12-07 13:12:36.827,1,9.0,False,,False,True,90.395,90.39500000000001
355,0 days 01:10:30.588000,OCO,31,0 days 00:01:30.429000,8.0,1.0,,,18.3,38.168,33.961,0 days 01:09:18.517000,0 days 01:09:56.685000,0 days 01:10:30.646000,284.0,316.0,211.0,318.0,False,MEDIUM,8.0,True,Haas F1 Team,0 days 01:09:00.159000,2025-12-07 13:14:07.222,1,9.0,False,,False,True,90.429,90.429
356,0 days 01:12:00.733000,OCO,31,0 days 00:01:30.145000,9.0,1.0,,,18.215,38.152,33.778,0 days 01:10:48.861000,0 days 01:11:27.013000,0 days 01:12:00.791000,,316.0,210.0,321.0,True,MEDIUM,9.0,True,Haas F1 Team,0 days 01:10:30.588000,2025-12-07 13:15:37.651,1,9.0,False,,False,True,90.145,90.14500000000001
357,0 days 01:13:31.065000,OCO,31,0 days 00:01:30.332000,10.0,1.0,,,18.159,38.294,33.879,0 days 01:12:18.950000,0 days 01:12:57.244000,0 days 01:13:31.123000,288.0,310.0,209.0,327.0,False,MEDIUM,10.0,True,Haas F1 Team,0 days 01:12:00.733000,2025-12-07 13:17:07.796,1,9.0,False,,False,True,90.332,90.332
358,0 days 01:15:01.923000,OCO,31,0 days 00:01:30.858000,11.0,1.0,,,18.244,38.603,34.011,0 days 01:13:49.367000,0 days 01:14:27.970000,0 days 01:15:01.981000,286.0,308.0,210.0,322.0,False,MEDIUM,11.0,True,Haas F1 Team,0 days 01:13:31.065000,2025-12-07 13:18:38.128,1,9.0,False,,False,True,90.858,90.858
359,0 days 01:16:32.709000,OCO,31,0 days 00:01:30.786000,12.0,1.0,,,18.226,38.667,33.893,0 days 01:15:20.207000,0 days 01:15:58.874000,0 days 01:16:32.767000,290.0,304.0,210.0,323.0,False,MEDIUM,12.0,True,Haas F1 Team,0 days 01:15:01.923000,2025-12-07 13:20:08.986,1,9.0,False,,False,True,90.786,90.786
360,0 days 01:18:03.785000,OCO,31,0 days 00:01:31.076000,13.0,1.0,,,18.237,38.598,34.241,0 days 01:16:51.004000,0 days 01:17:29.602000,0 days 01:18:03.843000,283.0,305.0,210.0,320.0,False,MEDIUM,13.0,True,Haas F1 Team,0 days 01:16:32.709000,2025-12-07 13:21:39.772,1,9.0,False,,False,True,91.076,91.076
361,0 days 01:19:34.807000,OCO,31,0 days 00:01:31.022000,14.0,1.0,,,18.181,38.654,34.187,0 days 01:18:22.024000,0 days 01:19:00.678000,0 days 01:19:34.865000,285.0,311.0,210.0,330.0,False,MEDIUM,14.0,True,Haas F1 Team,0 days 01:18:03.785000,2025-12-07 13:23:10.848,1,8.0,False,,False,True,91.022,91.022
362,0 days 01:21:05.053000,OCO,31,0 days 00:01:30.246000,15.0,1.0,,,18.093,38.907,33.246,0 days 01:19:52.958000,0 days 01:20:31.865000,0 days 01:21:05.111000,286.0,294.0,209.0,305.0,False,MEDIUM,15.0,True,Haas F1 Team,0 days 01:19:34.807000,2025-12-07 13:24:41.870,1,7.0,False,,False,True,90.246,90.24600000000001
363,0 days 01:22:35.880000,OCO,31,0 days 00:01:30.827000,16.0,1.0,,,18.121,39.132,33.574,0 days 01:21:23.232000,0 days 01:22:02.364000,0 days 01:22:35.938000,285.0,294.0,208.0,305.0,False,MEDIUM,16.0,True,Haas F1 Team,0 days 01:21:05.053000,2025-12-07 13:26:12.116,1,6.0,False,,False,True,90.827,90.827
364,0 days 01:24:06.830000,OCO,31,0 days 00:01:30.950000,17.0,1.0,,,18.13,39.151,33.669,0 days 01:22:54.068000,0 days 01:23:33.219000,0 days 01:24:06.888000,288.0,297.0,210.0,309.0,False,MEDIUM,17.0,True,Haas F1 Team,0 days 01:22:35.880000,2025-12-07 13:27:42.943,1,3.0,False,,False,True,90.95,90.95
365,0 days 01:25:37.844000,OCO,31,0 days 00:01:31.014000,18.0,1.0,,,18.149,39.145,33.72,0 days 01:24:25.037000,0 days 01:25:04.182000,0 days 01:25:37.902000,285.0,294.0,210.0,305.0,False,MEDIUM,18.0,True,Haas F1 Team,0 days 01:24:06.830000,2025-12-07 13:29:13.893,1,3.0,False,,False,True,91.014,91.01400000000001
366,0 days 01:27:10.904000,OCO,31,0 days 00:01:33.060000,19.0,1.0,,0 days 01:27:09.983000,18.122,38.952,35.986,0 days 01:25:56.024000,0 days 01:26:34.976000,0 days 01:27:10.962000,288.0,302.0,,304.0,False,MEDIUM,19.0,True,Haas F1 Team,0 days 01:25:37.844000,2025-12-07 13:30:44.907,1,4.0,False,,False,False,93.06,93.06
367,0 days 01:29:00.705000,OCO,31,0 days 00:01:49.801000,20.0,2.0,0 days 01:27:32.271000,,38.66,38.557,32.584,0 days 01:27:49.622000,0 days 01:28:28.179000,0 days 01:29:00.763000,285.0,295.0,216.0,305.0,False,HARD,1.0,True,Haas F1 Team,0 days 01:27:10.904000,2025-12-07 13:32:17.967,1,17.0,False,,False,False,109.801,109.801
368,0 days 01:30:29.460000,OCO,31,0 days 00:01:28.755000,21.0,2.0,,,17.937,37.975,32.843,0 days 01:29:18.700000,0 days 01:29:56.675000,0 days 01:30:29.518000,287.0,299.0,215.0,309.0,True,HARD,2.0,True,Haas F1 Team,0 days 01:29:00.705000,2025-12-07 13:34:07.768,1,17.0,False,,False,True,88.755,88.75500000000001
369,0 days 01:31:58.200000,OCO,31,0 days 00:01:28.740000,22.0,2.0,,,17.864,37.93,32.946,0 days 01:30:47.382000,0 days 01:31:25.312000,0 days 01:31:58.258000,288.0,300.0,215.0,311.0,True,HARD,3.0,True,Haas F1 Team,0 days 01:30:29.460000,2025-12-07 13:35:36.523,1,16.0,False,,False,True,88.74,88.74
370,0 days 01:33:27.082000,OCO,31,0 days 00:01:28.882000,23.0,2.0,,,17.787,38.015,33.08,0 days 01:32:16.045000,0 days 01:32:54.060000,0 days 01:33:27.140000,291.0,314.0,214.0,314.0,False,HARD,4.0,True,Haas F1 Team,0 days 01:31:58.200000,2025-12-07 13:37:05.263,1,15.0,False,,False,True,88.882,88.882
371,0 days 01:34:56.103000,OCO,31,0 days 00:01:29.021000,24.0,2.0,,,17.868,37.966,33.187,0 days 01:33:45.008000,0 days 01:34:22.974000,0 days 01:34:56.161000,294.0,309.0,214.0,334.0,False,HARD,5.0,True,Haas F1 Team,0 days 01:33:27.082000,2025-12-07 13:38:34.145,1,14.0,False,,False,True,89.021,89.021
372,0 days 01:36:25.221000,OCO,31,0 days 00:01:29.118000,25.0,2.0,,,17.998,37.998,33.122,0 days 01:35:14.159000,0 days 01:35:52.157000,0 days 01:36:25.279000,289.0,310.0,212.0,338.0,False,HARD,6.0,True,Haas F1 Team,0 days 01:34:56.103000,2025-12-07 13:40:03.166,1,13.0,False,,False,True,89.118,89.118
373,0 days 01:37:54.688000,OCO,31,0 days 00:01:29.467000,26.0,2.0,,,17.953,38.356,33.158,0 days 01:36:43.232000,0 days 01:37:21.588000,0 days 01:37:54.746000,287.0,298.0,212.0,302.0,False,HARD,7.0,True,Haas F1 Team,0 days 01:36:25.221000,2025-12-07 13:41:32.284,1,13.0,False,,False,True,89.467,89.467
374,0 days 01:39:24.376000,OCO,31,0 days 00:01:29.688000,27.0,2.0,,,18.042,37.975,33.671,0 days 01:38:12.788000,0 days 01:38:50.763000,0 days 01:39:24.434000,286.0,316.0,210.0,323.0,False,HARD,8.0,True,Haas F1 Team,0 days 01:37:54.688000,2025-12-07 13:43:01.751,1,13.0,False,,False,True,89.688,89.688
375,0 days 01:40:54.844000,OCO,31,0 days 00:01:30.468000,28.0,2.0,,,18.292,37.924,34.252,0 days 01:39:42.726000,0 days 01:40:20.650000,0 days 01:40:54.902000,288.0,308.0,211.0,317.0,False,HARD,9.0,True,Haas F1 Team,0 days 01:39:24.376000,2025-12-07 13:44:31.439,1,13.0,False,,False,True,90.468,90.468
376,0 days 01:42:25.614000,OCO,31,0 days 00:01:30.770000,29.0,2.0,,,18.05,38.445,34.275,0 days 01:41:12.952000,0 days 01:41:51.397000,0 days 01:42:25.672000,296.0,314.0,212.0,333.0,False,HARD,10.0,True,Haas F1 Team,0 days 01:40:54.844000,2025-12-07 13:46:01.907,1,13.0,False,,False,True,90.77,90.77000000000001
377,0 days 01:43:55.895000,OCO,31,0 days 00:01:30.281000,30.0,2.0,,,18.079,38.004,34.198,0 days 01:42:43.751000,0 days 01:43:21.755000,0 days 01:43:55.953000,289.0,320.0,213.0,321.0,False,HARD,11.0,True,Haas F1 Team,0 days 01:42:25.614000,2025-12-07 13:47:32.677,1,13.0,False,,False,True,90.281,90.281
378,0 days 01:45:26.494000,OCO,31,0 days 00:01:30.599000,31.0,2.0,,,18.26,38.181,34.158,0 days 01:44:14.213000,0 days 01:44:52.394000,0 days 01:45:26.552000,294.0,308.0,214.0,332.0,False,HARD,12.0,True,Haas F1 Team,0 days 01:43:55.895000,2025-12-07 13:49:02.958,1,12.0,False,,False,True,90.599,90.599
379,0 days 01:46:55.629000,OCO,31,0 days 00:01:29.135000,32.0,2.0,,,17.884,37.963,33.288,0 days 01:45:44.436000,0 days 01:46:22.399000,0 days 01:46:55.687000,293.0,298.0,212.0,329.0,False,HARD,13.0,True,Haas F1 Team,0 days 01:45:26.494000,2025-12-07 13:50:33.557,1,10.0,False,,False,True,89.135,89.13499999999999
380,0 days 01:48:25.447000,OCO,31,0 days 00:01:29.818000,33.0,2.0,,,18.188,38.529,33.101,0 days 01:47:13.875000,0 days 01:47:52.404000,0 days 01:48:25.505000,283.0,297.0,212.0,305.0,False,HARD,14.0,True,Haas F1 Team,0 days 01:46:55.629000,2025-12-07 13:52:02.692,1,9.0,False,,False,True,89.818,89.818
381,0 days 01:49:54.795000,OCO,31,0 days 00:01:29.348000,34.0,2.0,,,17.861,38.216,33.271,0 days 01:48:43.366000,0 days 01:49:21.582000,0 days 01:49:54.853000,290.0,302.0,213.0,311.0,False,HARD,15.0,True,Haas F1 Team,0 days 01:48:25.447000,2025-12-07 13:53:32.510,1,9.0,False,,False,True,89.348,89.348
382,0 days 01:51:24.271000,OCO,31,0 days 00:01:29.476000,35.0,2.0,,,17.916,38.25,33.31,0 days 01:50:12.769000,0 days 01:50:51.019000,0 days 01:51:24.329000,289.0,300.0,213.0,312.0,False,HARD,16.0,True,Haas F1 Team,0 days 01:49:54.795000,2025-12-07 13:55:01.858,1,9.0,False,,False,True,89.476,89.476
383,0 days 01:52:53.803000,OCO,31,0 days 00:01:29.532000,36.0,2.0,,,17.882,37.887,33.763,0 days 01:51:42.211000,0 days 01:52:20.098000,0 days 01:52:53.861000,290.0,316.0,212.0,329.0,False,HARD,17.0,True,Haas F1 Team,0 days 01:51:24.271000,2025-12-07 13:56:31.334,1,9.0,False,,False,True,89.532,89.53200000000001
384,0 days 01:54:24.053000,OCO,31,0 days 00:01:30.250000,37.0,2.0,,,17.92,38.031,34.299,0 days 01:53:11.781000,0 days 01:53:49.812000,0 days 01:54:24.111000,291.0,317.0,213.0,331.0,False,HARD,18.0,True,Haas F1 Team,0 days 01:52:53.803000,2025-12-07 13:58:00.866,1,9.0,False,,False,True,90.25,90.25
385,0 days 01:55:53.783000,OCO,31,0 days 00:01:29.730000,38.0,2.0,,,17.794,38.128,33.808,0 days 01:54:41.905000,0 days 01:55:20.033000,0 days 01:55:53.841000,,305.0,214.0,340.0,False,HARD,19.0,True,Haas F1 Team,0 days 01:54:24.053000,2025-12-07 13:59:31.116,1,8.0,False,,False,True,89.73,89.72999999999999
386,0 days 01:57:23.900000,OCO,31,0 days 00:01:30.117000,39.0,2.0,,,17.722,38.175,34.22,0 days 01:56:11.563000,0 days 01:56:49.738000,0 days 01:57:23.958000,290.0,306.0,213.0,321.0,False,HARD,20.0,True,Haas F1 Team,0 days 01:55:53.783000,2025-12-07 14:01:00.846,1,8.0,False,,False,True,90.117,90.11699999999999
387,0 days 01:58:54.009000,OCO,31,0 days 00:01:30.109000,40.0,2.0,,,17.736,38.059,34.314,0 days 01:57:41.694000,0 days 01:58:19.753000,0 days 01:58:54.067000,289.0,309.0,215.0,324.0,False,HARD,21.0,True,Haas F1 Team,0 days 01:57:23.900000,2025-12-07 14:02:30.963,1,8.0,False,,False,True,90.109,90.10900000000001
388,0 days 02:00:23.444000,OCO,31,0 days 00:01:29.435000,41.0,2.0,,,17.698,38.093,33.644,0 days 01:59:11.765000,0 days 01:59:49.858000,0 days 02:00:23.502000,291.0,310.0,215.0,331.0,False,HARD,22.0,True,Haas F1 Team,0 days 01:58:54.009000,2025-12-07 14:04:01.072,1,8.0,False,,False,True,89.435,89.435
389,0 days 02:01:52.688000,OCO,31,0 days 00:01:29.244000,42.0,2.0,,,17.654,38.193,33.397,0 days 02:00:41.156000,0 days 02:01:19.349000,0 days 02:01:52.746000,295.0,311.0,215.0,322.0,False,HARD,23.0,True,Haas F1 Team,0 days 02:00:23.444000,2025-12-07 14:05:30.507,1,8.0,True,TRACK LIMITS AT TURN 1 LAP 44 ,False,True,89.244,89.244
390,0 days 02:03:22.210000,OCO,31,0 days 00:01:29.522000,43.0,2.0,,,17.691,38.393,33.438,0 days 02:02:10.437000,0 days 02:02:48.830000,0 days 02:03:22.268000,287.0,308.0,216.0,303.0,False,HARD,24.0,True,Haas F1 Team,0 days 02:01:52.688000,2025-12-07 14:06:59.751,1,7.0,False,,False,True,89.522,89.522
391,0 days 02:04:51.454000,OCO,31,0 days 00:01:29.244000,44.0,2.0,,,17.686,38.476,33.082,0 days 02:03:39.954000,0 days 02:04:18.430000,0 days 02:04:51.512000,288.0,296.0,215.0,305.0,False,HARD,25.0,True,Haas F1 Team,0 days 02:03:22.210000,2025-12-07 14:08:29.273,1,7.0,True,TRACK LIMITS AT TURN 1 LAP 44 ,False,True,89.244,89.244
392,0 days 02:06:20.614000,OCO,31,0 days 00:01:29.160000,45.0,2.0,,,17.736,38.202,33.222,0 days 02:05:09.248000,0 days 02:05:47.450000,0 days 02:06:20.672000,289.0,308.0,215.0,307.0,False,HARD,26.0,True,Haas F1 Team,0 days 02:04:51.454000,2025-12-07 14:09:58.517,1,7.0,False,,False,True,89.16,89.16
393,0 days 02:07:49.804000,OCO,31,0 days 00:01:29.190000,46.0,2.0,,,17.699,38.11,33.381,0 days 02:06:38.371000,0 days 02:07:16.481000,0 days 02:07:49.862000,295.0,309.0,216.0,323.0,False,HARD,27.0,True,Haas F1 Team,0 days 02:06:20.614000,2025-12-07 14:11:27.677,1,7.0,False,,False,True,89.19,89.19
394,0 days 02:09:18.962000,OCO,31,0 days 00:01:29.158000,47.0,2.0,,,17.639,38.058,33.461,0 days 02:08:07.501000,0 days 02:08:45.559000,0 days 02:09:19.020000,291.0,310.0,216.0,324.0,False,HARD,28.0,True,Haas F1 Team,0 days 02:07:49.804000,2025-12-07 14:12:56.867,1,7.0,False,,False,True,89.158,89.158
395,0 days 02:10:48.623000,OCO,31,0 days 00:01:29.661000,48.0,2.0,,,17.82,38.552,33.289,0 days 02:09:36.840000,0 days 02:10:15.392000,0 days 02:10:48.681000,,299.0,215.0,307.0,False,HARD,29.0,True,Haas F1 Team,0 days 02:09:18.962000,2025-12-07 14:14:26.025,1,7.0,False,,False,True,89.661,89.661
396,0 days 02:12:17.957000,OCO,31,0 days 00:01:29.334000,49.0,2.0,,,17.708,38.25,33.376,0 days 02:11:06.389000,0 days 02:11:44.639000,0 days 02:12:18.015000,293.0,306.0,215.0,309.0,False,HARD,30.0,True,Haas F1 Team,0 days 02:10:48.623000,2025-12-07 14:15:55.686,1,7.0,False,,False,True,89.334,89.334
397,0 days 02:13:46.892000,OCO,31,0 days 00:01:28.935000,50.0,2.0,,,17.656,37.912,33.367,0 days 02:12:35.671000,0 days 02:13:13.583000,0 days 02:13:46.950000,,311.0,217.0,323.0,False,HARD,31.0,True,Haas F1 Team,0 days 02:12:17.957000,2025-12-07 14:17:25.020,1,7.0,False,,False,True,88.935,88.935
398,0 days 02:15:15.887000,OCO,31,0 days 00:01:28.995000,51.0,2.0,,,17.58,38.506,32.909,0 days 02:14:04.530000,0 days 02:14:43.036000,0 days 02:15:15.945000,295.0,296.0,216.0,308.0,False,HARD,32.0,True,Haas F1 Team,0 days 02:13:46.892000,2025-12-07 14:18:53.955,1,7.0,False,,False,True,88.995,88.995
399,0 days 02:16:45.292000,OCO,31,0 days 00:01:29.405000,52.0,2.0,,,17.659,38.669,33.077,0 days 02:15:33.604000,0 days 02:16:12.273000,0 days 02:16:45.350000,289.0,319.0,215.0,315.0,False,HARD,33.0,True,Haas F1 Team,0 days 02:15:15.887000,2025-12-07 14:20:22.950,1,7.0,False,,False,True,89.405,89.405
400,0 days 02:18:14.524000,OCO,31,0 days 00:01:29.232000,53.0,2.0,,,17.765,38.623,32.844,0 days 02:17:03.115000,0 days 02:17:41.738000,0 days 02:18:14.582000,288.0,294.0,215.0,304.0,False,HARD,34.0,True,Haas F1 Team,0 days 02:16:45.292000,2025-12-07 14:21:52.355,1,7.0,False,,False,True,89.232,89.232
401,0 days 02:19:43.186000,OCO,31,0 days 00:01:28.662000,54.0,2.0,,,17.654,38.316,32.692,0 days 02:18:32.236000,0 days 02:19:10.552000,0 days 02:19:43.244000,294.0,299.0,214.0,308.0,True,HARD,35.0,True,Haas F1 Team,0 days 02:18:14.524000,2025-12-07 14:23:21.587,1,7.0,False,,False,True,88.662,88.662
402,0 days 02:21:11.905000,OCO,31,0 days 00:01:28.719000,55.0,2.0,,,17.691,38.301,32.727,0 days 02:20:00.935000,0 days 02:20:39.236000,0 days 02:21:11.963000,292.0,297.0,215.0,307.0,False,HARD,36.0,True,Haas F1 Team,0 days 02:19:43.186000,2025-12-07 14:24:50.249,1,7.0,False,,False,True,88.719,88.719
403,0 days 02:22:40.560000,OCO,31,0 days 00:01:28.655000,56.0,2.0,,,17.6,38.307,32.748,0 days 02:21:29.563000,0 days 02:22:07.870000,0 days 02:22:40.618000,295.0,296.0,215.0,307.0,True,HARD,37.0,True,Haas F1 Team,0 days 02:21:11.905000,2025-12-07 14:26:18.968,1,7.0,False,,False,True,88.655,88.655
404,0 days 02:24:09.310000,OCO,31,0 days 00:01:28.750000,57.0,2.0,,,17.599,38.401,32.75,0 days 02:22:58.217000,0 days 02:23:36.618000,0 days 02:24:09.368000,291.0,295.0,216.0,307.0,False,HARD,38.0,True,Haas F1 Team,0 days 02:22:40.560000,2025-12-07 14:27:47.623,1,7.0,False,,False,True,88.75,88.75
405,0 days 02:25:38.079000,OCO,31,0 days 00:01:28.769000,58.0,2.0,,,17.606,38.194,32.969,0 days 02:24:26.974000,0 days 02:25:05.168000,0 days 02:25:38.137000,297.0,307.0,216.0,316.0,False,HARD,39.0,True,Haas F1 Team,0 days 02:24:09.310000,2025-12-07 14:29:16.373,1,7.0,False,,False,True,88.769,88.769
406,0 days 01:00:00.069000,HAM,44,0 days 00:01:39.335000,1.0,1.0,,,,39.82,35.449,,0 days 00:59:24.849000,0 days 01:00:00.265000,279.0,313.0,214.0,315.0,False,SOFT,1.0,True,Ferrari,0 days 00:58:20.522000,2025-12-07 13:03:27.585,1,14.0,False,,False,False,99.335,
407,0 days 01:01:30.922000,HAM,44,0 days 00:01:30.853000,2.0,1.0,,,18.501,38.405,33.947,0 days 01:00:18.602000,0 days 01:00:57.007000,0 days 01:01:30.954000,287.0,320.0,211.0,326.0,True,SOFT,2.0,True,Ferrari,0 days 01:00:00.069000,2025-12-07 13:05:07.132,1,13.0,False,,False,True,90.853,90.85300000000001
408,0 days 01:03:01.035000,HAM,44,0 days 00:01:30.113000,3.0,1.0,,,18.336,37.947,33.83,0 days 01:01:49.290000,0 days 01:02:27.237000,0 days 01:03:01.067000,281.0,310.0,211.0,329.0,True,SOFT,3.0,True,Ferrari,0 days 01:01:30.922000,2025-12-07 13:06:37.985,1,13.0,False,,False,True,90.113,90.113
409,0 days 01:04:31.918000,HAM,44,0 days 00:01:30.883000,4.0,1.0,,,18.128,38.32,34.435,0 days 01:03:19.195000,0 days 01:03:57.515000,0 days 01:04:31.950000,287.0,305.0,210.0,332.0,False,SOFT,4.0,True,Ferrari,0 days 01:03:01.035000,2025-12-07 13:08:08.098,1,13.0,False,,False,True,90.883,90.88300000000001
410,0 days 01:06:02.147000,HAM,44,0 days 00:01:30.229000,5.0,1.0,,,18.179,37.996,34.054,0 days 01:04:50.129000,0 days 01:05:28.125000,0 days 01:06:02.179000,283.0,303.0,210.0,313.0,False,SOFT,5.0,True,Ferrari,0 days 01:04:31.918000,2025-12-07 13:09:38.981,1,13.0,True,TRACK LIMITS AT TURN 1 LAP 5 ,False,True,90.229,90.229
411,0 days 01:07:32.401000,HAM,44,0 days 00:01:30.254000,6.0,1.0,,,18.138,38.126,33.99,0 days 01:06:20.317000,0 days 01:06:58.443000,0 days 01:07:32.433000,284.0,306.0,208.0,317.0,False,SOFT,6.0,True,Ferrari,0 days 01:06:02.147000,2025-12-07 13:11:09.210,1,13.0,False,,False,True,90.254,90.25399999999999
412,0 days 01:09:02.940000,HAM,44,0 days 00:01:30.539000,7.0,1.0,,,18.226,38.014,34.299,0 days 01:07:50.659000,0 days 01:08:28.673000,0 days 01:09:02.972000,283.0,308.0,208.0,322.0,False,SOFT,7.0,True,Ferrari,0 days 01:07:32.401000,2025-12-07 13:12:39.464,1,13.0,False,,False,True,90.539,90.539
413,0 days 01:10:35.189000,HAM,44,0 days 00:01:32.249000,8.0,1.0,,0 days 01:10:34.214000,18.229,38.316,35.704,0 days 01:09:21.201000,0 days 01:09:59.517000,0 days 01:10:35.221000,281.0,317.0,,326.0,False,SOFT,8.0,True,Ferrari,0 days 01:09:02.940000,2025-12-07 13:14:10.003,1,14.0,False,,False,False,92.249,92.249
414,0 days 01:12:23.689000,HAM,44,0 days 00:01:48.500000,9.0,2.0,0 days 01:10:55.839000,,37.926,38.326,32.248,0 days 01:11:13.147000,0 days 01:11:51.473000,0 days 01:12:23.721000,282.0,294.0,215.0,304.0,False,HARD,1.0,True,Ferrari,0 days 01:10:35.189000,2025-12-07 13:15:42.252,1,18.0,False,,False,False,108.5,108.5
415,0 days 01:13:52.206000,HAM,44,0 days 00:01:28.517000,10.0,2.0,,,17.852,38.209,32.456,0 days 01:12:41.573000,0 days 01:13:19.782000,0 days 01:13:52.238000,280.0,293.0,213.0,302.0,True,HARD,2.0,True,Ferrari,0 days 01:12:23.689000,2025-12-07 13:17:30.752,1,18.0,False,,False,True,88.517,88.51700000000001
416,0 days 01:15:21.228000,HAM,44,0 days 00:01:29.022000,11.0,2.0,,,17.898,38.446,32.678,0 days 01:14:10.136000,0 days 01:14:48.582000,0 days 01:15:21.260000,279.0,291.0,212.0,301.0,False,HARD,3.0,True,Ferrari,0 days 01:13:52.206000,2025-12-07 13:18:59.269,1,18.0,False,,False,True,89.022,89.02199999999999
417,0 days 01:16:50.826000,HAM,44,0 days 00:01:29.598000,12.0,2.0,,,17.965,38.856,32.777,0 days 01:15:39.225000,0 days 01:16:18.081000,0 days 01:16:50.858000,283.0,294.0,214.0,303.0,False,HARD,4.0,True,Ferrari,0 days 01:15:21.228000,2025-12-07 13:20:28.291,1,18.0,False,,False,True,89.598,89.598
418,0 days 01:18:20.299000,HAM,44,0 days 00:01:29.473000,13.0,2.0,,,18.189,38.455,32.829,0 days 01:17:09.047000,0 days 01:17:47.502000,0 days 01:18:20.331000,280.0,293.0,210.0,304.0,False,HARD,5.0,True,Ferrari,0 days 01:16:50.826000,2025-12-07 13:21:57.889,1,18.0,False,,False,True,89.473,89.473
419,0 days 01:19:49.575000,HAM,44,0 days 00:01:29.276000,14.0,2.0,,,18.021,38.302,32.953,0 days 01:18:38.352000,0 days 01:19:16.654000,0 days 01:19:49.607000,283.0,299.0,208.0,306.0,False,HARD,6.0,True,Ferrari,0 days 01:18:20.299000,2025-12-07 13:23:27.362,1,17.0,False,,False,True,89.276,89.27600000000001
420,0 days 01:21:19.149000,HAM,44,0 days 00:01:29.574000,15.0,2.0,,,18.103,38.005,33.466,0 days 01:20:07.710000,0 days 01:20:45.715000,0 days 01:21:19.181000,285.0,314.0,209.0,313.0,False,HARD,7.0,True,Ferrari,0 days 01:19:49.575000,2025-12-07 13:24:56.638,1,14.0,False,,False,True,89.574,89.57400000000001
421,0 days 01:22:48.610000,HAM,44,0 days 00:01:29.461000,16.0,2.0,,,18.063,38.473,32.925,0 days 01:21:37.244000,0 days 01:22:15.717000,0 days 01:22:48.642000,,300.0,211.0,307.0,False,HARD,8.0,True,Ferrari,0 days 01:21:19.149000,2025-12-07 13:26:26.212,1,13.0,False,,False,True,89.461,89.461
422,0 days 01:24:17.909000,HAM,44,0 days 00:01:29.299000,17.0,2.0,,,17.906,38.385,33.008,0 days 01:23:06.548000,0 days 01:23:44.933000,0 days 01:24:17.941000,286.0,305.0,210.0,309.0,False,HARD,9.0,True,Ferrari,0 days 01:22:48.610000,2025-12-07 13:27:55.673,1,12.0,False,,False,True,89.299,89.299
423,0 days 01:25:47.609000,HAM,44,0 days 00:01:29.700000,18.0,2.0,,,17.973,38.431,33.296,0 days 01:24:35.914000,0 days 01:25:14.345000,0 days 01:25:47.641000,284.0,301.0,209.0,309.0,False,HARD,10.0,True,Ferrari,0 days 01:24:17.909000,2025-12-07 13:29:24.972,1,12.0,False,,False,True,89.7,89.69999999999999
424,0 days 01:27:17.450000,HAM,44,0 days 00:01:29.841000,19.0,2.0,,,18.085,38.453,33.303,0 days 01:26:05.726000,0 days 01:26:44.179000,0 days 01:27:17.482000,,306.0,207.0,313.0,False,HARD,11.0,True,Ferrari,0 days 01:25:47.609000,2025-12-07 13:30:54.672,1,11.0,False,,False,True,89.841,89.84100000000001
425,0 days 01:28:48.186000,HAM,44,0 days 00:01:30.736000,20.0,2.0,,,18.191,38.28,34.265,0 days 01:27:35.673000,0 days 01:28:13.953000,0 days 01:28:48.218000,,315.0,209.0,324.0,False,HARD,12.0,True,Ferrari,0 days 01:27:17.450000,2025-12-07 13:32:24.513,1,10.0,False,,False,True,90.736,90.736
426,0 days 01:30:19.979000,HAM,44,0 days 00:01:31.793000,21.0,2.0,,,18.216,38.291,35.286,0 days 01:29:06.434000,0 days 01:29:44.725000,0 days 01:30:20.011000,289.0,323.0,207.0,313.0,False,HARD,13.0,True,Ferrari,0 days 01:28:48.186000,2025-12-07 13:33:55.249,1,9.0,False,,False,True,91.793,91.793
427,0 days 01:31:50.514000,HAM,44,0 days 00:01:30.535000,22.0,2.0,,,18.104,38.328,34.103,0 days 01:30:38.115000,0 days 01:31:16.443000,0 days 01:31:50.546000,290.0,320.0,210.0,326.0,False,HARD,14.0,True,Ferrari,0 days 01:30:19.979000,2025-12-07 13:35:27.042,1,9.0,False,,False,True,90.535,90.535
428,0 days 01:33:20.590000,HAM,44,0 days 00:01:30.076000,23.0,2.0,,,18.154,38.097,33.825,0 days 01:32:08.700000,0 days 01:32:46.797000,0 days 01:33:20.622000,285.0,318.0,210.0,327.0,False,HARD,15.0,True,Ferrari,0 days 01:31:50.514000,2025-12-07 13:36:57.577,1,9.0,False,,False,True,90.076,90.07600000000001
429,0 days 01:34:50.456000,HAM,44,0 days 00:01:29.866000,24.0,2.0,,,18.096,38.536,33.234,0 days 01:33:38.718000,0 days 01:34:17.254000,0 days 01:34:50.488000,289.0,304.0,212.0,326.0,False,HARD,16.0,True,Ferrari,0 days 01:33:20.590000,2025-12-07 13:38:27.653,1,8.0,False,,False,True,89.866,89.86600000000001
430,0 days 01:36:20.266000,HAM,44,0 days 00:01:29.810000,25.0,2.0,,,18.041,38.676,33.093,0 days 01:35:08.529000,0 days 01:35:47.205000,0 days 01:36:20.298000,283.0,299.0,211.0,304.0,False,HARD,17.0,True,Ferrari,0 days 01:34:50.456000,2025-12-07 13:39:57.519,1,8.0,True,TRACK LIMITS AT TURN 1 LAP 25 ,False,True,89.81,89.81
431,0 days 01:37:49.910000,HAM,44,0 days 00:01:29.644000,26.0,2.0,,,17.946,38.466,33.232,0 days 01:36:38.244000,0 days 01:37:16.710000,0 days 01:37:49.942000,285.0,299.0,210.0,307.0,False,HARD,18.0,True,Ferrari,0 days 01:36:20.266000,2025-12-07 13:41:27.329,1,8.0,False,,False,True,89.644,89.644
432,0 days 01:39:20.054000,HAM,44,0 days 00:01:30.144000,27.0,2.0,,,18.124,38.686,33.334,0 days 01:38:08.066000,0 days 01:38:46.752000,0 days 01:39:20.086000,282.0,298.0,210.0,304.0,False,HARD,19.0,True,Ferrari,0 days 01:37:49.910000,2025-12-07 13:42:56.973,1,8.0,True,TRACK LIMITS AT TURN 1 LAP 27 ,False,True,90.144,90.144
433,0 days 01:40:49.972000,HAM,44,0 days 00:01:29.918000,28.0,2.0,,,18.052,38.542,33.324,0 days 01:39:38.138000,0 days 01:40:16.680000,0 days 01:40:50.004000,283.0,300.0,210.0,305.0,False,HARD,20.0,True,Ferrari,0 days 01:39:20.054000,2025-12-07 13:44:27.117,1,8.0,False,,False,True,89.918,89.918
434,0 days 01:42:19.757000,HAM,44,0 days 00:01:29.785000,29.0,2.0,,,18.091,38.635,33.059,0 days 01:41:08.095000,0 days 01:41:46.730000,0 days 01:42:19.789000,286.0,300.0,208.0,306.0,False,HARD,21.0,True,Ferrari,0 days 01:40:49.972000,2025-12-07 13:45:57.035,1,8.0,False,,False,True,89.785,89.785
435,0 days 01:43:49.637000,HAM,44,0 days 00:01:29.880000,30.0,2.0,,,18.039,38.532,33.309,0 days 01:42:37.828000,0 days 01:43:16.360000,0 days 01:43:49.669000,285.0,299.0,210.0,303.0,False,HARD,22.0,True,Ferrari,0 days 01:42:19.757000,2025-12-07 13:47:26.820,1,8.0,False,,False,True,89.88,89.88
436,0 days 01:45:21.034000,HAM,44,0 days 00:01:31.397000,31.0,2.0,,0 days 01:45:20.080000,18.038,38.24,35.119,0 days 01:44:07.707000,0 days 01:44:45.947000,0 days 01:45:21.066000,,315.0,,315.0,False,HARD,23.0,True,Ferrari,0 days 01:43:49.637000,2025-12-07 13:48:56.700,1,8.0,False,,False,False,91.397,91.397
437,0 days 01:47:09.748000,HAM,44,0 days 00:01:48.714000,32.0,3.0,0 days 01:45:41.536000,,37.579,38.561,32.574,0 days 01:45:58.645000,0 days 01:46:37.206000,0 days 01:47:09.780000,280.0,294.0,215.0,300.0,False,MEDIUM,1.0,True,Ferrari,0 days 01:45:21.034000,2025-12-07 13:50:28.097,1,19.0,False,,False,False,108.714,108.714
438,0 days 01:48:38.799000,HAM,44,0 days 00:01:29.051000,33.0,3.0,,,17.724,38.482,32.845,0 days 01:47:27.504000,0 days 01:48:05.986000,0 days 01:48:38.831000,283.0,297.0,215.0,303.0,False,MEDIUM,2.0,True,Ferrari,0 days 01:47:09.748000,2025-12-07 13:52:16.811,1,17.0,False,,False,True,89.051,89.051
439,0 days 01:50:07.593000,HAM,44,0 days 00:01:28.794000,34.0,3.0,,,17.851,37.843,33.1,0 days 01:48:56.682000,0 days 01:49:34.525000,0 days 01:50:07.625000,282.0,315.0,211.0,304.0,False,MEDIUM,3.0,True,Ferrari,0 days 01:48:38.799000,2025-12-07 13:53:45.862,1,16.0,False,,False,True,88.794,88.79400000000001
440,0 days 01:51:36.107000,HAM,44,0 days 00:01:28.514000,35.0,3.0,,,18.094,37.898,32.522,0 days 01:50:25.719000,0 days 01:51:03.617000,0 days 01:51:36.139000,287.0,299.0,214.0,330.0,True,MEDIUM,4.0,True,Ferrari,0 days 01:50:07.593000,2025-12-07 13:55:14.656,1,15.0,False,,False,True,88.514,88.51400000000001
441,0 days 01:53:04.201000,HAM,44,0 days 00:01:28.094000,36.0,3.0,,,17.874,37.875,32.345,0 days 01:51:54.013000,0 days 01:52:31.888000,0 days 01:53:04.233000,284.0,295.0,216.0,336.0,True,MEDIUM,5.0,True,Ferrari,0 days 01:51:36.107000,2025-12-07 13:56:43.170,1,14.0,False,,False,True,88.094,88.094
442,0 days 01:54:32.750000,HAM,44,0 days 00:01:28.549000,37.0,3.0,,,17.743,38.122,32.684,0 days 01:53:21.976000,0 days 01:54:00.098000,0 days 01:54:32.782000,286.0,298.0,214.0,307.0,False,MEDIUM,6.0,True,Ferrari,0 days 01:53:04.201000,2025-12-07 13:58:11.264,1,14.0,False,,False,True,88.549,88.54899999999999
443,0 days 01:56:00.891000,HAM,44,0 days 00:01:28.141000,38.0,3.0,,,17.828,37.87,32.443,0 days 01:54:50.610000,0 days 01:55:28.480000,0 days 01:56:00.923000,,320.0,215.0,332.0,False,MEDIUM,7.0,True,Ferrari,0 days 01:54:32.750000,2025-12-07 13:59:39.813,1,13.0,False,,False,True,88.141,88.14099999999999
444,0 days 01:57:29.419000,HAM,44,0 days 00:01:28.528000,39.0,3.0,,,17.739,38.061,32.728,0 days 01:56:18.662000,0 days 01:56:56.723000,0 days 01:57:29.451000,287.0,298.0,210.0,307.0,False,MEDIUM,8.0,True,Ferrari,0 days 01:56:00.891000,2025-12-07 14:01:07.954,1,13.0,False,,False,True,88.528,88.52799999999999
445,0 days 01:58:58.467000,HAM,44,0 days 00:01:29.048000,40.0,3.0,,,17.833,37.859,33.356,0 days 01:57:47.284000,0 days 01:58:25.143000,0 days 01:58:58.499000,288.0,318.0,212.0,310.0,False,MEDIUM,9.0,True,Ferrari,0 days 01:57:29.419000,2025-12-07 14:02:36.482,1,13.0,False,,False,True,89.048,89.048
446,0 days 02:00:27.160000,HAM,44,0 days 00:01:28.693000,41.0,3.0,,,17.898,37.927,32.868,0 days 01:59:16.397000,0 days 01:59:54.324000,0 days 02:00:27.192000,292.0,302.0,213.0,335.0,False,MEDIUM,10.0,True,Ferrari,0 days 01:58:58.467000,2025-12-07 14:04:05.530,1,12.0,False,,False,True,88.693,88.69300000000001
447,0 days 02:01:56.033000,HAM,44,0 days 00:01:28.873000,42.0,3.0,,,17.911,37.564,33.398,0 days 02:00:45.103000,0 days 02:01:22.667000,0 days 02:01:56.065000,290.0,330.0,211.0,341.0,False,MEDIUM,11.0,True,Ferrari,0 days 02:00:27.160000,2025-12-07 14:05:34.223,1,11.0,False,,False,True,88.873,88.873
448,0 days 02:03:24.497000,HAM,44,0 days 00:01:28.464000,43.0,3.0,,,17.891,37.876,32.697,0 days 02:02:13.956000,0 days 02:02:51.832000,0 days 02:03:24.529000,,300.0,213.0,334.0,False,MEDIUM,12.0,True,Ferrari,0 days 02:01:56.033000,2025-12-07 14:07:03.096,1,9.0,False,,False,True,88.464,88.464
449,0 days 02:04:53.446000,HAM,44,0 days 00:01:28.949000,44.0,3.0,,,17.783,37.677,33.489,0 days 02:03:42.312000,0 days 02:04:19.989000,0 days 02:04:53.478000,289.0,318.0,212.0,322.0,False,MEDIUM,13.0,True,Ferrari,0 days 02:03:24.497000,2025-12-07 14:08:31.560,1,9.0,False,,False,True,88.949,88.949
450,0 days 02:06:22.204000,HAM,44,0 days 00:01:28.758000,45.0,3.0,,,17.8,38.227,32.731,0 days 02:05:11.278000,0 days 02:05:49.505000,0 days 02:06:22.236000,,298.0,213.0,337.0,False,MEDIUM,14.0,True,Ferrari,0 days 02:04:53.446000,2025-12-07 14:10:00.509,1,8.0,False,,False,True,88.758,88.75800000000001
451,0 days 02:07:51.444000,HAM,44,0 days 00:01:29.240000,46.0,3.0,,,17.978,38.323,32.939,0 days 02:06:40.214000,0 days 02:07:18.537000,0 days 02:07:51.476000,282.0,297.0,214.0,306.0,False,MEDIUM,15.0,True,Ferrari,0 days 02:06:22.204000,2025-12-07 14:11:29.267,1,8.0,False,,False,True,89.24,89.24000000000001
452,0 days 02:09:20.441000,HAM,44,0 days 00:01:28.997000,47.0,3.0,,,17.915,38.283,32.799,0 days 02:08:09.391000,0 days 02:08:47.674000,0 days 02:09:20.473000,284.0,300.0,214.0,306.0,False,MEDIUM,16.0,True,Ferrari,0 days 02:07:51.444000,2025-12-07 14:12:58.507,1,8.0,False,,False,True,88.997,88.997
453,0 days 02:10:49.420000,HAM,44,0 days 00:01:28.979000,48.0,3.0,,,17.823,38.192,32.964,0 days 02:09:38.296000,0 days 02:10:16.488000,0 days 02:10:49.452000,289.0,301.0,212.0,306.0,False,MEDIUM,17.0,True,Ferrari,0 days 02:09:20.441000,2025-12-07 14:14:27.504,1,8.0,False,,False,True,88.979,88.979
454,0 days 02:12:18.606000,HAM,44,0 days 00:01:29.186000,49.0,3.0,,,17.845,37.861,33.48,0 days 02:11:07.297000,0 days 02:11:45.158000,0 days 02:12:18.638000,291.0,313.0,214.0,329.0,False,MEDIUM,18.0,True,Ferrari,0 days 02:10:49.420000,2025-12-07 14:15:56.483,1,8.0,False,,False,True,89.186,89.18599999999999
455,0 days 02:13:47.584000,HAM,44,0 days 00:01:28.978000,50.0,3.0,,,17.778,37.901,33.299,0 days 02:12:36.416000,0 days 02:13:14.317000,0 days 02:13:47.616000,289.0,317.0,214.0,326.0,False,MEDIUM,19.0,True,Ferrari,0 days 02:12:18.606000,2025-12-07 14:17:25.669,1,8.0,False,,False,True,88.978,88.97800000000001
456,0 days 02:15:16.521000,HAM,44,0 days 00:01:28.937000,51.0,3.0,,,17.825,37.81,33.302,0 days 02:14:05.441000,0 days 02:14:43.251000,0 days 02:15:16.553000,,322.0,213.0,333.0,False,MEDIUM,20.0,True,Ferrari,0 days 02:13:47.584000,2025-12-07 14:18:54.647,1,8.0,False,,False,True,88.937,88.93700000000001
457,0 days 02:16:46.146000,HAM,44,0 days 00:01:29.625000,52.0,3.0,,,17.719,38.166,33.74,0 days 02:15:34.272000,0 days 02:16:12.438000,0 days 02:16:46.178000,292.0,299.0,213.0,336.0,False,MEDIUM,21.0,True,Ferrari,0 days 02:15:16.521000,2025-12-07 14:20:23.584,1,8.0,False,,False,True,89.625,89.625
458,0 days 02:18:15.190000,HAM,44,0 days 00:01:29.044000,53.0,3.0,,,17.888,37.817,33.339,0 days 02:17:04.066000,0 days 02:17:41.883000,0 days 02:18:15.222000,290.0,323.0,214.0,324.0,False,MEDIUM,22.0,True,Ferrari,0 days 02:16:46.146000,2025-12-07 14:21:53.209,1,8.0,False,,False,True,89.044,89.044
459,0 days 02:19:43.921000,HAM,44,0 days 00:01:28.731000,54.0,3.0,,,17.753,37.769,33.209,0 days 02:18:32.975000,0 days 02:19:10.744000,0 days 02:19:43.953000,294.0,325.0,214.0,331.0,False,MEDIUM,23.0,True,Ferrari,0 days 02:18:15.190000,2025-12-07 14:23:22.253,1,8.0,False,,False,True,88.731,88.731
460,0 days 02:21:12.717000,HAM,44,0 days 00:01:28.796000,55.0,3.0,,,17.86,37.956,32.98,0 days 02:20:01.813000,0 days 02:20:39.769000,0 days 02:21:12.749000,286.0,314.0,213.0,324.0,False,MEDIUM,24.0,True,Ferrari,0 days 02:19:43.921000,2025-12-07 14:24:50.984,1,8.0,False,,False,True,88.796,88.79599999999999
461,0 days 02:22:42.340000,HAM,44,0 days 00:01:29.623000,56.0,3.0,,,17.935,38.664,33.024,0 days 02:21:30.684000,0 days 02:22:09.348000,0 days 02:22:42.372000,283.0,297.0,213.0,303.0,False,MEDIUM,25.0,True,Ferrari,0 days 02:21:12.717000,2025-12-07 14:26:19.780,1,8.0,False,,False,True,89.623,89.623
462,0 days 02:24:11.362000,HAM,44,0 days 00:01:29.022000,57.0,3.0,,,17.778,38.32,32.924,0 days 02:23:00.150000,0 days 02:23:38.470000,0 days 02:24:11.394000,287.0,300.0,215.0,305.0,False,MEDIUM,26.0,True,Ferrari,0 days 02:22:42.340000,2025-12-07 14:27:49.403,1,8.0,False,,False,True,89.022,89.02199999999999
463,0 days 02:25:40.873000,HAM,44,0 days 00:01:29.511000,58.0,3.0,,,17.934,38.534,33.043,0 days 02:24:29.328000,0 days 02:25:07.862000,0 days 02:25:40.905000,290.0,302.0,206.0,310.0,False,MEDIUM,27.0,True,Ferrari,0 days 02:24:11.362000,2025-12-07 14:29:18.425,1,8.0,False,,False,True,89.511,89.511
464,0 days 01:00:01.721000,HUL,27,0 days 00:01:40.987000,1.0,1.0,,,,39.975,36.213,,0 days 00:59:25.796000,0 days 01:00:01.848000,284.0,311.0,210.0,283.0,False,SOFT,1.0,True,Kick Sauber,0 days 00:58:20.522000,2025-12-07 13:03:27.585,1,18.0,False,,False,False,100.987,
465,0 days 01:01:33.534000,HUL,27,0 days 00:01:31.813000,2.0,1.0,,,18.732,38.223,34.858,0 days 01:00:20.524000,0 days 01:00:58.747000,0 days 01:01:33.605000,283.0,298.0,208.0,316.0,True,SOFT,2.0,True,Kick Sauber,0 days 01:00:01.721000,2025-12-07 13:05:08.784,1,18.0,False,,False,True,91.813,91.81299999999999
466,0 days 01:03:04.049000,HUL,27,0 days 00:01:30.515000,3.0,1.0,,,18.507,37.99,34.018,0 days 01:01:52.112000,0 days 01:02:30.102000,0 days 01:03:04.120000,284.0,304.0,210.0,325.0,True,SOFT,3.0,True,Kick Sauber,0 days 01:01:33.534000,2025-12-07 13:06:40.597,1,18.0,False,,False,True,90.515,90.515
467,0 days 01:04:34.622000,HUL,27,0 days 00:01:30.573000,4.0,1.0,,,18.287,37.981,34.305,0 days 01:03:22.407000,0 days 01:04:00.388000,0 days 01:04:34.693000,279.0,314.0,211.0,320.0,False,SOFT,4.0,True,Kick Sauber,0 days 01:03:04.049000,2025-12-07 13:08:11.112,1,18.0,True,TRACK LIMITS AT TURN 1 LAP 29 ,False,True,90.573,90.57300000000001
468,0 days 01:06:05.398000,HUL,27,0 days 00:01:30.776000,5.0,1.0,,,18.505,38.138,34.133,0 days 01:04:53.198000,0 days 01:05:31.336000,0 days 01:06:05.469000,280.0,311.0,209.0,314.0,False,SOFT,5.0,True,Kick Sauber,0 days 01:04:34.622000,2025-12-07 13:09:41.685,1,18.0,False,,False,True,90.776,90.77600000000001
469,0 days 01:07:35.653000,HUL,27,0 days 00:01:30.255000,6.0,1.0,,,18.395,38.007,33.853,0 days 01:06:23.864000,0 days 01:07:01.871000,0 days 01:07:35.724000,279.0,311.0,209.0,322.0,True,SOFT,6.0,True,Kick Sauber,0 days 01:06:05.398000,2025-12-07 13:11:12.461,1,18.0,False,,False,True,90.255,90.255
470,0 days 01:09:07.625000,HUL,27,0 days 00:01:31.972000,7.0,1.0,,0 days 01:09:06.710000,18.376,37.975,35.621,0 days 01:07:54.100000,0 days 01:08:32.075000,0 days 01:09:07.696000,283.0,321.0,,312.0,False,SOFT,7.0,True,Kick Sauber,0 days 01:07:35.653000,2025-12-07 13:12:42.716,1,18.0,False,,False,False,91.972,91.97200000000001
471,0 days 01:10:56.147000,HUL,27,0 days 00:01:48.522000,8.0,2.0,0 days 01:09:28.258000,,38.067,38.331,32.124,0 days 01:09:45.763000,0 days 01:10:24.094000,0 days 01:10:56.218000,281.0,283.0,213.0,303.0,False,HARD,1.0,True,Kick Sauber,0 days 01:09:07.625000,2025-12-07 13:14:14.688,1,20.0,False,,False,False,108.522,108.52199999999999
472,0 days 01:12:24.589000,HUL,27,0 days 00:01:28.442000,9.0,2.0,,,17.883,37.697,32.862,0 days 01:11:14.101000,0 days 01:11:51.798000,0 days 01:12:24.660000,,306.0,213.0,322.0,True,HARD,2.0,True,Kick Sauber,0 days 01:10:56.147000,2025-12-07 13:16:03.210,1,19.0,False,,False,True,88.442,88.44200000000001
473,0 days 01:13:53.592000,HUL,27,0 days 00:01:29.003000,10.0,2.0,,,17.987,38.204,32.812,0 days 01:12:42.647000,0 days 01:13:20.851000,0 days 01:13:53.663000,287.0,291.0,213.0,304.0,False,HARD,3.0,True,Kick Sauber,0 days 01:12:24.589000,2025-12-07 13:17:31.652,1,19.0,False,,False,True,89.003,89.003
474,0 days 01:15:23.010000,HUL,27,0 days 00:01:29.418000,11.0,2.0,,,17.966,38.58,32.872,0 days 01:14:11.629000,0 days 01:14:50.209000,0 days 01:15:23.081000,282.0,292.0,212.0,303.0,False,HARD,4.0,True,Kick Sauber,0 days 01:13:53.592000,2025-12-07 13:19:00.655,1,19.0,False,,False,True,89.418,89.418
475,0 days 01:16:52.174000,HUL,27,0 days 00:01:29.164000,12.0,2.0,,,17.987,38.316,32.861,0 days 01:15:41.068000,0 days 01:16:19.384000,0 days 01:16:52.245000,,293.0,213.0,302.0,False,HARD,5.0,True,Kick Sauber,0 days 01:15:23.010000,2025-12-07 13:20:30.073,1,19.0,False,,False,True,89.164,89.16399999999999
476,0 days 01:18:21.610000,HUL,27,0 days 00:01:29.436000,13.0,2.0,,,18.113,38.385,32.938,0 days 01:17:10.358000,0 days 01:17:48.743000,0 days 01:18:21.681000,281.0,295.0,212.0,304.0,False,HARD,6.0,True,Kick Sauber,0 days 01:16:52.174000,2025-12-07 13:21:59.237,1,19.0,False,,False,True,89.436,89.436
477,0 days 01:19:51.088000,HUL,27,0 days 00:01:29.478000,14.0,2.0,,,18.006,38.34,33.132,0 days 01:18:39.687000,0 days 01:19:18.027000,0 days 01:19:51.159000,284.0,294.0,209.0,304.0,False,HARD,7.0,True,Kick Sauber,0 days 01:18:21.610000,2025-12-07 13:23:28.673,1,18.0,False,,False,True,89.478,89.47800000000001
478,0 days 01:21:20.576000,HUL,27,0 days 00:01:29.488000,15.0,2.0,,,18.053,38.399,33.036,0 days 01:20:09.212000,0 days 01:20:47.611000,0 days 01:21:20.647000,285.0,297.0,211.0,306.0,False,HARD,8.0,True,Kick Sauber,0 days 01:19:51.088000,2025-12-07 13:24:58.151,1,16.0,False,,False,True,89.488,89.488
479,0 days 01:22:49.778000,HUL,27,0 days 00:01:29.202000,16.0,2.0,,,18.093,38.296,32.813,0 days 01:21:38.740000,0 days 01:22:17.036000,0 days 01:22:49.849000,288.0,297.0,210.0,308.0,False,HARD,9.0,True,Kick Sauber,0 days 01:21:20.576000,2025-12-07 13:26:27.639,1,14.0,False,,False,True,89.202,89.202
480,0 days 01:24:18.922000,HUL,27,0 days 00:01:29.144000,17.0,2.0,,,17.929,38.437,32.778,0 days 01:23:07.778000,0 days 01:23:46.215000,0 days 01:24:18.993000,,303.0,209.0,310.0,False,HARD,10.0,True,Kick Sauber,0 days 01:22:49.778000,2025-12-07 13:27:56.841,1,13.0,False,,False,True,89.144,89.144
481,0 days 01:25:48.523000,HUL,27,0 days 00:01:29.601000,18.0,2.0,,,18.048,38.499,33.054,0 days 01:24:37.041000,0 days 01:25:15.540000,0 days 01:25:48.594000,283.0,296.0,210.0,307.0,False,HARD,11.0,True,Kick Sauber,0 days 01:24:18.922000,2025-12-07 13:29:25.985,1,13.0,False,,False,True,89.601,89.601
482,0 days 01:27:18.259000,HUL,27,0 days 00:01:29.736000,19.0,2.0,,,17.995,38.236,33.505,0 days 01:26:06.589000,0 days 01:26:44.825000,0 days 01:27:18.330000,284.0,315.0,209.0,323.0,False,HARD,12.0,True,Kick Sauber,0 days 01:25:48.523000,2025-12-07 13:30:55.586,1,12.0,False,,False,True,89.736,89.73599999999999
483,0 days 01:28:48.744000,HUL,27,0 days 00:01:30.485000,20.0,2.0,,,18.315,38.076,34.094,0 days 01:27:36.645000,0 days 01:28:14.721000,0 days 01:28:48.815000,285.0,316.0,210.0,320.0,False,HARD,13.0,True,Kick Sauber,0 days 01:27:18.259000,2025-12-07 13:32:25.322,1,11.0,False,,False,True,90.485,90.48500000000001
484,0 days 01:30:20.450000,HUL,27,0 days 00:01:31.706000,21.0,2.0,,,18.416,38.316,34.974,0 days 01:29:07.231000,0 days 01:29:45.547000,0 days 01:30:20.521000,288.0,317.0,209.0,322.0,False,HARD,14.0,True,Kick Sauber,0 days 01:28:48.744000,2025-12-07 13:33:55.807,1,10.0,False,,False,True,91.706,91.70599999999999
485,0 days 01:31:51.182000,HUL,27,0 days 00:01:30.732000,22.0,2.0,,,18.397,38.209,34.126,0 days 01:30:38.918000,0 days 01:31:17.127000,0 days 01:31:51.253000,289.0,314.0,210.0,322.0,False,HARD,15.0,True,Kick Sauber,0 days 01:30:20.450000,2025-12-07 13:35:27.513,1,10.0,True,TRACK LIMITS AT TURN 1 LAP 22 ,False,True,90.732,90.732
486,0 days 01:33:22.090000,HUL,27,0 days 00:01:30.908000,23.0,2.0,,,18.161,38.259,34.488,0 days 01:32:09.414000,0 days 01:32:47.673000,0 days 01:33:22.161000,286.0,315.0,209.0,337.0,False,HARD,16.0,True,Kick Sauber,0 days 01:31:51.182000,2025-12-07 13:36:58.245,1,11.0,False,,False,True,90.908,90.908
487,0 days 01:34:53.363000,HUL,27,0 days 00:01:31.273000,24.0,2.0,,,19.256,38.199,33.818,0 days 01:33:41.417000,0 days 01:34:19.616000,0 days 01:34:53.434000,284.0,320.0,209.0,317.0,False,HARD,17.0,True,Kick Sauber,0 days 01:33:22.090000,2025-12-07 13:38:29.153,1,12.0,False,,False,True,91.273,91.273
488,0 days 01:36:23.476000,HUL,27,0 days 00:01:30.113000,25.0,2.0,,,18.29,38.03,33.793,0 days 01:35:11.724000,0 days 01:35:49.754000,0 days 01:36:23.547000,287.0,320.0,209.0,321.0,False,HARD,18.0,True,Kick Sauber,0 days 01:34:53.363000,2025-12-07 13:40:00.426,1,12.0,False,,False,True,90.113,90.113
489,0 days 01:37:53.455000,HUL,27,0 days 00:01:29.979000,26.0,2.0,,,18.253,38.089,33.637,0 days 01:36:41.800000,0 days 01:37:19.889000,0 days 01:37:53.526000,284.0,315.0,210.0,321.0,False,HARD,19.0,True,Kick Sauber,0 days 01:36:23.476000,2025-12-07 13:41:30.539,1,12.0,False,,False,True,89.979,89.979
490,0 days 01:39:23.808000,HUL,27,0 days 00:01:30.353000,27.0,2.0,,,18.271,38.045,34.037,0 days 01:38:11.797000,0 days 01:38:49.842000,0 days 01:39:23.879000,285.0,321.0,208.0,329.0,False,HARD,20.0,True,Kick Sauber,0 days 01:37:53.455000,2025-12-07 13:43:00.518,1,12.0,False,,False,True,90.353,90.35300000000001
491,0 days 01:40:54.383000,HUL,27,0 days 00:01:30.575000,28.0,2.0,,,18.162,38.177,34.236,0 days 01:39:42.041000,0 days 01:40:20.218000,0 days 01:40:54.454000,290.0,324.0,207.0,333.0,False,HARD,21.0,True,Kick Sauber,0 days 01:39:23.808000,2025-12-07 13:44:30.871,1,12.0,False,,False,True,90.575,90.57499999999999
492,0 days 01:42:24.956000,HUL,27,0 days 00:01:30.573000,29.0,2.0,,,18.311,38.455,33.807,0 days 01:41:12.765000,0 days 01:41:51.220000,0 days 01:42:25.027000,287.0,326.0,209.0,329.0,False,HARD,22.0,True,Kick Sauber,0 days 01:40:54.383000,2025-12-07 13:46:01.446,1,12.0,True,TRACK LIMITS AT TURN 1 LAP 29 ,False,True,90.573,90.57300000000001
493,0 days 01:43:55.475000,HUL,27,0 days 00:01:30.519000,30.0,2.0,,,18.094,38.243,34.182,0 days 01:42:43.121000,0 days 01:43:21.364000,0 days 01:43:55.546000,292.0,318.0,209.0,324.0,False,HARD,23.0,True,Kick Sauber,0 days 01:42:24.956000,2025-12-07 13:47:32.019,1,12.0,False,,False,True,90.519,90.519
494,0 days 01:45:27.199000,HUL,27,0 days 00:01:31.724000,31.0,2.0,,,18.322,38.583,34.819,0 days 01:44:13.868000,0 days 01:44:52.451000,0 days 01:45:27.270000,283.0,312.0,210.0,333.0,False,HARD,24.0,True,Kick Sauber,0 days 01:43:55.475000,2025-12-07 13:49:02.538,1,13.0,False,,False,True,91.724,91.724
495,0 days 01:46:57.351000,HUL,27,0 days 00:01:30.152000,32.0,2.0,,,18.069,37.968,34.115,0 days 01:45:45.339000,0 days 01:46:23.307000,0 days 01:46:57.422000,,319.0,213.0,330.0,False,HARD,25.0,True,Kick Sauber,0 days 01:45:27.199000,2025-12-07 13:50:34.262,1,11.0,False,,False,True,90.152,90.15200000000002
496,0 days 01:48:28.258000,HUL,27,0 days 00:01:30.907000,33.0,2.0,,,18.024,38.853,34.03,0 days 01:47:15.446000,0 days 01:47:54.299000,0 days 01:48:28.329000,,303.0,211.0,303.0,False,HARD,26.0,True,Kick Sauber,0 days 01:46:57.351000,2025-12-07 13:52:04.414,1,11.0,False,,False,True,90.907,90.90700000000001
497,0 days 01:49:58.321000,HUL,27,0 days 00:01:30.063000,34.0,2.0,,,18.109,38.674,33.28,0 days 01:48:46.438000,0 days 01:49:25.112000,0 days 01:49:58.392000,284.0,295.0,211.0,303.0,False,HARD,27.0,True,Kick Sauber,0 days 01:48:28.258000,2025-12-07 13:53:35.321,1,11.0,False,,False,True,90.063,90.063
498,0 days 01:51:27.932000,HUL,27,0 days 00:01:29.611000,35.0,2.0,,,18.138,38.509,32.964,0 days 01:50:16.530000,0 days 01:50:55.039000,0 days 01:51:28.003000,283.0,292.0,211.0,302.0,False,HARD,28.0,True,Kick Sauber,0 days 01:49:58.321000,2025-12-07 13:55:05.384,1,11.0,False,,False,True,89.611,89.611
499,0 days 01:52:57.315000,HUL,27,0 days 00:01:29.383000,36.0,2.0,,,17.934,38.35,33.099,0 days 01:51:45.937000,0 days 01:52:24.287000,0 days 01:52:57.386000,288.0,296.0,213.0,307.0,False,HARD,29.0,True,Kick Sauber,0 days 01:51:27.932000,2025-12-07 13:56:34.995,1,11.0,False,,False,True,89.383,89.38300000000001
500,0 days 01:54:26.738000,HUL,27,0 days 00:01:29.423000,37.0,2.0,,,17.91,38.403,33.11,0 days 01:53:15.296000,0 days 01:53:53.699000,0 days 01:54:26.809000,,298.0,211.0,307.0,False,HARD,30.0,True,Kick Sauber,0 days 01:52:57.315000,2025-12-07 13:58:04.378,1,11.0,False,,False,True,89.423,89.423
501,0 days 01:55:56.431000,HUL,27,0 days 00:01:29.693000,38.0,2.0,,,17.994,38.498,33.201,0 days 01:54:44.803000,0 days 01:55:23.301000,0 days 01:55:56.502000,286.0,298.0,210.0,308.0,False,HARD,31.0,True,Kick Sauber,0 days 01:54:26.738000,2025-12-07 13:59:33.801,1,11.0,False,,False,True,89.693,89.693
502,0 days 01:57:26.253000,HUL,27,0 days 00:01:29.822000,39.0,2.0,,,18.057,38.319,33.446,0 days 01:56:14.559000,0 days 01:56:52.878000,0 days 01:57:26.324000,291.0,302.0,209.0,312.0,False,HARD,32.0,True,Kick Sauber,0 days 01:55:56.431000,2025-12-07 14:01:03.494,1,11.0,False,,False,True,89.822,89.822
503,0 days 01:58:56.213000,HUL,27,0 days 00:01:29.960000,40.0,2.0,,,18.064,38.548,33.348,0 days 01:57:44.388000,0 days 01:58:22.936000,0 days 01:58:56.284000,289.0,299.0,213.0,309.0,False,HARD,33.0,True,Kick Sauber,0 days 01:57:26.253000,2025-12-07 14:02:33.316,1,11.0,False,,False,True,89.96,89.96000000000001
504,0 days 02:00:26.436000,HUL,27,0 days 00:01:30.223000,41.0,2.0,,,18.082,38.59,33.551,0 days 01:59:14.366000,0 days 01:59:52.956000,0 days 02:00:26.507000,291.0,300.0,211.0,311.0,False,HARD,34.0,True,Kick Sauber,0 days 01:58:56.213000,2025-12-07 14:04:03.276,1,11.0,False,,False,True,90.223,90.22300000000001
505,0 days 02:01:58.595000,HUL,27,0 days 00:01:32.159000,42.0,2.0,,0 days 02:01:57.580000,18.152,38.187,35.82,0 days 02:00:44.659000,0 days 02:01:22.846000,0 days 02:01:58.666000,,289.0,,331.0,False,HARD,35.0,True,Kick Sauber,0 days 02:00:26.436000,2025-12-07 14:05:33.499,1,13.0,False,,False,False,92.159,92.15899999999999
506,0 days 02:03:45.891000,HUL,27,0 days 00:01:47.296000,43.0,3.0,0 days 02:02:19.078000,,37.537,37.978,31.781,0 days 02:02:36.203000,0 days 02:03:14.181000,0 days 02:03:45.962000,288.0,290.0,217.0,300.0,False,MEDIUM,1.0,True,Kick Sauber,0 days 02:01:58.595000,2025-12-07 14:07:05.658,1,18.0,False,,False,False,107.296,107.29599999999999
507,0 days 02:05:13.063000,HUL,27,0 days 00:01:27.172000,44.0,3.0,,,17.666,37.646,31.86,0 days 02:04:03.628000,0 days 02:04:41.274000,0 days 02:05:13.134000,,293.0,215.0,303.0,True,MEDIUM,2.0,True,Kick Sauber,0 days 02:03:45.891000,2025-12-07 14:08:52.954,1,18.0,False,,False,True,87.172,87.172
508,0 days 02:06:40.637000,HUL,27,0 days 00:01:27.574000,45.0,3.0,,,17.703,37.951,31.92,0 days 02:05:30.837000,0 days 02:06:08.788000,0 days 02:06:40.708000,,294.0,215.0,302.0,False,MEDIUM,3.0,True,Kick Sauber,0 days 02:05:13.063000,2025-12-07 14:10:20.126,1,18.0,False,,False,True,87.574,87.574
509,0 days 02:08:07.687000,HUL,27,0 days 00:01:27.050000,46.0,3.0,,,17.632,37.535,31.883,0 days 02:06:58.340000,0 days 02:07:35.875000,0 days 02:08:07.758000,293.0,306.0,215.0,327.0,True,MEDIUM,4.0,True,Kick Sauber,0 days 02:06:40.637000,2025-12-07 14:11:47.700,1,17.0,False,,False,True,87.05,87.05
510,0 days 02:09:35.228000,HUL,27,0 days 00:01:27.541000,47.0,3.0,,,17.669,37.95,31.922,0 days 02:08:25.427000,0 days 02:09:03.377000,0 days 02:09:35.299000,288.0,297.0,213.0,305.0,False,MEDIUM,5.0,True,Kick Sauber,0 days 02:08:07.687000,2025-12-07 14:13:14.750,1,17.0,False,,False,True,87.541,87.541
511,0 days 02:11:03.059000,HUL,27,0 days 00:01:27.831000,48.0,3.0,,,17.642,38.079,32.11,0 days 02:09:52.941000,0 days 02:10:31.020000,0 days 02:11:03.130000,,298.0,213.0,305.0,False,MEDIUM,6.0,True,Kick Sauber,0 days 02:09:35.228000,2025-12-07 14:14:42.291,1,17.0,False,,False,True,87.831,87.831
512,0 days 02:12:32.080000,HUL,27,0 days 00:01:29.021000,49.0,3.0,,,17.651,37.853,33.517,0 days 02:11:20.781000,0 days 02:11:58.634000,0 days 02:12:32.151000,298.0,305.0,212.0,340.0,False,MEDIUM,7.0,True,Kick Sauber,0 days 02:11:03.059000,2025-12-07 14:16:10.122,1,17.0,False,,False,True,89.021,89.02100000000002
513,0 days 02:14:00.057000,HUL,27,0 days 00:01:27.977000,50.0,3.0,,,17.738,37.457,32.782,0 days 02:12:49.889000,0 days 02:13:27.346000,0 days 02:14:00.128000,290.0,315.0,213.0,335.0,False,MEDIUM,8.0,True,Kick Sauber,0 days 02:12:32.080000,2025-12-07 14:17:39.143,1,16.0,False,,False,True,87.977,87.977
514,0 days 02:15:28.301000,HUL,27,0 days 00:01:28.244000,51.0,3.0,,,17.781,38.211,32.252,0 days 02:14:17.909000,0 days 02:14:56.120000,0 days 02:15:28.372000,,326.0,213.0,328.0,False,MEDIUM,9.0,True,Kick Sauber,0 days 02:14:00.057000,2025-12-07 14:19:07.120,1,15.0,False,,False,True,88.244,88.244
515,0 days 02:16:56.043000,HUL,27,0 days 00:01:27.742000,52.0,3.0,,,17.655,38.084,32.003,0 days 02:15:46.027000,0 days 02:16:24.111000,0 days 02:16:56.114000,286.0,296.0,214.0,305.0,False,MEDIUM,10.0,True,Kick Sauber,0 days 02:15:28.301000,2025-12-07 14:20:35.364,1,15.0,False,,False,True,87.742,87.742
516,0 days 02:18:24.453000,HUL,27,0 days 00:01:28.410000,53.0,3.0,,,17.594,37.748,33.068,0 days 02:17:13.708000,0 days 02:17:51.456000,0 days 02:18:24.524000,288.0,316.0,213.0,308.0,False,MEDIUM,11.0,True,Kick Sauber,0 days 02:16:56.043000,2025-12-07 14:22:03.106,1,15.0,False,,False,True,88.41,88.41
517,0 days 02:19:52.832000,HUL,27,0 days 00:01:28.379000,54.0,3.0,,,17.712,37.98,32.687,0 days 02:18:42.236000,0 days 02:19:20.216000,0 days 02:19:52.903000,289.0,316.0,214.0,339.0,False,MEDIUM,12.0,True,Kick Sauber,0 days 02:18:24.453000,2025-12-07 14:23:31.516,1,14.0,False,,False,True,88.379,88.37899999999999
518,0 days 02:21:20.885000,HUL,27,0 days 00:01:28.053000,55.0,3.0,,,17.814,37.838,32.401,0 days 02:20:10.717000,0 days 02:20:48.555000,0 days 02:21:20.956000,291.0,296.0,213.0,324.0,False,MEDIUM,13.0,True,Kick Sauber,0 days 02:19:52.832000,2025-12-07 14:24:59.895,1,13.0,False,,False,True,88.053,88.053
519,0 days 02:22:49.939000,HUL,27,0 days 00:01:29.054000,56.0,3.0,,,17.641,37.661,33.752,0 days 02:21:38.597000,0 days 02:22:16.258000,0 days 02:22:50.010000,288.0,316.0,212.0,332.0,False,MEDIUM,14.0,True,Kick Sauber,0 days 02:21:20.885000,2025-12-07 14:26:27.948,1,13.0,False,,False,True,89.054,89.054
520,0 days 02:24:19.110000,HUL,27,0 days 00:01:29.171000,57.0,3.0,,,17.794,38.316,33.061,0 days 02:23:07.804000,0 days 02:23:46.120000,0 days 02:24:19.181000,300.0,322.0,212.0,332.0,False,MEDIUM,15.0,True,Kick Sauber,0 days 02:22:49.939000,2025-12-07 14:27:57.002,1,12.0,False,,False,True,89.171,89.17099999999999
521,0 days 02:25:47.217000,HUL,27,0 days 00:01:28.107000,58.0,3.0,,,17.766,38.078,32.263,0 days 02:24:36.947000,0 days 02:25:15.025000,0 days 02:25:47.288000,291.0,302.0,212.0,331.0,False,MEDIUM,16.0,True,Kick Sauber,0 days 02:24:19.110000,2025-12-07 14:29:26.173,1,11.0,False,,False,True,88.107,88.107
522,0 days 01:00:01.044000,STR,18,0 days 00:01:40.310000,1.0,1.0,,,,40.0,35.922,,0 days 00:59:25.392000,0 days 01:00:01.228000,277.0,299.0,212.0,287.0,False,HARD,2.0,False,Aston Martin,0 days 00:58:20.522000,2025-12-07 13:03:27.585,1,16.0,False,,False,False,100.31,
523,0 days 01:01:32.626000,STR,18,0 days 00:01:31.582000,2.0,1.0,,,18.561,38.208,34.813,0 days 01:00:19.632000,0 days 01:00:57.840000,0 days 01:01:32.653000,283.0,301.0,211.0,322.0,True,HARD,3.0,False,Aston Martin,0 days 01:00:01.044000,2025-12-07 13:05:08.107,1,16.0,False,,False,True,91.582,91.582
524,0 days 01:03:02.945000,STR,18,0 days 00:01:30.319000,3.0,1.0,,,18.515,38.069,33.735,0 days 01:01:51.168000,0 days 01:02:29.237000,0 days 01:03:02.972000,285.0,294.0,212.0,322.0,True,HARD,4.0,False,Aston Martin,0 days 01:01:32.626000,2025-12-07 13:06:39.689,1,16.0,False,,False,True,90.319,90.319
525,0 days 01:04:33.718000,STR,18,0 days 00:01:30.773000,4.0,1.0,,,18.276,38.037,34.46,0 days 01:03:21.248000,0 days 01:03:59.285000,0 days 01:04:33.745000,,307.0,211.0,326.0,False,HARD,5.0,False,Aston Martin,0 days 01:03:02.945000,2025-12-07 13:08:10.008,1,16.0,False,,False,True,90.773,90.773
526,0 days 01:06:04.176000,STR,18,0 days 00:01:30.458000,5.0,1.0,,,18.478,38.201,33.779,0 days 01:04:52.223000,0 days 01:05:30.424000,0 days 01:06:04.203000,,310.0,210.0,319.0,False,HARD,6.0,False,Aston Martin,0 days 01:04:33.718000,2025-12-07 13:09:40.781,1,16.0,False,,False,True,90.458,90.458
527,0 days 01:07:34.364000,STR,18,0 days 00:01:30.188000,6.0,1.0,,,18.237,38.029,33.922,0 days 01:06:22.440000,0 days 01:07:00.469000,0 days 01:07:34.391000,288.0,311.0,211.0,322.0,True,HARD,7.0,False,Aston Martin,0 days 01:06:04.176000,2025-12-07 13:11:11.239,1,16.0,False,,False,True,90.188,90.188
528,0 days 01:09:04.756000,STR,18,0 days 00:01:30.392000,7.0,1.0,,,18.281,38.231,33.88,0 days 01:07:52.672000,0 days 01:08:30.903000,0 days 01:09:04.783000,287.0,309.0,211.0,322.0,False,HARD,8.0,False,Aston Martin,0 days 01:07:34.364000,2025-12-07 13:12:41.427,1,16.0,False,,False,True,90.392,90.392
529,0 days 01:10:35.195000,STR,18,0 days 00:01:30.439000,8.0,1.0,,,18.333,38.183,33.923,0 days 01:09:23.116000,0 days 01:10:01.299000,0 days 01:10:35.222000,288.0,311.0,211.0,322.0,False,HARD,9.0,False,Aston Martin,0 days 01:09:04.756000,2025-12-07 13:14:11.819,1,15.0,False,,False,True,90.439,90.439
530,0 days 01:12:04.914000,STR,18,0 days 00:01:29.719000,9.0,1.0,,,18.106,38.173,33.44,0 days 01:10:53.328000,0 days 01:11:31.501000,0 days 01:12:04.941000,286.0,307.0,209.0,317.0,True,HARD,10.0,False,Aston Martin,0 days 01:10:35.195000,2025-12-07 13:15:42.258,1,14.0,False,,False,True,89.719,89.719
531,0 days 01:13:35.189000,STR,18,0 days 00:01:30.275000,10.0,1.0,,,18.14,38.221,33.914,0 days 01:12:23.081000,0 days 01:13:01.302000,0 days 01:13:35.216000,,309.0,209.0,322.0,False,HARD,11.0,False,Aston Martin,0 days 01:12:04.914000,2025-12-07 13:17:11.977,1,14.0,False,,False,True,90.275,90.275
532,0 days 01:15:05.888000,STR,18,0 days 00:01:30.699000,11.0,1.0,,,18.247,38.251,34.201,0 days 01:13:53.463000,0 days 01:14:31.714000,0 days 01:15:05.915000,284.0,311.0,209.0,320.0,False,HARD,12.0,False,Aston Martin,0 days 01:13:35.189000,2025-12-07 13:18:42.252,1,14.0,False,,False,True,90.699,90.699
533,0 days 01:16:37.058000,STR,18,0 days 00:01:31.170000,12.0,1.0,,,18.388,38.395,34.387,0 days 01:15:24.303000,0 days 01:16:02.698000,0 days 01:16:37.085000,287.0,301.0,210.0,321.0,False,HARD,13.0,False,Aston Martin,0 days 01:15:05.888000,2025-12-07 13:20:12.951,1,14.0,False,,False,True,91.17,91.17
534,0 days 01:18:08.211000,STR,18,0 days 00:01:31.153000,13.0,1.0,,,18.299,38.379,34.475,0 days 01:16:55.384000,0 days 01:17:33.763000,0 days 01:18:08.238000,285.0,307.0,208.0,318.0,False,HARD,14.0,False,Aston Martin,0 days 01:16:37.058000,2025-12-07 13:21:44.121,1,14.0,False,,False,True,91.153,91.15299999999999
535,0 days 01:19:39.125000,STR,18,0 days 00:01:30.914000,14.0,1.0,,,18.247,38.427,34.24,0 days 01:18:26.485000,0 days 01:19:04.912000,0 days 01:19:39.152000,287.0,309.0,211.0,319.0,False,HARD,15.0,False,Aston Martin,0 days 01:18:08.211000,2025-12-07 13:23:15.274,1,13.0,False,,False,True,90.914,90.914
536,0 days 01:21:10.056000,STR,18,0 days 00:01:30.931000,15.0,1.0,,,18.104,38.669,34.158,0 days 01:19:57.256000,0 days 01:20:35.925000,0 days 01:21:10.083000,286.0,297.0,210.0,310.0,False,HARD,16.0,False,Aston Martin,0 days 01:19:39.125000,2025-12-07 13:24:46.188,1,11.0,False,,False,True,90.931,90.931
537,0 days 01:22:40.440000,STR,18,0 days 00:01:30.384000,16.0,1.0,,,18.124,38.428,33.832,0 days 01:21:28.207000,0 days 01:22:06.635000,0 days 01:22:40.467000,287.0,320.0,209.0,309.0,False,HARD,17.0,False,Aston Martin,0 days 01:21:10.056000,2025-12-07 13:26:17.119,1,9.0,False,,False,True,90.384,90.38399999999999
538,0 days 01:24:11.354000,STR,18,0 days 00:01:30.914000,17.0,1.0,,,18.185,38.773,33.956,0 days 01:22:58.652000,0 days 01:23:37.425000,0 days 01:24:11.381000,282.0,288.0,210.0,301.0,False,HARD,18.0,False,Aston Martin,0 days 01:22:40.440000,2025-12-07 13:27:47.503,1,6.0,False,,False,True,90.914,90.914
539,0 days 01:25:42.777000,STR,18,0 days 00:01:31.423000,18.0,1.0,,,18.158,38.819,34.446,0 days 01:24:29.539000,0 days 01:25:08.358000,0 days 01:25:42.804000,284.0,297.0,210.0,332.0,False,HARD,19.0,False,Aston Martin,0 days 01:24:11.354000,2025-12-07 13:29:18.417,1,6.0,False,,False,True,91.423,91.423
540,0 days 01:27:14.577000,STR,18,0 days 00:01:31.800000,19.0,1.0,,,18.231,38.977,34.592,0 days 01:26:01.035000,0 days 01:26:40.012000,0 days 01:27:14.604000,282.0,277.0,209.0,300.0,False,HARD,20.0,False,Aston Martin,0 days 01:25:42.777000,2025-12-07 13:30:49.840,1,7.0,False,,False,True,91.8,91.8
541,0 days 01:28:46.356000,STR,18,0 days 00:01:31.779000,20.0,1.0,,,18.2,39.041,34.538,0 days 01:27:32.804000,0 days 01:28:11.845000,0 days 01:28:46.383000,283.0,274.0,209.0,290.0,False,HARD,21.0,False,Aston Martin,0 days 01:27:14.577000,2025-12-07 13:32:21.640,1,7.0,False,,False,True,91.779,91.779
542,0 days 01:30:18.358000,STR,18,0 days 00:01:32.002000,21.0,1.0,,,18.24,38.708,35.054,0 days 01:29:04.623000,0 days 01:29:43.331000,0 days 01:30:18.385000,287.0,290.0,209.0,322.0,False,HARD,22.0,False,Aston Martin,0 days 01:28:46.356000,2025-12-07 13:33:53.419,1,7.0,False,,False,True,92.002,92.002
543,0 days 01:31:49.026000,STR,18,0 days 00:01:30.668000,22.0,1.0,,,18.288,39.013,33.367,0 days 01:30:36.673000,0 days 01:31:15.686000,0 days 01:31:49.053000,282.0,287.0,211.0,297.0,False,HARD,23.0,False,Aston Martin,0 days 01:30:18.358000,2025-12-07 13:35:25.421,1,7.0,False,,False,True,90.668,90.668
544,0 days 01:33:18.999000,STR,18,0 days 00:01:29.973000,23.0,1.0,,,18.015,38.786,33.172,0 days 01:32:07.068000,0 days 01:32:45.854000,0 days 01:33:19.026000,286.0,289.0,211.0,300.0,False,HARD,24.0,False,Aston Martin,0 days 01:31:49.026000,2025-12-07 13:36:56.089,1,7.0,False,,False,True,89.973,89.973
545,0 days 01:34:48.971000,STR,18,0 days 00:01:29.972000,24.0,1.0,,,17.932,38.917,33.123,0 days 01:33:36.958000,0 days 01:34:15.875000,0 days 01:34:48.998000,,288.0,211.0,297.0,False,HARD,25.0,False,Aston Martin,0 days 01:33:18.999000,2025-12-07 13:38:26.062,1,7.0,False,,False,True,89.972,89.97200000000001
546,0 days 01:36:18.825000,STR,18,0 days 00:01:29.854000,25.0,1.0,,,17.966,38.865,33.023,0 days 01:35:06.964000,0 days 01:35:45.829000,0 days 01:36:18.852000,287.0,290.0,211.0,298.0,False,HARD,26.0,False,Aston Martin,0 days 01:34:48.971000,2025-12-07 13:39:56.034,1,7.0,False,,False,True,89.854,89.85400000000001
547,0 days 01:37:48.613000,STR,18,0 days 00:01:29.788000,26.0,1.0,,,17.869,38.859,33.06,0 days 01:36:36.721000,0 days 01:37:15.580000,0 days 01:37:48.640000,,287.0,211.0,298.0,False,HARD,27.0,False,Aston Martin,0 days 01:36:18.825000,2025-12-07 13:41:25.888,1,7.0,False,,False,True,89.788,89.78800000000001
548,0 days 01:39:18.600000,STR,18,0 days 00:01:29.987000,27.0,1.0,,,18.056,38.857,33.074,0 days 01:38:06.696000,0 days 01:38:45.553000,0 days 01:39:18.627000,285.0,289.0,212.0,298.0,False,HARD,28.0,False,Aston Martin,0 days 01:37:48.613000,2025-12-07 13:42:55.676,1,7.0,False,,False,True,89.987,89.987
549,0 days 01:40:48.460000,STR,18,0 days 00:01:29.860000,28.0,1.0,,,17.94,38.661,33.259,0 days 01:39:36.567000,0 days 01:40:15.228000,0 days 01:40:48.487000,287.0,292.0,212.0,300.0,False,HARD,29.0,False,Aston Martin,0 days 01:39:18.600000,2025-12-07 13:44:25.663,1,7.0,True,TRACK LIMITS AT TURN 1 LAP 28 ,False,True,89.86,89.86
550,0 days 01:42:18.386000,STR,18,0 days 00:01:29.926000,29.0,1.0,,,17.964,38.834,33.128,0 days 01:41:06.451000,0 days 01:41:45.285000,0 days 01:42:18.413000,288.0,291.0,212.0,299.0,False,HARD,30.0,False,Aston Martin,0 days 01:40:48.460000,2025-12-07 13:45:55.523,1,7.0,False,,False,True,89.926,89.926
551,0 days 01:43:48.561000,STR,18,0 days 00:01:30.175000,30.0,1.0,,,17.942,38.943,33.29,0 days 01:42:36.355000,0 days 01:43:15.298000,0 days 01:43:48.588000,287.0,289.0,210.0,298.0,False,HARD,31.0,False,Aston Martin,0 days 01:42:18.386000,2025-12-07 13:47:25.449,1,7.0,False,,False,True,90.175,90.175
552,0 days 01:45:18.519000,STR,18,0 days 00:01:29.958000,31.0,1.0,,,18.044,38.765,33.149,0 days 01:44:06.632000,0 days 01:44:45.397000,0 days 01:45:18.546000,,289.0,212.0,299.0,False,HARD,32.0,False,Aston Martin,0 days 01:43:48.561000,2025-12-07 13:48:55.624,1,7.0,False,,False,True,89.958,89.958
553,0 days 01:46:48.758000,STR,18,0 days 00:01:30.239000,32.0,1.0,,,18.045,39.003,33.191,0 days 01:45:36.591000,0 days 01:46:15.594000,0 days 01:46:48.785000,286.0,299.0,212.0,299.0,False,HARD,33.0,False,Aston Martin,0 days 01:45:18.519000,2025-12-07 13:50:25.582,1,7.0,False,,False,True,90.239,90.239
554,0 days 01:48:18.730000,STR,18,0 days 00:01:29.972000,33.0,1.0,,,17.974,38.914,33.084,0 days 01:47:06.759000,0 days 01:47:45.673000,0 days 01:48:18.757000,,290.0,212.0,298.0,False,HARD,34.0,False,Aston Martin,0 days 01:46:48.758000,2025-12-07 13:51:55.821,1,6.0,False,,False,True,89.972,89.97200000000001
555,0 days 01:49:48.556000,STR,18,0 days 00:01:29.826000,34.0,1.0,,,17.987,38.86,32.979,0 days 01:48:36.744000,0 days 01:49:15.604000,0 days 01:49:48.583000,284.0,287.0,213.0,295.0,False,HARD,35.0,False,Aston Martin,0 days 01:48:18.730000,2025-12-07 13:53:25.793,1,6.0,False,,False,True,89.826,89.826
556,0 days 01:51:18.560000,STR,18,0 days 00:01:30.004000,35.0,1.0,,,17.997,39.013,32.994,0 days 01:50:06.580000,0 days 01:50:45.593000,0 days 01:51:18.587000,287.0,289.0,213.0,298.0,False,HARD,36.0,False,Aston Martin,0 days 01:49:48.556000,2025-12-07 13:54:55.619,1,6.0,False,,False,True,90.004,90.00399999999999
557,0 days 01:52:48.563000,STR,18,0 days 00:01:30.003000,36.0,1.0,,,17.885,38.971,33.147,0 days 01:51:36.472000,0 days 01:52:15.443000,0 days 01:52:48.590000,,291.0,213.0,293.0,False,HARD,37.0,False,Aston Martin,0 days 01:51:18.560000,2025-12-07 13:56:25.623,1,6.0,False,,False,True,90.003,90.00299999999999
558,0 days 01:54:18.403000,STR,18,0 days 00:01:29.840000,37.0,1.0,,,17.928,38.919,32.993,0 days 01:53:06.518000,0 days 01:53:45.437000,0 days 01:54:18.430000,,290.0,211.0,297.0,False,HARD,38.0,False,Aston Martin,0 days 01:52:48.563000,2025-12-07 13:57:55.626,1,6.0,False,,False,True,89.84,89.84
559,0 days 01:55:48.388000,STR,18,0 days 00:01:29.985000,38.0,1.0,,,17.969,38.968,33.048,0 days 01:54:36.399000,0 days 01:55:15.367000,0 days 01:55:48.415000,283.0,284.0,213.0,294.0,False,HARD,39.0,False,Aston Martin,0 days 01:54:18.403000,2025-12-07 13:59:25.466,1,6.0,False,,False,True,89.985,89.98500000000001
560,0 days 01:57:18.606000,STR,18,0 days 00:01:30.218000,39.0,1.0,,,17.983,38.951,33.284,0 days 01:56:06.398000,0 days 01:56:45.349000,0 days 01:57:18.633000,286.0,287.0,212.0,296.0,False,HARD,40.0,False,Aston Martin,0 days 01:55:48.388000,2025-12-07 14:00:55.451,1,6.0,False,,False,True,90.218,90.21799999999999
561,0 days 01:58:48.884000,STR,18,0 days 00:01:30.278000,40.0,1.0,,,17.898,39.016,33.364,0 days 01:57:36.531000,0 days 01:58:15.547000,0 days 01:58:48.911000,288.0,288.0,212.0,297.0,False,HARD,41.0,False,Aston Martin,0 days 01:57:18.606000,2025-12-07 14:02:25.669,1,6.0,False,,False,True,90.278,90.27799999999999
562,0 days 02:00:18.913000,STR,18,0 days 00:01:30.029000,41.0,1.0,,,17.925,39.002,33.102,0 days 01:59:06.836000,0 days 01:59:45.838000,0 days 02:00:18.940000,,287.0,208.0,297.0,False,HARD,42.0,False,Aston Martin,0 days 01:58:48.884000,2025-12-07 14:03:55.947,1,6.0,False,,False,True,90.029,90.029
563,0 days 02:01:51.236000,STR,18,0 days 00:01:32.323000,42.0,1.0,,0 days 02:01:50.262000,18.062,38.989,35.272,0 days 02:00:37.002000,0 days 02:01:15.991000,0 days 02:01:51.263000,287.0,290.0,,298.0,False,HARD,43.0,False,Aston Martin,0 days 02:00:18.913000,2025-12-07 14:05:25.976,1,6.0,False,,False,False,92.323,92.32300000000001
564,0 days 02:03:40.013000,STR,18,0 days 00:01:48.777000,43.0,2.0,0 days 02:02:11.824000,,37.976,38.318,32.483,0 days 02:02:29.239000,0 days 02:03:07.557000,0 days 02:03:40.040000,287.0,290.0,215.0,300.0,False,MEDIUM,2.0,False,Aston Martin,0 days 02:01:51.236000,2025-12-07 14:06:58.299,1,17.0,False,,False,False,108.777,108.77699999999999
565,0 days 02:05:07.931000,STR,18,0 days 00:01:27.918000,44.0,2.0,,,17.884,37.671,32.363,0 days 02:03:57.924000,0 days 02:04:35.595000,0 days 02:05:07.958000,291.0,292.0,215.0,325.0,True,MEDIUM,3.0,False,Aston Martin,0 days 02:03:40.013000,2025-12-07 14:08:47.076,1,16.0,False,,False,True,87.918,87.918
566,0 days 02:06:36.044000,STR,18,0 days 00:01:28.113000,45.0,2.0,,,17.717,38.189,32.207,0 days 02:05:25.675000,0 days 02:06:03.864000,0 days 02:06:36.071000,287.0,288.0,215.0,299.0,False,MEDIUM,4.0,False,Aston Martin,0 days 02:05:07.931000,2025-12-07 14:10:14.994,1,16.0,False,,False,True,88.113,88.113
567,0 days 02:08:04.332000,STR,18,0 days 00:01:28.288000,46.0,2.0,,,17.591,37.549,33.148,0 days 02:06:53.662000,0 days 02:07:31.211000,0 days 02:08:04.359000,289.0,317.0,211.0,315.0,False,MEDIUM,5.0,False,Aston Martin,0 days 02:06:36.044000,2025-12-07 14:11:43.107,1,16.0,False,,False,True,88.288,88.28800000000001
568,0 days 02:09:32.075000,STR,18,0 days 00:01:27.743000,47.0,2.0,,,17.643,37.761,32.339,0 days 02:08:22.002000,0 days 02:08:59.763000,0 days 02:09:32.102000,291.0,300.0,215.0,334.0,True,MEDIUM,6.0,False,Aston Martin,0 days 02:08:04.332000,2025-12-07 14:13:11.395,1,15.0,False,,False,True,87.743,87.743
569,0 days 02:11:00.502000,STR,18,0 days 00:01:28.427000,48.0,2.0,,,17.582,37.954,32.891,0 days 02:09:49.684000,0 days 02:10:27.638000,0 days 02:11:00.529000,288.0,307.0,213.0,299.0,False,MEDIUM,7.0,False,Aston Martin,0 days 02:09:32.075000,2025-12-07 14:14:39.138,1,15.0,False,,False,True,88.427,88.42699999999999
570,0 days 02:12:28.451000,STR,18,0 days 00:01:27.949000,49.0,2.0,,,17.762,37.895,32.292,0 days 02:11:18.291000,0 days 02:11:56.186000,0 days 02:12:28.478000,289.0,292.0,215.0,324.0,False,MEDIUM,8.0,False,Aston Martin,0 days 02:11:00.502000,2025-12-07 14:16:07.565,1,14.0,False,,False,True,87.949,87.94900000000001
571,0 days 02:13:56.516000,STR,18,0 days 00:01:28.065000,50.0,2.0,,,17.591,37.735,32.739,0 days 02:12:46.069000,0 days 02:13:23.804000,0 days 02:13:56.543000,288.0,311.0,213.0,305.0,False,MEDIUM,9.0,False,Aston Martin,0 days 02:12:28.451000,2025-12-07 14:17:35.514,1,14.0,False,,False,True,88.065,88.065
572,0 days 02:15:24.355000,STR,18,0 days 00:01:27.839000,51.0,2.0,,,17.66,37.834,32.345,0 days 02:14:14.203000,0 days 02:14:52.037000,0 days 02:15:24.382000,290.0,293.0,215.0,335.0,False,MEDIUM,10.0,False,Aston Martin,0 days 02:13:56.516000,2025-12-07 14:19:03.579,1,13.0,False,,False,True,87.839,87.839
573,0 days 02:16:51.981000,STR,18,0 days 00:01:27.626000,52.0,2.0,,,17.706,37.622,32.298,0 days 02:15:42.088000,0 days 02:16:19.710000,0 days 02:16:52.008000,288.0,323.0,214.0,325.0,True,MEDIUM,11.0,False,Aston Martin,0 days 02:15:24.355000,2025-12-07 14:20:31.418,1,12.0,False,,False,True,87.626,87.626
574,0 days 02:18:20.639000,STR,18,0 days 00:01:28.658000,53.0,2.0,,,17.512,37.923,33.223,0 days 02:17:09.520000,0 days 02:17:47.443000,0 days 02:18:20.666000,289.0,311.0,212.0,304.0,False,MEDIUM,12.0,False,Aston Martin,0 days 02:16:51.981000,2025-12-07 14:21:59.044,1,12.0,False,,False,True,88.658,88.658
575,0 days 02:19:49.590000,STR,18,0 days 00:01:28.951000,54.0,2.0,,,17.737,37.859,33.355,0 days 02:18:38.403000,0 days 02:19:16.262000,0 days 02:19:49.617000,287.0,318.0,213.0,345.0,False,MEDIUM,13.0,False,Aston Martin,0 days 02:18:20.639000,2025-12-07 14:23:27.702,1,11.0,False,,False,True,88.951,88.951
576,0 days 02:21:17.636000,STR,18,0 days 00:01:28.046000,55.0,2.0,,,17.781,37.977,32.288,0 days 02:20:07.398000,0 days 02:20:45.375000,0 days 02:21:17.663000,289.0,293.0,213.0,330.0,False,MEDIUM,14.0,False,Aston Martin,0 days 02:19:49.590000,2025-12-07 14:24:56.653,1,10.0,False,,False,True,88.046,88.04599999999999
577,0 days 02:22:45.588000,STR,18,0 days 00:01:27.952000,56.0,2.0,,,17.457,38.333,32.162,0 days 02:21:35.120000,0 days 02:22:13.453000,0 days 02:22:45.615000,284.0,287.0,213.0,297.0,False,MEDIUM,15.0,False,Aston Martin,0 days 02:21:17.636000,2025-12-07 14:26:24.699,1,10.0,False,,False,True,87.952,87.952
578,0 days 02:24:13.697000,STR,18,0 days 00:01:28.109000,57.0,2.0,,,17.511,37.976,32.622,0 days 02:23:03.126000,0 days 02:23:41.102000,0 days 02:24:13.724000,288.0,312.0,214.0,301.0,False,MEDIUM,16.0,False,Aston Martin,0 days 02:22:45.588000,2025-12-07 14:27:52.651,1,10.0,False,,False,True,88.109,88.109
579,0 days 02:25:42.726000,STR,18,0 days 00:01:29.029000,58.0,2.0,,,17.721,37.932,33.376,0 days 02:24:31.445000,0 days 02:25:09.377000,0 days 02:25:42.753000,289.0,319.0,213.0,311.0,False,MEDIUM,17.0,False,Aston Martin,0 days 02:24:13.697000,2025-12-07 14:29:20.760,1,9.0,False,,False,True,89.029,89.029
580,0 days 00:59:56.675000,BOR,5,0 days 00:01:35.941000,1.0,1.0,,,,39.142,33.99,,0 days 00:59:22.913000,0 days 00:59:56.877000,282.0,307.0,212.0,316.0,False,MEDIUM,1.0,True,Kick Sauber,0 days 00:58:20.522000,2025-12-07 13:03:27.585,1,7.0,False,,False,False,95.941,
581,0 days 01:01:27.331000,BOR,5,0 days 00:01:30.656000,2.0,1.0,,,18.311,38.082,34.263,0 days 01:00:15.008000,0 days 01:00:53.090000,0 days 01:01:27.353000,285.0,306.0,210.0,329.0,True,MEDIUM,2.0,True,Kick Sauber,0 days 00:59:56.675000,2025-12-07 13:05:03.738,1,7.0,False,,False,True,90.656,90.656
582,0 days 01:02:57.468000,BOR,5,0 days 00:01:30.137000,3.0,1.0,,,18.189,38.019,33.929,0 days 01:01:45.542000,0 days 01:02:23.561000,0 days 01:02:57.490000,,313.0,210.0,319.0,True,MEDIUM,3.0,True,Kick Sauber,0 days 01:01:27.331000,2025-12-07 13:06:34.394,1,7.0,False,,False,True,90.137,90.137
583,0 days 01:04:27.690000,BOR,5,0 days 00:01:30.222000,4.0,1.0,,,18.088,38.138,33.996,0 days 01:03:15.578000,0 days 01:03:53.716000,0 days 01:04:27.712000,,310.0,210.0,322.0,False,MEDIUM,4.0,True,Kick Sauber,0 days 01:02:57.468000,2025-12-07 13:08:04.531,1,7.0,False,,False,True,90.222,90.22200000000001
584,0 days 01:05:57.876000,BOR,5,0 days 00:01:30.186000,5.0,1.0,,,18.185,38.128,33.873,0 days 01:04:45.897000,0 days 01:05:24.025000,0 days 01:05:57.898000,280.0,312.0,211.0,319.0,False,MEDIUM,5.0,True,Kick Sauber,0 days 01:04:27.690000,2025-12-07 13:09:34.753,1,7.0,False,,False,True,90.186,90.186
585,0 days 01:07:28.320000,BOR,5,0 days 00:01:30.444000,6.0,1.0,,,18.122,38.404,33.918,0 days 01:06:16.020000,0 days 01:06:54.424000,0 days 01:07:28.342000,284.0,291.0,210.0,314.0,False,MEDIUM,6.0,True,Kick Sauber,0 days 01:05:57.876000,2025-12-07 13:11:04.939,1,7.0,False,,False,True,90.444,90.444
586,0 days 01:08:58.687000,BOR,5,0 days 00:01:30.367000,7.0,1.0,,,18.04,38.363,33.964,0 days 01:07:46.382000,0 days 01:08:24.745000,0 days 01:08:58.709000,,311.0,209.0,308.0,False,MEDIUM,7.0,True,Kick Sauber,0 days 01:07:28.320000,2025-12-07 13:12:35.383,1,7.0,False,,False,True,90.367,90.36699999999999
587,0 days 01:10:28.953000,BOR,5,0 days 00:01:30.266000,8.0,1.0,,,18.12,38.388,33.758,0 days 01:09:16.829000,0 days 01:09:55.217000,0 days 01:10:28.975000,283.0,291.0,210.0,312.0,False,MEDIUM,8.0,True,Kick Sauber,0 days 01:08:58.687000,2025-12-07 13:14:05.750,1,7.0,False,,False,True,90.266,90.26599999999999
588,0 days 01:11:59.011000,BOR,5,0 days 00:01:30.058000,9.0,1.0,,,18.077,38.457,33.524,0 days 01:10:47.052000,0 days 01:11:25.509000,0 days 01:11:59.033000,282.0,301.0,210.0,311.0,True,MEDIUM,9.0,True,Kick Sauber,0 days 01:10:28.953000,2025-12-07 13:15:36.016,1,7.0,False,,False,True,90.058,90.058
589,0 days 01:13:29.097000,BOR,5,0 days 00:01:30.086000,10.0,1.0,,,18.061,38.408,33.617,0 days 01:12:17.094000,0 days 01:12:55.502000,0 days 01:13:29.119000,,300.0,210.0,311.0,False,MEDIUM,10.0,True,Kick Sauber,0 days 01:11:59.011000,2025-12-07 13:17:06.074,1,7.0,False,,False,True,90.086,90.086
590,0 days 01:14:59.320000,BOR,5,0 days 00:01:30.223000,11.0,1.0,,,18.176,38.711,33.336,0 days 01:13:47.295000,0 days 01:14:26.006000,0 days 01:14:59.342000,281.0,292.0,208.0,300.0,False,MEDIUM,11.0,True,Kick Sauber,0 days 01:13:29.097000,2025-12-07 13:18:36.160,1,7.0,False,,False,True,90.223,90.223
591,0 days 01:16:29.471000,BOR,5,0 days 00:01:30.151000,12.0,1.0,,,18.245,38.789,33.117,0 days 01:15:17.587000,0 days 01:15:56.376000,0 days 01:16:29.493000,,292.0,209.0,300.0,False,MEDIUM,12.0,True,Kick Sauber,0 days 01:14:59.320000,2025-12-07 13:20:06.383,1,7.0,False,,False,True,90.151,90.15100000000001
592,0 days 01:17:59.615000,BOR,5,0 days 00:01:30.144000,13.0,1.0,,,18.156,38.638,33.35,0 days 01:16:47.649000,0 days 01:17:26.287000,0 days 01:17:59.637000,284.0,294.0,209.0,303.0,False,MEDIUM,13.0,True,Kick Sauber,0 days 01:16:29.471000,2025-12-07 13:21:36.534,1,7.0,False,,False,True,90.144,90.144
593,0 days 01:19:29.974000,BOR,5,0 days 00:01:30.359000,14.0,1.0,,,18.017,39.102,33.24,0 days 01:18:17.654000,0 days 01:18:56.756000,0 days 01:19:29.996000,285.0,292.0,211.0,301.0,False,MEDIUM,14.0,True,Kick Sauber,0 days 01:17:59.615000,2025-12-07 13:23:06.678,1,7.0,False,,False,True,90.359,90.35900000000001
594,0 days 01:21:01.806000,BOR,5,0 days 00:01:31.832000,15.0,1.0,,0 days 01:21:00.857000,18.149,38.695,34.988,0 days 01:19:48.145000,0 days 01:20:26.840000,0 days 01:21:01.828000,283.0,296.0,,310.0,False,MEDIUM,15.0,True,Kick Sauber,0 days 01:19:29.974000,2025-12-07 13:24:37.037,1,6.0,False,,False,False,91.832,91.832
595,0 days 01:22:51.488000,BOR,5,0 days 00:01:49.682000,16.0,2.0,0 days 01:21:22.892000,,38.621,38.623,32.438,0 days 01:21:40.449000,0 days 01:22:19.072000,0 days 01:22:51.510000,287.0,289.0,213.0,305.0,False,HARD,1.0,True,Kick Sauber,0 days 01:21:01.806000,2025-12-07 13:26:08.869,1,15.0,False,,False,False,109.682,109.682
596,0 days 01:24:21.865000,BOR,5,0 days 00:01:30.377000,17.0,2.0,,,17.896,38.809,33.672,0 days 01:23:09.406000,0 days 01:23:48.215000,0 days 01:24:21.887000,279.0,291.0,211.0,326.0,False,HARD,2.0,True,Kick Sauber,0 days 01:22:51.488000,2025-12-07 13:27:58.551,1,15.0,False,,False,True,90.377,90.377
597,0 days 01:25:51.981000,BOR,5,0 days 00:01:30.116000,18.0,2.0,,,17.973,38.156,33.987,0 days 01:24:39.860000,0 days 01:25:18.016000,0 days 01:25:52.003000,283.0,299.0,212.0,313.0,False,HARD,3.0,True,Kick Sauber,0 days 01:24:21.865000,2025-12-07 13:29:28.928,1,15.0,False,,False,True,90.116,90.116
598,0 days 01:27:22.017000,BOR,5,0 days 00:01:30.036000,19.0,2.0,,,17.893,38.402,33.741,0 days 01:26:09.896000,0 days 01:26:48.298000,0 days 01:27:22.039000,,308.0,210.0,312.0,True,HARD,4.0,True,Kick Sauber,0 days 01:25:51.981000,2025-12-07 13:30:59.044,1,14.0,False,,False,True,90.036,90.036
599,0 days 01:28:52.145000,BOR,5,0 days 00:01:30.128000,20.0,2.0,,,18.006,38.355,33.767,0 days 01:27:40.045000,0 days 01:28:18.400000,0 days 01:28:52.167000,,305.0,211.0,317.0,False,HARD,5.0,True,Kick Sauber,0 days 01:27:22.017000,2025-12-07 13:32:29.080,1,13.0,False,,False,True,90.128,90.128
600,0 days 01:30:22.201000,BOR,5,0 days 00:01:30.056000,21.0,2.0,,,17.999,37.957,34.1,0 days 01:29:10.166000,0 days 01:29:48.123000,0 days 01:30:22.223000,286.0,322.0,211.0,321.0,False,HARD,6.0,True,Kick Sauber,0 days 01:28:52.145000,2025-12-07 13:33:59.208,1,13.0,False,,False,True,90.056,90.05600000000001
601,0 days 01:31:52.541000,BOR,5,0 days 00:01:30.340000,22.0,2.0,,,18.063,38.187,34.09,0 days 01:30:40.286000,0 days 01:31:18.473000,0 days 01:31:52.563000,283.0,317.0,210.0,322.0,False,HARD,7.0,True,Kick Sauber,0 days 01:30:22.201000,2025-12-07 13:35:29.264,1,12.0,False,,False,True,90.34,90.34
602,0 days 01:33:22.538000,BOR,5,0 days 00:01:29.997000,23.0,2.0,,,18.09,38.145,33.762,0 days 01:32:10.653000,0 days 01:32:48.798000,0 days 01:33:22.560000,282.0,317.0,211.0,327.0,True,HARD,8.0,True,Kick Sauber,0 days 01:31:52.541000,2025-12-07 13:36:59.604,1,12.0,False,,False,True,89.997,89.997
603,0 days 01:34:52.683000,BOR,5,0 days 00:01:30.145000,24.0,2.0,,,18.029,38.182,33.934,0 days 01:33:40.589000,0 days 01:34:18.771000,0 days 01:34:52.705000,286.0,316.0,210.0,307.0,False,HARD,9.0,True,Kick Sauber,0 days 01:33:22.538000,2025-12-07 13:38:29.601,1,11.0,False,,False,True,90.145,90.145
604,0 days 01:36:22.774000,BOR,5,0 days 00:01:30.091000,25.0,2.0,,,18.004,38.119,33.968,0 days 01:35:10.709000,0 days 01:35:48.828000,0 days 01:36:22.796000,,312.0,210.0,319.0,False,HARD,10.0,True,Kick Sauber,0 days 01:34:52.683000,2025-12-07 13:39:59.746,1,11.0,False,,False,True,90.091,90.09100000000001
605,0 days 01:37:52.707000,BOR,5,0 days 00:01:29.933000,26.0,2.0,,,18.02,38.071,33.842,0 days 01:36:40.816000,0 days 01:37:18.887000,0 days 01:37:52.729000,288.0,298.0,211.0,325.0,True,HARD,11.0,True,Kick Sauber,0 days 01:36:22.774000,2025-12-07 13:41:29.837,1,11.0,False,,False,True,89.933,89.93299999999999
606,0 days 01:39:23.186000,BOR,5,0 days 00:01:30.479000,27.0,2.0,,,18.014,38.164,34.301,0 days 01:38:10.743000,0 days 01:38:48.907000,0 days 01:39:23.208000,,306.0,209.0,323.0,False,HARD,12.0,True,Kick Sauber,0 days 01:37:52.707000,2025-12-07 13:42:59.770,1,11.0,False,,False,True,90.479,90.479
607,0 days 01:40:53.881000,BOR,5,0 days 00:01:30.695000,28.0,2.0,,,18.103,38.272,34.32,0 days 01:39:41.311000,0 days 01:40:19.583000,0 days 01:40:53.903000,290.0,315.0,208.0,313.0,False,HARD,13.0,True,Kick Sauber,0 days 01:39:23.186000,2025-12-07 13:44:30.249,1,11.0,False,,False,True,90.695,90.695
608,0 days 01:42:24.193000,BOR,5,0 days 00:01:30.312000,29.0,2.0,,,18.072,37.95,34.29,0 days 01:41:11.975000,0 days 01:41:49.925000,0 days 01:42:24.215000,287.0,319.0,209.0,328.0,False,HARD,14.0,True,Kick Sauber,0 days 01:40:53.881000,2025-12-07 13:46:00.944,1,11.0,False,,False,True,90.312,90.31200000000001
609,0 days 01:43:54.026000,BOR,5,0 days 00:01:29.833000,30.0,2.0,,,18.055,37.999,33.779,0 days 01:42:42.270000,0 days 01:43:20.269000,0 days 01:43:54.048000,,327.0,208.0,318.0,True,HARD,15.0,True,Kick Sauber,0 days 01:42:24.193000,2025-12-07 13:47:31.256,1,10.0,False,,False,True,89.833,89.833
610,0 days 01:45:24.007000,BOR,5,0 days 00:01:29.981000,31.0,2.0,,,18.037,38.667,33.277,0 days 01:44:12.085000,0 days 01:44:50.752000,0 days 01:45:24.029000,284.0,295.0,211.0,305.0,False,HARD,16.0,True,Kick Sauber,0 days 01:43:54.026000,2025-12-07 13:49:01.089,1,10.0,False,,False,True,89.981,89.981
611,0 days 01:46:53.836000,BOR,5,0 days 00:01:29.829000,32.0,2.0,,,17.928,38.245,33.656,0 days 01:45:41.957000,0 days 01:46:20.202000,0 days 01:46:53.858000,,301.0,211.0,314.0,True,HARD,17.0,True,Kick Sauber,0 days 01:45:24.007000,2025-12-07 13:50:31.070,1,9.0,False,,False,True,89.829,89.82900000000001
612,0 days 01:48:23.790000,BOR,5,0 days 00:01:29.954000,33.0,2.0,,,17.97,38.299,33.685,0 days 01:47:11.828000,0 days 01:47:50.127000,0 days 01:48:23.812000,287.0,311.0,211.0,306.0,False,HARD,18.0,True,Kick Sauber,0 days 01:46:53.836000,2025-12-07 13:52:00.899,1,8.0,False,,False,True,89.954,89.95400000000001
613,0 days 01:49:53.652000,BOR,5,0 days 00:01:29.862000,34.0,2.0,,,18.028,38.223,33.611,0 days 01:48:41.840000,0 days 01:49:20.063000,0 days 01:49:53.674000,288.0,309.0,211.0,322.0,False,HARD,19.0,True,Kick Sauber,0 days 01:48:23.790000,2025-12-07 13:53:30.853,1,8.0,False,,False,True,89.862,89.862
614,0 days 01:51:23.360000,BOR,5,0 days 00:01:29.708000,35.0,2.0,,,17.982,38.113,33.613,0 days 01:50:11.656000,0 days 01:50:49.769000,0 days 01:51:23.382000,286.0,308.0,210.0,316.0,True,HARD,20.0,True,Kick Sauber,0 days 01:49:53.652000,2025-12-07 13:55:00.715,1,8.0,False,,False,True,89.708,89.708
615,0 days 01:52:53.095000,BOR,5,0 days 00:01:29.735000,36.0,2.0,,,17.884,38.155,33.696,0 days 01:51:41.266000,0 days 01:52:19.421000,0 days 01:52:53.117000,288.0,313.0,212.0,320.0,False,HARD,21.0,True,Kick Sauber,0 days 01:51:23.360000,2025-12-07 13:56:30.423,1,8.0,False,,False,True,89.735,89.735
616,0 days 01:54:23.462000,BOR,5,0 days 00:01:30.367000,37.0,2.0,,,17.884,38.387,34.096,,0 days 01:53:49.388000,0 days 01:54:23.484000,289.0,302.0,212.0,318.0,False,HARD,22.0,True,Kick Sauber,0 days 01:52:53.095000,2025-12-07 13:58:00.158,1,8.0,False,,False,True,90.367,90.36699999999999
617,0 days 01:55:54.467000,BOR,5,0 days 00:01:31.005000,38.0,2.0,,,17.91,38.512,34.583,0 days 01:54:41.394000,0 days 01:55:19.906000,0 days 01:55:54.489000,288.0,322.0,211.0,328.0,False,HARD,23.0,True,Kick Sauber,0 days 01:54:23.462000,2025-12-07 13:59:30.525,1,9.0,False,,False,True,91.005,91.005
618,0 days 01:57:24.582000,BOR,5,0 days 00:01:30.115000,39.0,2.0,,,17.959,38.033,34.123,0 days 01:56:12.448000,0 days 01:56:50.481000,0 days 01:57:24.604000,286.0,317.0,210.0,326.0,False,HARD,24.0,True,Kick Sauber,0 days 01:55:54.467000,2025-12-07 14:01:01.530,1,9.0,True,TRACK LIMITS AT TURN 1 LAP 39 ,False,True,90.115,90.11500000000001
619,0 days 01:58:54.603000,BOR,5,0 days 00:01:30.021000,40.0,2.0,,,17.891,38.041,34.089,0 days 01:57:42.495000,0 days 01:58:20.536000,0 days 01:58:54.625000,,312.0,211.0,330.0,False,HARD,25.0,True,Kick Sauber,0 days 01:57:24.582000,2025-12-07 14:02:31.645,1,9.0,False,,False,True,90.021,90.02099999999999
620,0 days 02:00:25.654000,BOR,5,0 days 00:01:31.051000,41.0,2.0,,,18.01,38.773,34.268,0 days 01:59:12.635000,0 days 01:59:51.408000,0 days 02:00:25.676000,,322.0,212.0,331.0,False,HARD,26.0,True,Kick Sauber,0 days 01:58:54.603000,2025-12-07 14:04:01.666,1,10.0,False,,False,True,91.051,91.051
621,0 days 02:01:55.490000,BOR,5,0 days 00:01:29.836000,42.0,2.0,,,18.065,38.344,33.427,0 days 02:00:43.741000,0 days 02:01:22.085000,0 days 02:01:55.512000,283.0,310.0,213.0,322.0,False,HARD,27.0,True,Kick Sauber,0 days 02:00:25.654000,2025-12-07 14:05:32.717,1,10.0,False,,False,True,89.836,89.83600000000001
622,0 days 02:03:25.789000,BOR,5,0 days 00:01:30.299000,43.0,2.0,,,17.981,38.818,33.5,0 days 02:02:13.493000,0 days 02:02:52.311000,0 days 02:03:25.811000,284.0,311.0,212.0,297.0,False,HARD,28.0,True,Kick Sauber,0 days 02:01:55.490000,2025-12-07 14:07:02.553,1,10.0,False,,False,True,90.299,90.299
623,0 days 02:04:55.443000,BOR,5,0 days 00:01:29.654000,44.0,2.0,,,17.953,38.591,33.11,0 days 02:03:43.764000,0 days 02:04:22.355000,0 days 02:04:55.465000,289.0,296.0,212.0,308.0,True,HARD,29.0,True,Kick Sauber,0 days 02:03:25.789000,2025-12-07 14:08:32.852,1,10.0,False,,False,True,89.654,89.654
624,0 days 02:06:24.806000,BOR,5,0 days 00:01:29.363000,45.0,2.0,,,17.85,38.477,33.036,0 days 02:05:13.315000,0 days 02:05:51.792000,0 days 02:06:24.828000,,303.0,212.0,306.0,True,HARD,30.0,True,Kick Sauber,0 days 02:04:55.443000,2025-12-07 14:10:02.506,1,10.0,False,,False,True,89.363,89.363
625,0 days 02:07:54.192000,BOR,5,0 days 00:01:29.386000,46.0,2.0,,,17.974,38.429,32.983,0 days 02:06:42.802000,0 days 02:07:21.231000,0 days 02:07:54.214000,,299.0,212.0,310.0,False,HARD,31.0,True,Kick Sauber,0 days 02:06:24.806000,2025-12-07 14:11:31.869,1,10.0,True,TRACK LIMITS AT TURN 1 LAP 46 ,False,True,89.386,89.386
626,0 days 02:09:23.306000,BOR,5,0 days 00:01:29.114000,47.0,2.0,,,17.894,38.341,32.879,0 days 02:08:12.108000,0 days 02:08:50.449000,0 days 02:09:23.328000,291.0,300.0,213.0,310.0,True,HARD,32.0,True,Kick Sauber,0 days 02:07:54.192000,2025-12-07 14:13:01.255,1,10.0,False,,False,True,89.114,89.114
627,0 days 02:10:52.677000,BOR,5,0 days 00:01:29.371000,48.0,2.0,,,18.022,38.598,32.751,0 days 02:09:41.350000,0 days 02:10:19.948000,0 days 02:10:52.699000,287.0,295.0,213.0,304.0,False,HARD,33.0,True,Kick Sauber,0 days 02:09:23.306000,2025-12-07 14:14:30.369,1,10.0,False,,False,True,89.371,89.371
628,0 days 02:12:22.136000,BOR,5,0 days 00:01:29.459000,49.0,2.0,,,17.924,38.584,32.951,0 days 02:11:10.623000,0 days 02:11:49.207000,0 days 02:12:22.158000,291.0,297.0,212.0,308.0,False,HARD,34.0,True,Kick Sauber,0 days 02:10:52.677000,2025-12-07 14:15:59.740,1,10.0,False,,False,True,89.459,89.459
629,0 days 02:13:51.281000,BOR,5,0 days 00:01:29.145000,50.0,2.0,,,17.898,38.506,32.741,0 days 02:12:40.056000,0 days 02:13:18.562000,0 days 02:13:51.303000,290.0,296.0,213.0,309.0,False,HARD,35.0,True,Kick Sauber,0 days 02:12:22.136000,2025-12-07 14:17:29.199,1,10.0,False,,False,True,89.145,89.145
630,0 days 02:15:20.534000,BOR,5,0 days 00:01:29.253000,51.0,2.0,,,17.987,38.507,32.759,0 days 02:14:09.290000,0 days 02:14:47.797000,0 days 02:15:20.556000,288.0,296.0,212.0,306.0,False,HARD,36.0,True,Kick Sauber,0 days 02:13:51.281000,2025-12-07 14:18:58.344,1,10.0,False,,False,True,89.253,89.253
631,0 days 02:16:49.763000,BOR,5,0 days 00:01:29.229000,52.0,2.0,,,17.812,38.604,32.813,0 days 02:15:38.368000,0 days 02:16:16.972000,0 days 02:16:49.785000,292.0,296.0,211.0,306.0,False,HARD,37.0,True,Kick Sauber,0 days 02:15:20.534000,2025-12-07 14:20:27.597,1,10.0,False,,False,True,89.229,89.229
632,0 days 02:18:19.372000,BOR,5,0 days 00:01:29.609000,53.0,2.0,,,17.808,38.674,33.127,0 days 02:17:07.593000,0 days 02:17:46.267000,0 days 02:18:19.394000,289.0,294.0,212.0,305.0,False,HARD,38.0,True,Kick Sauber,0 days 02:16:49.763000,2025-12-07 14:21:56.826,1,10.0,False,,False,True,89.609,89.60900000000001
633,0 days 02:19:49.095000,BOR,5,0 days 00:01:29.723000,54.0,2.0,,,17.854,38.701,33.168,0 days 02:18:37.248000,0 days 02:19:15.949000,0 days 02:19:49.117000,290.0,302.0,213.0,307.0,False,HARD,39.0,True,Kick Sauber,0 days 02:18:19.372000,2025-12-07 14:23:26.435,1,10.0,False,,False,True,89.723,89.723
634,0 days 02:21:19.133000,BOR,5,0 days 00:01:30.038000,55.0,2.0,,,17.989,38.69,33.359,0 days 02:20:07.106000,0 days 02:20:45.796000,0 days 02:21:19.155000,288.0,299.0,213.0,306.0,False,HARD,40.0,True,Kick Sauber,0 days 02:19:49.095000,2025-12-07 14:24:56.158,1,11.0,False,,False,True,90.038,90.03800000000001
635,0 days 02:22:48.743000,BOR,5,0 days 00:01:29.610000,56.0,2.0,,,17.841,38.618,33.151,0 days 02:21:36.996000,0 days 02:22:15.614000,0 days 02:22:48.765000,289.0,302.0,210.0,305.0,False,HARD,41.0,True,Kick Sauber,0 days 02:21:19.133000,2025-12-07 14:26:26.196,1,11.0,False,,False,True,89.61,89.61000000000001
636,0 days 02:24:18.579000,BOR,5,0 days 00:01:29.836000,57.0,2.0,,,17.853,38.967,33.016,0 days 02:23:06.618000,0 days 02:23:45.585000,0 days 02:24:18.601000,288.0,293.0,213.0,304.0,False,HARD,42.0,True,Kick Sauber,0 days 02:22:48.743000,2025-12-07 14:27:55.806,1,11.0,False,,False,True,89.836,89.836
637,0 days 02:25:49.246000,BOR,5,0 days 00:01:30.667000,58.0,2.0,,,17.901,38.794,33.972,0 days 02:24:36.502000,0 days 02:25:15.296000,0 days 02:25:49.268000,292.0,314.0,210.0,306.0,False,HARD,43.0,True,Kick Sauber,0 days 02:24:18.579000,2025-12-07 14:29:25.642,1,12.0,False,,False,True,90.667,90.667
638,0 days 00:59:59.125000,BEA,87,0 days 00:01:38.391000,1.0,1.0,,,,39.226,35.304,,0 days 00:59:23.942000,0 days 00:59:59.268000,279.0,299.0,213.0,309.0,False,MEDIUM,1.0,True,Haas F1 Team,0 days 00:58:20.522000,2025-12-07 13:03:27.585,1,12.0,False,,False,False,98.391,
639,0 days 01:01:30.146000,BEA,87,0 days 00:01:31.021000,2.0,1.0,,,18.497,38.711,33.813,0 days 01:00:17.705000,0 days 01:00:56.416000,0 days 01:01:30.229000,289.0,321.0,212.0,315.0,True,MEDIUM,2.0,True,Haas F1 Team,0 days 00:59:59.125000,2025-12-07 13:05:06.188,1,12.0,False,,False,True,91.021,91.021
640,0 days 01:03:00.613000,BEA,87,0 days 00:01:30.467000,3.0,1.0,,,18.265,38.264,33.938,0 days 01:01:48.494000,0 days 01:02:26.758000,0 days 01:03:00.696000,,306.0,212.0,318.0,True,MEDIUM,3.0,True,Haas F1 Team,0 days 01:01:30.146000,2025-12-07 13:06:37.209,1,12.0,False,,False,True,90.467,90.46700000000001
641,0 days 01:04:31.354000,BEA,87,0 days 00:01:30.741000,4.0,1.0,,,18.116,38.791,33.834,0 days 01:03:18.812000,0 days 01:03:57.603000,0 days 01:04:31.437000,286.0,294.0,212.0,340.0,False,MEDIUM,4.0,True,Haas F1 Team,0 days 01:03:00.613000,2025-12-07 13:08:07.676,1,12.0,False,,False,True,90.741,90.741
642,0 days 01:06:01.544000,BEA,87,0 days 00:01:30.190000,5.0,1.0,,,18.01,38.404,33.776,0 days 01:04:49.447000,0 days 01:05:27.851000,0 days 01:06:01.627000,285.0,314.0,211.0,325.0,True,MEDIUM,5.0,True,Haas F1 Team,0 days 01:04:31.354000,2025-12-07 13:09:38.417,1,12.0,False,,False,True,90.19,90.19
643,0 days 01:07:31.832000,BEA,87,0 days 00:01:30.288000,6.0,1.0,,,18.101,38.468,33.719,0 days 01:06:19.728000,0 days 01:06:58.196000,0 days 01:07:31.915000,284.0,313.0,211.0,327.0,False,MEDIUM,6.0,True,Haas F1 Team,0 days 01:06:01.544000,2025-12-07 13:11:08.607,1,12.0,False,,False,True,90.288,90.28800000000001
644,0 days 01:09:02.378000,BEA,87,0 days 00:01:30.546000,7.0,1.0,,,18.197,38.335,34.014,0 days 01:07:50.112000,0 days 01:08:28.447000,0 days 01:09:02.461000,285.0,315.0,212.0,328.0,False,MEDIUM,7.0,True,Haas F1 Team,0 days 01:07:31.832000,2025-12-07 13:12:38.895,1,12.0,False,,False,True,90.546,90.54599999999999
645,0 days 01:10:32.721000,BEA,87,0 days 00:01:30.343000,8.0,1.0,,,18.157,38.273,33.913,0 days 01:09:20.618000,0 days 01:09:58.891000,0 days 01:10:32.804000,,318.0,210.0,325.0,False,MEDIUM,8.0,True,Haas F1 Team,0 days 01:09:02.378000,2025-12-07 13:14:09.441,1,12.0,False,,False,True,90.343,90.343
646,0 days 01:12:03.006000,BEA,87,0 days 00:01:30.285000,9.0,1.0,,,18.108,38.232,33.945,0 days 01:10:50.912000,0 days 01:11:29.144000,0 days 01:12:03.089000,286.0,317.0,210.0,328.0,False,MEDIUM,9.0,True,Haas F1 Team,0 days 01:10:32.721000,2025-12-07 13:15:39.784,1,12.0,False,,False,True,90.285,90.285
647,0 days 01:13:33.760000,BEA,87,0 days 00:01:30.754000,10.0,1.0,,,18.147,38.373,34.234,0 days 01:12:21.236000,0 days 01:12:59.609000,0 days 01:13:33.843000,285.0,312.0,210.0,323.0,False,MEDIUM,10.0,True,Haas F1 Team,0 days 01:12:03.006000,2025-12-07 13:17:10.069,1,12.0,False,,False,True,90.754,90.75399999999999
648,0 days 01:15:04.663000,BEA,87,0 days 00:01:30.903000,11.0,1.0,,,18.156,38.5,34.247,0 days 01:13:51.999000,0 days 01:14:30.499000,0 days 01:15:04.746000,284.0,310.0,208.0,327.0,False,MEDIUM,11.0,True,Haas F1 Team,0 days 01:13:33.760000,2025-12-07 13:18:40.823,1,12.0,True,TRACK LIMITS AT TURN 1 LAP 11 ,False,True,90.903,90.90299999999999
649,0 days 01:16:35.680000,BEA,87,0 days 00:01:31.017000,12.0,1.0,,,18.166,38.817,34.034,0 days 01:15:22.912000,0 days 01:16:01.729000,0 days 01:16:35.763000,285.0,299.0,209.0,313.0,False,MEDIUM,12.0,True,Haas F1 Team,0 days 01:15:04.663000,2025-12-07 13:20:11.726,1,12.0,False,,False,True,91.017,91.017
650,0 days 01:18:06.740000,BEA,87,0 days 00:01:31.060000,13.0,1.0,,,18.118,38.96,33.982,0 days 01:16:53.881000,0 days 01:17:32.841000,0 days 01:18:06.823000,,295.0,211.0,313.0,False,MEDIUM,13.0,True,Haas F1 Team,0 days 01:16:35.680000,2025-12-07 13:21:42.743,1,12.0,False,,False,True,91.06,91.06
651,0 days 01:19:39.408000,BEA,87,0 days 00:01:32.668000,14.0,1.0,,0 days 01:19:38.498000,18.137,38.453,36.078,0 days 01:18:24.960000,0 days 01:19:03.413000,0 days 01:19:39.491000,286.0,315.0,,325.0,False,MEDIUM,14.0,True,Haas F1 Team,0 days 01:18:06.740000,2025-12-07 13:23:13.803,1,14.0,False,,False,False,92.668,92.668
652,0 days 01:21:29.657000,BEA,87,0 days 00:01:50.249000,15.0,2.0,0 days 01:20:00.692000,,38.628,38.762,32.859,0 days 01:20:18.119000,0 days 01:20:56.881000,0 days 01:21:29.740000,285.0,292.0,213.0,303.0,False,HARD,1.0,True,Haas F1 Team,0 days 01:19:39.408000,2025-12-07 13:24:46.471,1,19.0,False,,False,False,110.249,110.249
653,0 days 01:22:58.920000,BEA,87,0 days 00:01:29.263000,16.0,2.0,,,18.078,38.394,32.791,0 days 01:21:47.818000,0 days 01:22:26.212000,0 days 01:22:59.003000,286.0,293.0,212.0,306.0,True,HARD,2.0,True,Haas F1 Team,0 days 01:21:29.657000,2025-12-07 13:26:36.720,1,18.0,False,,False,True,89.263,89.26299999999999
654,0 days 01:24:28.783000,BEA,87,0 days 00:01:29.863000,17.0,2.0,,,18.214,38.618,33.031,0 days 01:23:17.217000,0 days 01:23:55.835000,0 days 01:24:28.866000,283.0,295.0,211.0,307.0,False,HARD,3.0,True,Haas F1 Team,0 days 01:22:58.920000,2025-12-07 13:28:05.983,1,18.0,False,,False,True,89.863,89.863
655,0 days 01:25:58.316000,BEA,87,0 days 00:01:29.533000,18.0,2.0,,,18.093,38.374,33.066,0 days 01:24:46.959000,0 days 01:25:25.333000,0 days 01:25:58.399000,287.0,298.0,211.0,311.0,False,HARD,4.0,True,Haas F1 Team,0 days 01:24:28.783000,2025-12-07 13:29:35.846,1,18.0,False,,False,True,89.533,89.533
656,0 days 01:27:28.238000,BEA,87,0 days 00:01:29.922000,19.0,2.0,,,18.145,38.502,33.275,0 days 01:26:16.544000,0 days 01:26:55.046000,0 days 01:27:28.321000,285.0,295.0,211.0,310.0,False,HARD,5.0,True,Haas F1 Team,0 days 01:25:58.316000,2025-12-07 13:31:05.379,1,17.0,False,,False,True,89.922,89.922
657,0 days 01:28:58.025000,BEA,87,0 days 00:01:29.787000,20.0,2.0,,,18.179,38.501,33.107,0 days 01:27:46.500000,0 days 01:28:25.001000,0 days 01:28:58.108000,286.0,296.0,211.0,309.0,False,HARD,6.0,True,Haas F1 Team,0 days 01:27:28.238000,2025-12-07 13:32:35.301,1,16.0,False,,False,True,89.787,89.78699999999999
658,0 days 01:30:27.670000,BEA,87,0 days 00:01:29.645000,21.0,2.0,,,18.009,38.375,33.261,0 days 01:29:16.117000,0 days 01:29:54.492000,0 days 01:30:27.753000,288.0,301.0,211.0,311.0,False,HARD,7.0,True,Haas F1 Team,0 days 01:28:58.025000,2025-12-07 13:34:05.088,1,16.0,False,,False,True,89.645,89.64500000000001
659,0 days 01:31:57.143000,BEA,87,0 days 00:01:29.473000,22.0,2.0,,,17.871,37.998,33.604,0 days 01:30:45.624000,0 days 01:31:23.622000,0 days 01:31:57.226000,289.0,311.0,214.0,325.0,False,HARD,8.0,True,Haas F1 Team,0 days 01:30:27.670000,2025-12-07 13:35:34.733,1,15.0,False,,False,True,89.473,89.473
660,0 days 01:33:28.077000,BEA,87,0 days 00:01:30.934000,23.0,2.0,,,17.815,38.289,34.83,0 days 01:32:15.041000,0 days 01:32:53.330000,0 days 01:33:28.160000,286.0,327.0,211.0,336.0,False,HARD,9.0,True,Haas F1 Team,0 days 01:31:57.143000,2025-12-07 13:37:04.206,1,16.0,False,,False,True,90.934,90.934
661,0 days 01:34:58.187000,BEA,87,0 days 00:01:30.110000,24.0,2.0,,,17.979,38.76,33.371,0 days 01:33:46.139000,0 days 01:34:24.899000,0 days 01:34:58.270000,287.0,302.0,211.0,309.0,False,HARD,10.0,True,Haas F1 Team,0 days 01:33:28.077000,2025-12-07 13:38:35.140,1,16.0,False,,False,True,90.11,90.11
662,0 days 01:36:27.854000,BEA,87,0 days 00:01:29.667000,25.0,2.0,,,18.029,38.388,33.25,0 days 01:35:16.299000,0 days 01:35:54.687000,0 days 01:36:27.937000,289.0,300.0,211.0,321.0,False,HARD,11.0,True,Haas F1 Team,0 days 01:34:58.187000,2025-12-07 13:40:05.250,1,15.0,False,,False,True,89.667,89.667
663,0 days 01:37:57.737000,BEA,87,0 days 00:01:29.883000,26.0,2.0,,,17.918,38.74,33.225,0 days 01:36:45.855000,0 days 01:37:24.595000,0 days 01:37:57.820000,287.0,296.0,212.0,309.0,False,HARD,12.0,True,Haas F1 Team,0 days 01:36:27.854000,2025-12-07 13:41:34.917,1,15.0,False,,False,True,89.883,89.88300000000001
664,0 days 01:39:27.206000,BEA,87,0 days 00:01:29.469000,27.0,2.0,,,17.784,38.146,33.539,0 days 01:38:15.604000,0 days 01:38:53.750000,0 days 01:39:27.289000,288.0,313.0,211.0,327.0,False,HARD,13.0,True,Haas F1 Team,0 days 01:37:57.737000,2025-12-07 13:43:04.800,1,15.0,False,,False,True,89.469,89.469
665,0 days 01:40:56.697000,BEA,87,0 days 00:01:29.491000,28.0,2.0,,,17.946,38.303,33.242,0 days 01:39:45.235000,0 days 01:40:23.538000,0 days 01:40:56.780000,292.0,325.0,210.0,338.0,False,HARD,14.0,True,Haas F1 Team,0 days 01:39:27.206000,2025-12-07 13:44:34.269,1,14.0,False,,False,True,89.491,89.49099999999999
666,0 days 01:42:26.692000,BEA,87,0 days 00:01:29.995000,29.0,2.0,,,17.959,38.651,33.385,0 days 01:41:14.739000,0 days 01:41:53.390000,0 days 01:42:26.775000,287.0,299.0,211.0,311.0,False,HARD,15.0,True,Haas F1 Team,0 days 01:40:56.697000,2025-12-07 13:46:03.760,1,14.0,False,,False,True,89.995,89.995
667,0 days 01:43:56.455000,BEA,87,0 days 00:01:29.763000,30.0,2.0,,,17.917,38.023,33.823,0 days 01:42:44.692000,0 days 01:43:22.715000,0 days 01:43:56.538000,288.0,319.0,210.0,325.0,False,HARD,16.0,True,Haas F1 Team,0 days 01:42:26.692000,2025-12-07 13:47:33.755,1,14.0,False,,False,True,89.763,89.763
668,0 days 01:45:27.647000,BEA,87,0 days 00:01:31.192000,31.0,2.0,,,18.172,38.454,34.566,0 days 01:44:14.710000,0 days 01:44:53.164000,0 days 01:45:27.730000,287.0,312.0,212.0,321.0,False,HARD,17.0,True,Haas F1 Team,0 days 01:43:56.455000,2025-12-07 13:49:03.518,1,14.0,False,,False,True,91.192,91.19200000000001
669,0 days 01:46:57.861000,BEA,87,0 days 00:01:30.214000,32.0,2.0,,,17.904,38.269,34.041,0 days 01:45:45.634000,0 days 01:46:23.903000,0 days 01:46:57.944000,293.0,315.0,212.0,329.0,False,HARD,18.0,True,Haas F1 Team,0 days 01:45:27.647000,2025-12-07 13:50:34.710,1,12.0,False,,False,True,90.214,90.214
670,0 days 01:48:27.291000,BEA,87,0 days 00:01:29.430000,33.0,2.0,,,17.919,38.345,33.166,0 days 01:47:15.863000,0 days 01:47:54.208000,0 days 01:48:27.374000,286.0,323.0,211.0,307.0,False,HARD,19.0,True,Haas F1 Team,0 days 01:46:57.861000,2025-12-07 13:52:04.924,1,10.0,False,,False,True,89.43,89.42999999999999
671,0 days 01:49:56.782000,BEA,87,0 days 00:01:29.491000,34.0,2.0,,,17.943,38.57,32.978,0 days 01:48:45.317000,0 days 01:49:23.887000,0 days 01:49:56.865000,283.0,292.0,210.0,306.0,False,HARD,20.0,True,Haas F1 Team,0 days 01:48:27.291000,2025-12-07 13:53:34.354,1,10.0,False,,False,True,89.491,89.49100000000001
672,0 days 01:51:26.105000,BEA,87,0 days 00:01:29.323000,35.0,2.0,,,17.831,38.445,33.047,0 days 01:50:14.696000,0 days 01:50:53.141000,0 days 01:51:26.188000,287.0,296.0,209.0,310.0,False,HARD,21.0,True,Haas F1 Team,0 days 01:49:56.782000,2025-12-07 13:55:03.845,1,10.0,False,,False,True,89.323,89.323
673,0 days 01:52:55.560000,BEA,87,0 days 00:01:29.455000,36.0,2.0,,,17.923,38.397,33.135,0 days 01:51:44.111000,0 days 01:52:22.508000,0 days 01:52:55.643000,288.0,297.0,208.0,311.0,False,HARD,22.0,True,Haas F1 Team,0 days 01:51:26.105000,2025-12-07 13:56:33.168,1,10.0,False,,False,True,89.455,89.45499999999998
674,0 days 01:54:24.996000,BEA,87,0 days 00:01:29.436000,37.0,2.0,,,17.822,38.36,33.254,0 days 01:53:13.465000,0 days 01:53:51.825000,0 days 01:54:25.079000,291.0,298.0,212.0,313.0,False,HARD,23.0,True,Haas F1 Team,0 days 01:52:55.560000,2025-12-07 13:58:02.623,1,10.0,False,,False,True,89.436,89.436
675,0 days 01:55:54.968000,BEA,87,0 days 00:01:29.972000,38.0,2.0,,,17.869,38.522,33.581,0 days 01:54:42.948000,0 days 01:55:21.470000,0 days 01:55:55.051000,290.0,302.0,210.0,313.0,False,HARD,24.0,True,Haas F1 Team,0 days 01:54:24.996000,2025-12-07 13:59:32.059,1,10.0,False,,False,True,89.972,89.97200000000001
676,0 days 01:57:25.010000,BEA,87,0 days 00:01:30.042000,39.0,2.0,,,18.092,38.151,33.799,0 days 01:56:13.143000,0 days 01:56:51.294000,0 days 01:57:25.093000,291.0,319.0,212.0,333.0,False,HARD,25.0,True,Haas F1 Team,0 days 01:55:54.968000,2025-12-07 14:01:02.031,1,10.0,False,,False,True,90.042,90.042
677,0 days 01:58:55.066000,BEA,87,0 days 00:01:30.056000,40.0,2.0,,,17.918,38.106,34.032,0 days 01:57:43.011000,0 days 01:58:21.117000,0 days 01:58:55.149000,293.0,316.0,213.0,327.0,False,HARD,26.0,True,Haas F1 Team,0 days 01:57:25.010000,2025-12-07 14:02:32.073,1,10.0,False,,False,True,90.056,90.056
678,0 days 02:00:24.882000,BEA,87,0 days 00:01:29.816000,41.0,2.0,,,17.853,38.47,33.493,0 days 01:59:13.002000,0 days 01:59:51.472000,0 days 02:00:24.965000,294.0,303.0,213.0,343.0,False,HARD,27.0,True,Haas F1 Team,0 days 01:58:55.066000,2025-12-07 14:04:02.129,1,9.0,False,,False,True,89.816,89.816
679,0 days 02:01:54.222000,BEA,87,0 days 00:01:29.340000,42.0,2.0,,,17.845,38.516,32.979,0 days 02:00:42.810000,0 days 02:01:21.326000,0 days 02:01:54.305000,287.0,298.0,213.0,309.0,False,HARD,28.0,True,Haas F1 Team,0 days 02:00:24.882000,2025-12-07 14:05:31.945,1,9.0,False,,False,True,89.34,89.34
680,0 days 02:03:23.546000,BEA,87,0 days 00:01:29.324000,43.0,2.0,,,17.716,38.569,33.039,0 days 02:02:12.021000,0 days 02:02:50.590000,0 days 02:03:23.629000,289.0,295.0,212.0,307.0,False,HARD,29.0,True,Haas F1 Team,0 days 02:01:54.222000,2025-12-07 14:07:01.285,1,8.0,False,,False,True,89.324,89.32400000000001
681,0 days 02:04:52.853000,BEA,87,0 days 00:01:29.307000,44.0,2.0,,,17.753,38.504,33.05,0 days 02:03:41.382000,0 days 02:04:19.886000,0 days 02:04:52.936000,291.0,296.0,213.0,309.0,False,HARD,30.0,True,Haas F1 Team,0 days 02:03:23.546000,2025-12-07 14:08:30.609,1,8.0,False,,False,True,89.307,89.30699999999999
682,0 days 02:06:23.049000,BEA,87,0 days 00:01:30.196000,45.0,2.0,,,17.772,38.767,33.657,0 days 02:05:10.708000,0 days 02:05:49.475000,0 days 02:06:23.132000,,314.0,213.0,309.0,False,HARD,31.0,True,Haas F1 Team,0 days 02:04:52.853000,2025-12-07 14:09:59.916,1,9.0,False,,False,True,90.196,90.196
683,0 days 02:07:52.518000,BEA,87,0 days 00:01:29.469000,46.0,2.0,,,17.814,38.246,33.409,0 days 02:06:40.946000,0 days 02:07:19.192000,0 days 02:07:52.601000,294.0,312.0,213.0,326.0,False,HARD,32.0,True,Haas F1 Team,0 days 02:06:23.049000,2025-12-07 14:11:30.112,1,9.0,False,,False,True,89.469,89.469
684,0 days 02:09:21.499000,BEA,87,0 days 00:01:28.981000,47.0,2.0,,,17.805,38.044,33.132,0 days 02:08:10.406000,0 days 02:08:48.450000,0 days 02:09:21.582000,293.0,314.0,214.0,326.0,True,HARD,33.0,True,Haas F1 Team,0 days 02:07:52.518000,2025-12-07 14:12:59.581,1,9.0,False,,False,True,88.981,88.981
685,0 days 02:10:50.805000,BEA,87,0 days 00:01:29.306000,48.0,2.0,,,17.793,38.54,32.973,0 days 02:09:39.375000,0 days 02:10:17.915000,0 days 02:10:50.888000,292.0,296.0,214.0,311.0,False,HARD,34.0,True,Haas F1 Team,0 days 02:09:21.499000,2025-12-07 14:14:28.562,1,9.0,False,,False,True,89.306,89.306
686,0 days 02:12:20.046000,BEA,87,0 days 00:01:29.241000,49.0,2.0,,,17.699,38.422,33.12,0 days 02:11:08.587000,0 days 02:11:47.009000,0 days 02:12:20.129000,294.0,299.0,214.0,313.0,False,HARD,35.0,True,Haas F1 Team,0 days 02:10:50.805000,2025-12-07 14:15:57.868,1,9.0,False,,False,True,89.241,89.24099999999999
687,0 days 02:13:49.022000,BEA,87,0 days 00:01:28.976000,50.0,2.0,,,17.727,38.33,32.919,0 days 02:12:37.856000,0 days 02:13:16.186000,0 days 02:13:49.105000,291.0,298.0,212.0,314.0,True,HARD,36.0,True,Haas F1 Team,0 days 02:12:20.046000,2025-12-07 14:17:27.109,1,9.0,False,,False,True,88.976,88.976
688,0 days 02:15:18.268000,BEA,87,0 days 00:01:29.246000,51.0,2.0,,,17.78,38.481,32.985,0 days 02:14:06.885000,0 days 02:14:45.366000,0 days 02:15:18.351000,293.0,296.0,213.0,312.0,False,HARD,37.0,True,Haas F1 Team,0 days 02:13:49.022000,2025-12-07 14:18:56.085,1,9.0,False,,False,True,89.246,89.24600000000001
689,0 days 02:16:47.338000,BEA,87,0 days 00:01:29.070000,52.0,2.0,,,17.717,38.425,32.928,0 days 02:15:36.068000,0 days 02:16:14.493000,0 days 02:16:47.421000,295.0,299.0,211.0,312.0,False,HARD,38.0,True,Haas F1 Team,0 days 02:15:18.268000,2025-12-07 14:20:25.331,1,9.0,False,,False,True,89.07,89.07
690,0 days 02:18:16.535000,BEA,87,0 days 00:01:29.197000,53.0,2.0,,,17.773,38.502,32.922,0 days 02:17:05.194000,0 days 02:17:43.696000,0 days 02:18:16.618000,293.0,298.0,213.0,312.0,False,HARD,39.0,True,Haas F1 Team,0 days 02:16:47.338000,2025-12-07 14:21:54.401,1,9.0,False,,False,True,89.197,89.197
691,0 days 02:19:45.811000,BEA,87,0 days 00:01:29.276000,54.0,2.0,,,17.729,38.612,32.935,0 days 02:18:34.347000,0 days 02:19:12.959000,0 days 02:19:45.894000,291.0,297.0,212.0,311.0,False,HARD,40.0,True,Haas F1 Team,0 days 02:18:16.535000,2025-12-07 14:23:23.598,1,9.0,False,,False,True,89.276,89.27600000000001
692,0 days 02:21:14.923000,BEA,87,0 days 00:01:29.112000,55.0,2.0,,,17.714,38.504,32.894,0 days 02:20:03.608000,0 days 02:20:42.112000,0 days 02:21:15.006000,294.0,299.0,212.0,312.0,False,HARD,41.0,True,Haas F1 Team,0 days 02:19:45.811000,2025-12-07 14:24:52.874,1,9.0,False,,False,True,89.112,89.112
693,0 days 02:22:44.098000,BEA,87,0 days 00:01:29.175000,56.0,2.0,,,17.748,38.508,32.919,0 days 02:21:32.754000,0 days 02:22:11.262000,0 days 02:22:44.181000,292.0,297.0,213.0,309.0,False,HARD,42.0,True,Haas F1 Team,0 days 02:21:14.923000,2025-12-07 14:26:21.986,1,9.0,False,,False,True,89.175,89.175
694,0 days 02:24:13.078000,BEA,87,0 days 00:01:28.980000,57.0,2.0,,,17.691,38.534,32.755,0 days 02:23:01.872000,0 days 02:23:40.406000,0 days 02:24:13.161000,294.0,296.0,212.0,312.0,False,HARD,43.0,True,Haas F1 Team,0 days 02:22:44.098000,2025-12-07 14:27:51.161,1,9.0,False,,False,True,88.98,88.97999999999999
695,0 days 02:25:44.369000,BEA,87,0 days 00:01:31.291000,58.0,2.0,,,17.616,38.576,35.099,0 days 02:24:30.777000,0 days 02:25:09.353000,0 days 02:25:44.452000,293.0,305.0,211.0,319.0,False,HARD,44.0,True,Haas F1 Team,0 days 02:24:13.078000,2025-12-07 14:29:20.141,1,10.0,False,,False,True,91.291,91.291
696,0 days 00:59:59.744000,SAI,55,0 days 00:01:39.010000,1.0,1.0,,,,39.538,35.634,,0 days 00:59:24.314000,0 days 00:59:59.851000,278.0,299.0,215.0,295.0,False,MEDIUM,1.0,True,Williams,0 days 00:58:20.522000,2025-12-07 13:03:27.585,1,13.0,False,,False,False,99.01,
697,0 days 01:01:31.728000,SAI,55,0 days 00:01:31.984000,2.0,1.0,,,18.613,37.95,35.421,0 days 01:00:18.399000,0 days 01:00:56.349000,0 days 01:01:31.770000,284.0,321.0,214.0,333.0,True,MEDIUM,2.0,True,Williams,0 days 00:59:59.744000,2025-12-07 13:05:06.807,1,14.0,False,,False,True,91.984,91.98400000000001
698,0 days 01:03:01.847000,SAI,55,0 days 00:01:30.119000,3.0,1.0,,,18.309,37.805,34.005,0 days 01:01:50.079000,0 days 01:02:27.884000,0 days 01:03:01.889000,285.0,297.0,213.0,320.0,True,MEDIUM,3.0,True,Williams,0 days 01:01:31.728000,2025-12-07 13:06:38.791,1,14.0,False,,False,True,90.119,90.119
699,0 days 01:04:32.676000,SAI,55,0 days 00:01:30.829000,4.0,1.0,,,18.17,37.886,34.773,0 days 01:03:20.059000,0 days 01:03:57.945000,0 days 01:04:32.718000,287.0,293.0,212.0,324.0,False,MEDIUM,4.0,True,Williams,0 days 01:03:01.847000,2025-12-07 13:08:08.910,1,14.0,False,,False,True,90.829,90.82900000000001
700,0 days 01:06:02.900000,SAI,55,0 days 00:01:30.224000,5.0,1.0,,,18.3,37.974,33.95,0 days 01:04:51.018000,0 days 01:05:28.992000,0 days 01:06:02.942000,285.0,305.0,212.0,315.0,False,MEDIUM,5.0,True,Williams,0 days 01:04:32.676000,2025-12-07 13:09:39.739,1,14.0,False,,False,True,90.224,90.224
701,0 days 01:07:33.174000,SAI,55,0 days 00:01:30.274000,6.0,1.0,,,18.213,37.943,34.118,0 days 01:06:21.155000,0 days 01:06:59.098000,0 days 01:07:33.216000,286.0,311.0,210.0,326.0,False,MEDIUM,6.0,True,Williams,0 days 01:06:02.900000,2025-12-07 13:11:09.963,1,14.0,False,,False,True,90.274,90.274
702,0 days 01:09:03.553000,SAI,55,0 days 00:01:30.379000,7.0,1.0,,,18.353,38.015,34.011,0 days 01:07:51.569000,0 days 01:08:29.584000,0 days 01:09:03.595000,285.0,316.0,211.0,317.0,False,MEDIUM,7.0,True,Williams,0 days 01:07:33.174000,2025-12-07 13:12:40.237,1,14.0,False,,False,True,90.379,90.379
703,0 days 01:10:34.111000,SAI,55,0 days 00:01:30.558000,8.0,1.0,,,18.32,38.035,34.203,0 days 01:09:21.915000,0 days 01:09:59.950000,0 days 01:10:34.153000,286.0,300.0,211.0,324.0,False,MEDIUM,8.0,True,Williams,0 days 01:09:03.553000,2025-12-07 13:14:10.616,1,13.0,False,,False,True,90.558,90.55799999999999
704,0 days 01:12:04.158000,SAI,55,0 days 00:01:30.047000,9.0,1.0,,,18.249,38.248,33.55,0 days 01:10:52.402000,0 days 01:11:30.650000,0 days 01:12:04.200000,285.0,306.0,211.0,314.0,True,MEDIUM,9.0,True,Williams,0 days 01:10:34.111000,2025-12-07 13:15:41.174,1,13.0,False,,False,True,90.047,90.047
705,0 days 01:13:34.615000,SAI,55,0 days 00:01:30.457000,10.0,1.0,,,18.181,38.055,34.221,0 days 01:12:22.381000,0 days 01:13:00.436000,0 days 01:13:34.657000,287.0,311.0,211.0,314.0,False,MEDIUM,10.0,True,Williams,0 days 01:12:04.158000,2025-12-07 13:17:11.221,1,13.0,False,,False,True,90.457,90.457
706,0 days 01:15:05.487000,SAI,55,0 days 00:01:30.872000,11.0,1.0,,,18.251,38.123,34.498,0 days 01:13:52.908000,0 days 01:14:31.031000,0 days 01:15:05.529000,,312.0,209.0,316.0,False,MEDIUM,11.0,True,Williams,0 days 01:13:34.615000,2025-12-07 13:18:41.678,1,13.0,False,,False,True,90.872,90.87199999999999
707,0 days 01:16:36.442000,SAI,55,0 days 00:01:30.955000,12.0,1.0,,,18.262,38.241,34.452,0 days 01:15:23.791000,0 days 01:16:02.032000,0 days 01:16:36.484000,289.0,292.0,210.0,324.0,False,MEDIUM,12.0,True,Williams,0 days 01:15:05.487000,2025-12-07 13:20:12.550,1,13.0,False,,False,True,90.955,90.955
708,0 days 01:18:07.551000,SAI,55,0 days 00:01:31.109000,13.0,1.0,,,18.254,38.359,34.496,0 days 01:16:54.738000,0 days 01:17:33.097000,0 days 01:18:07.593000,287.0,294.0,211.0,328.0,False,MEDIUM,13.0,True,Williams,0 days 01:16:36.442000,2025-12-07 13:21:43.505,1,13.0,False,,False,True,91.109,91.10900000000001
709,0 days 01:19:38.610000,SAI,55,0 days 00:01:31.059000,14.0,1.0,,,18.254,38.35,34.455,,0 days 01:19:04.197000,0 days 01:19:38.652000,,311.0,210.0,325.0,False,MEDIUM,14.0,True,Williams,0 days 01:18:07.551000,2025-12-07 13:23:14.614,1,12.0,True,TRACK LIMITS AT TURN 1 LAP 14 ,False,True,91.059,91.059
710,0 days 01:21:09.472000,SAI,55,0 days 00:01:30.862000,15.0,1.0,,,18.147,38.786,33.929,0 days 01:19:56.799000,0 days 01:20:35.585000,0 days 01:21:09.514000,289.0,298.0,211.0,315.0,False,MEDIUM,15.0,True,Williams,0 days 01:19:38.610000,2025-12-07 13:24:45.673,1,10.0,False,,False,True,90.862,90.862
711,0 days 01:22:41.327000,SAI,55,0 days 00:01:31.855000,16.0,1.0,,,18.191,38.974,34.69,0 days 01:21:27.705000,0 days 01:22:06.679000,0 days 01:22:41.369000,286.0,294.0,210.0,305.0,False,MEDIUM,16.0,True,Williams,0 days 01:21:09.472000,2025-12-07 13:26:16.535,1,10.0,False,,False,True,91.855,91.85499999999999
712,0 days 01:24:12.497000,SAI,55,0 days 00:01:31.170000,17.0,1.0,,,18.273,38.339,34.558,0 days 01:22:59.642000,0 days 01:23:37.981000,0 days 01:24:12.539000,287.0,307.0,210.0,320.0,False,MEDIUM,17.0,True,Williams,0 days 01:22:41.327000,2025-12-07 13:27:48.390,1,7.0,False,,False,True,91.17,91.16999999999999
713,0 days 01:25:46.028000,SAI,55,0 days 00:01:33.531000,18.0,1.0,,0 days 01:25:45.121000,18.253,39.131,36.147,0 days 01:24:30.792000,0 days 01:25:09.923000,0 days 01:25:46.070000,288.0,294.0,,310.0,False,MEDIUM,18.0,True,Williams,0 days 01:24:12.497000,2025-12-07 13:29:19.560,1,10.0,False,,False,False,93.531,93.531
714,0 days 01:27:35.305000,SAI,55,0 days 00:01:49.277000,19.0,2.0,0 days 01:26:06.786000,,38.263,38.367,32.647,0 days 01:26:24.333000,0 days 01:27:02.700000,0 days 01:27:35.347000,286.0,299.0,215.0,323.0,False,HARD,1.0,True,Williams,0 days 01:25:46.028000,2025-12-07 13:30:53.091,1,18.0,False,,False,False,109.277,109.27699999999999
715,0 days 01:29:04.524000,SAI,55,0 days 00:01:29.219000,20.0,2.0,,,18.064,38.244,32.911,0 days 01:27:53.411000,0 days 01:28:31.655000,0 days 01:29:04.566000,,297.0,216.0,301.0,True,HARD,2.0,True,Williams,0 days 01:27:35.305000,2025-12-07 13:32:42.368,1,18.0,False,,False,True,89.219,89.219
716,0 days 01:30:33.744000,SAI,55,0 days 00:01:29.220000,21.0,2.0,,,18.008,38.364,32.848,0 days 01:29:22.574000,0 days 01:30:00.938000,0 days 01:30:33.786000,287.0,297.0,214.0,294.0,False,HARD,3.0,True,Williams,0 days 01:29:04.524000,2025-12-07 13:34:11.587,1,18.0,False,,False,True,89.22,89.22
717,0 days 01:32:03.044000,SAI,55,0 days 00:01:29.300000,22.0,2.0,,,17.946,38.297,33.057,0 days 01:30:51.732000,0 days 01:31:30.029000,0 days 01:32:03.086000,,298.0,214.0,299.0,False,HARD,4.0,True,Williams,0 days 01:30:33.744000,2025-12-07 13:35:40.807,1,17.0,False,,False,True,89.3,89.3
718,0 days 01:33:32.484000,SAI,55,0 days 00:01:29.440000,23.0,2.0,,,18.083,38.296,33.061,0 days 01:32:21.169000,0 days 01:32:59.465000,0 days 01:33:32.526000,285.0,298.0,212.0,305.0,False,HARD,5.0,True,Williams,0 days 01:32:03.044000,2025-12-07 13:37:10.107,1,17.0,False,,False,True,89.44,89.44
719,0 days 01:35:01.811000,SAI,55,0 days 00:01:29.327000,24.0,2.0,,,18.088,38.293,32.946,0 days 01:33:50.614000,0 days 01:34:28.907000,0 days 01:35:01.853000,288.0,304.0,213.0,299.0,False,HARD,6.0,True,Williams,0 days 01:33:32.484000,2025-12-07 13:38:39.547,1,17.0,False,,False,True,89.327,89.327
720,0 days 01:36:31.468000,SAI,55,0 days 00:01:29.657000,25.0,2.0,,,18.019,38.423,33.215,0 days 01:35:19.872000,0 days 01:35:58.295000,0 days 01:36:31.510000,289.0,300.0,212.0,306.0,False,HARD,7.0,True,Williams,0 days 01:35:01.811000,2025-12-07 13:40:08.874,1,17.0,False,,False,True,89.657,89.65700000000001
721,0 days 01:38:01.234000,SAI,55,0 days 00:01:29.766000,26.0,2.0,,,18.104,38.411,33.251,0 days 01:36:49.614000,0 days 01:37:28.025000,0 days 01:38:01.276000,288.0,292.0,212.0,306.0,False,HARD,8.0,True,Williams,0 days 01:36:31.468000,2025-12-07 13:41:38.531,1,17.0,False,,False,True,89.766,89.76599999999999
722,0 days 01:39:31.059000,SAI,55,0 days 00:01:29.825000,27.0,2.0,,,18.056,38.549,33.22,0 days 01:38:19.332000,0 days 01:38:57.881000,0 days 01:39:31.101000,287.0,302.0,212.0,309.0,False,HARD,9.0,True,Williams,0 days 01:38:01.234000,2025-12-07 13:43:08.297,1,17.0,False,,False,True,89.825,89.825
723,0 days 01:41:00.947000,SAI,55,0 days 00:01:29.888000,28.0,2.0,,,17.986,38.585,33.317,0 days 01:39:49.087000,0 days 01:40:27.672000,0 days 01:41:00.989000,,305.0,214.0,311.0,False,HARD,10.0,True,Williams,0 days 01:39:31.059000,2025-12-07 13:44:38.122,1,17.0,False,,False,True,89.888,89.888
724,0 days 01:42:30.893000,SAI,55,0 days 00:01:29.946000,29.0,2.0,,,18.019,38.512,33.415,0 days 01:41:19.008000,0 days 01:41:57.520000,0 days 01:42:30.935000,289.0,298.0,212.0,306.0,False,HARD,11.0,True,Williams,0 days 01:41:00.947000,2025-12-07 13:46:08.010,1,17.0,False,,False,True,89.946,89.946
725,0 days 01:44:00.965000,SAI,55,0 days 00:01:30.072000,30.0,2.0,,,18.164,38.436,33.472,0 days 01:42:49.099000,0 days 01:43:27.535000,0 days 01:44:01.007000,,303.0,213.0,306.0,False,HARD,12.0,True,Williams,0 days 01:42:30.893000,2025-12-07 13:47:37.956,1,17.0,False,,False,True,90.072,90.072
726,0 days 01:45:30.889000,SAI,55,0 days 00:01:29.924000,31.0,2.0,,,17.999,38.352,33.573,0 days 01:44:19.006000,0 days 01:44:57.358000,0 days 01:45:30.931000,288.0,309.0,213.0,302.0,False,HARD,13.0,True,Williams,0 days 01:44:00.965000,2025-12-07 13:49:08.028,1,17.0,False,,False,True,89.924,89.924
727,0 days 01:47:00.613000,SAI,55,0 days 00:01:29.724000,32.0,2.0,,,17.946,37.979,33.799,0 days 01:45:48.877000,0 days 01:46:26.856000,0 days 01:47:00.655000,291.0,302.0,214.0,331.0,False,HARD,14.0,True,Williams,0 days 01:45:30.889000,2025-12-07 13:50:37.952,1,15.0,False,,False,True,89.724,89.72399999999999
728,0 days 01:48:30.578000,SAI,55,0 days 00:01:29.965000,33.0,2.0,,,18.062,38.457,33.446,0 days 01:47:18.717000,0 days 01:47:57.174000,0 days 01:48:30.620000,287.0,296.0,215.0,305.0,False,HARD,15.0,True,Williams,0 days 01:47:00.613000,2025-12-07 13:52:07.676,1,12.0,False,,False,True,89.965,89.965
729,0 days 01:50:00.234000,SAI,55,0 days 00:01:29.656000,34.0,2.0,,,18.081,38.402,33.173,0 days 01:48:48.701000,0 days 01:49:27.103000,0 days 01:50:00.276000,286.0,301.0,213.0,307.0,False,HARD,16.0,True,Williams,0 days 01:48:30.578000,2025-12-07 13:53:37.641,1,12.0,False,,False,True,89.656,89.656
730,0 days 01:51:29.810000,SAI,55,0 days 00:01:29.576000,35.0,2.0,,,18.08,38.384,33.112,0 days 01:50:18.356000,0 days 01:50:56.740000,0 days 01:51:29.852000,287.0,299.0,211.0,309.0,False,HARD,17.0,True,Williams,0 days 01:50:00.234000,2025-12-07 13:55:07.297,1,12.0,False,,False,True,89.576,89.576
731,0 days 01:52:59.220000,SAI,55,0 days 00:01:29.410000,36.0,2.0,,,17.981,38.33,33.099,0 days 01:51:47.833000,0 days 01:52:26.163000,0 days 01:52:59.262000,289.0,302.0,212.0,310.0,False,HARD,18.0,True,Williams,0 days 01:51:29.810000,2025-12-07 13:56:36.873,1,12.0,False,,False,True,89.41,89.41
732,0 days 01:54:28.432000,SAI,55,0 days 00:01:29.212000,37.0,2.0,,,18.006,38.252,32.954,0 days 01:53:17.268000,0 days 01:53:55.520000,0 days 01:54:28.474000,288.0,303.0,213.0,312.0,True,HARD,19.0,True,Williams,0 days 01:52:59.220000,2025-12-07 13:58:06.283,1,12.0,False,,False,True,89.212,89.212
733,0 days 01:55:58.033000,SAI,55,0 days 00:01:29.601000,38.0,2.0,,,18.023,38.34,33.238,0 days 01:54:46.497000,0 days 01:55:24.837000,0 days 01:55:58.075000,,301.0,213.0,311.0,False,HARD,20.0,True,Williams,0 days 01:54:28.432000,2025-12-07 13:59:35.495,1,12.0,False,,False,True,89.601,89.601
734,0 days 01:57:27.971000,SAI,55,0 days 00:01:29.938000,39.0,2.0,,,17.918,38.515,33.505,0 days 01:56:15.993000,0 days 01:56:54.508000,0 days 01:57:28.013000,291.0,302.0,213.0,312.0,False,HARD,21.0,True,Williams,0 days 01:55:58.033000,2025-12-07 14:01:05.096,1,12.0,False,,False,True,89.938,89.938
735,0 days 01:58:57.947000,SAI,55,0 days 00:01:29.976000,40.0,2.0,,,18.092,38.493,33.391,0 days 01:57:46.105000,0 days 01:58:24.598000,0 days 01:58:57.989000,288.0,301.0,213.0,311.0,False,HARD,22.0,True,Williams,0 days 01:57:27.971000,2025-12-07 14:02:35.034,1,12.0,False,,False,True,89.976,89.976
736,0 days 02:00:28.449000,SAI,55,0 days 00:01:30.502000,41.0,2.0,,,18.076,38.724,33.702,0 days 01:59:16.065000,0 days 01:59:54.789000,0 days 02:00:28.491000,292.0,299.0,213.0,289.0,False,HARD,23.0,True,Williams,0 days 01:58:57.947000,2025-12-07 14:04:05.010,1,13.0,False,,False,True,90.502,90.502
737,0 days 02:01:58.128000,SAI,55,0 days 00:01:29.679000,42.0,2.0,,,18.079,38.41,33.19,0 days 02:00:46.570000,0 days 02:01:24.980000,0 days 02:01:58.170000,289.0,306.0,215.0,313.0,False,HARD,24.0,True,Williams,0 days 02:00:28.449000,2025-12-07 14:05:35.512,1,12.0,False,,False,True,89.679,89.679
738,0 days 02:03:27.613000,SAI,55,0 days 00:01:29.485000,43.0,2.0,,,17.908,38.367,33.21,0 days 02:02:16.078000,0 days 02:02:54.445000,0 days 02:03:27.655000,292.0,302.0,215.0,313.0,False,HARD,25.0,True,Williams,0 days 02:01:58.128000,2025-12-07 14:07:05.191,1,11.0,False,,False,True,89.485,89.485
739,0 days 02:04:57.044000,SAI,55,0 days 00:01:29.431000,44.0,2.0,,,18.01,38.257,33.164,0 days 02:03:45.665000,0 days 02:04:23.922000,0 days 02:04:57.086000,291.0,301.0,213.0,310.0,False,HARD,26.0,True,Williams,0 days 02:03:27.613000,2025-12-07 14:08:34.676,1,11.0,False,,False,True,89.431,89.431
740,0 days 02:06:26.380000,SAI,55,0 days 00:01:29.336000,45.0,2.0,,,17.958,38.279,33.099,0 days 02:05:15.044000,0 days 02:05:53.323000,0 days 02:06:26.422000,,306.0,213.0,312.0,False,HARD,27.0,True,Williams,0 days 02:04:57.044000,2025-12-07 14:10:04.107,1,11.0,False,,False,True,89.336,89.336
741,0 days 02:07:55.622000,SAI,55,0 days 00:01:29.242000,46.0,2.0,,,17.855,38.278,33.109,0 days 02:06:44.277000,0 days 02:07:22.555000,0 days 02:07:55.664000,292.0,305.0,214.0,312.0,False,HARD,28.0,True,Williams,0 days 02:06:26.380000,2025-12-07 14:11:33.443,1,11.0,False,,False,True,89.242,89.24199999999999
742,0 days 02:09:24.995000,SAI,55,0 days 00:01:29.373000,47.0,2.0,,,17.898,38.332,33.143,0 days 02:08:13.562000,0 days 02:08:51.894000,0 days 02:09:25.037000,,304.0,214.0,315.0,False,HARD,29.0,True,Williams,0 days 02:07:55.622000,2025-12-07 14:13:02.685,1,11.0,False,,False,True,89.373,89.373
743,0 days 02:10:54.267000,SAI,55,0 days 00:01:29.272000,48.0,2.0,,,17.902,38.303,33.067,0 days 02:09:42.939000,0 days 02:10:21.242000,0 days 02:10:54.309000,291.0,301.0,214.0,311.0,False,HARD,30.0,True,Williams,0 days 02:09:24.995000,2025-12-07 14:14:32.058,1,11.0,False,,False,True,89.272,89.27199999999999
744,0 days 02:12:23.435000,SAI,55,0 days 00:01:29.168000,49.0,2.0,,,17.838,38.249,33.081,0 days 02:11:12.147000,0 days 02:11:50.396000,0 days 02:12:23.477000,292.0,304.0,213.0,314.0,True,HARD,31.0,True,Williams,0 days 02:10:54.267000,2025-12-07 14:16:01.330,1,11.0,False,,False,True,89.168,89.168
745,0 days 02:13:52.597000,SAI,55,0 days 00:01:29.162000,50.0,2.0,,,17.796,38.386,32.98,0 days 02:12:41.273000,0 days 02:13:19.659000,0 days 02:13:52.639000,293.0,305.0,213.0,316.0,True,HARD,32.0,True,Williams,0 days 02:12:23.435000,2025-12-07 14:17:30.498,1,11.0,False,,False,True,89.162,89.162
746,0 days 02:15:21.649000,SAI,55,0 days 00:01:29.052000,51.0,2.0,,,17.757,38.024,33.271,0 days 02:14:10.396000,0 days 02:14:48.420000,0 days 02:15:21.691000,,320.0,213.0,315.0,True,HARD,33.0,True,Williams,0 days 02:13:52.597000,2025-12-07 14:18:59.660,1,11.0,False,,False,True,89.052,89.052
747,0 days 02:16:50.739000,SAI,55,0 days 00:01:29.090000,52.0,2.0,,,17.754,38.072,33.264,0 days 02:15:39.445000,0 days 02:16:17.517000,0 days 02:16:50.781000,,318.0,214.0,315.0,False,HARD,34.0,True,Williams,0 days 02:15:21.649000,2025-12-07 14:20:28.712,1,11.0,False,,False,True,89.09,89.09
748,0 days 02:18:20.235000,SAI,55,0 days 00:01:29.496000,53.0,2.0,,,17.728,37.868,33.9,0 days 02:17:08.509000,0 days 02:17:46.377000,0 days 02:18:20.277000,,303.0,215.0,331.0,False,HARD,35.0,True,Williams,0 days 02:16:50.739000,2025-12-07 14:21:57.802,1,11.0,False,,False,True,89.496,89.49600000000001
749,0 days 02:19:50.590000,SAI,55,0 days 00:01:30.355000,54.0,2.0,,,17.732,38.327,34.296,0 days 02:18:38.009000,0 days 02:19:16.336000,0 days 02:19:50.632000,294.0,300.0,211.0,334.0,False,HARD,36.0,True,Williams,0 days 02:18:20.235000,2025-12-07 14:23:27.298,1,12.0,False,,False,True,90.355,90.35499999999999
750,0 days 02:21:20.146000,SAI,55,0 days 00:01:29.556000,55.0,2.0,,,17.905,38.016,33.635,0 days 02:20:08.537000,0 days 02:20:46.553000,0 days 02:21:20.188000,295.0,318.0,213.0,317.0,False,HARD,37.0,True,Williams,0 days 02:19:50.590000,2025-12-07 14:24:57.653,1,12.0,False,,False,True,89.556,89.556
751,0 days 02:22:49.588000,SAI,55,0 days 00:01:29.442000,56.0,2.0,,,17.746,37.76,33.936,0 days 02:21:37.934000,0 days 02:22:15.694000,0 days 02:22:49.630000,293.0,322.0,213.0,333.0,False,HARD,38.0,True,Williams,0 days 02:21:20.146000,2025-12-07 14:26:27.209,1,12.0,False,,False,True,89.442,89.44200000000001
752,0 days 02:24:20.315000,SAI,55,0 days 00:01:30.727000,57.0,2.0,,,17.817,38.714,34.196,0 days 02:23:07.447000,0 days 02:23:46.161000,0 days 02:24:20.357000,294.0,300.0,213.0,327.0,False,HARD,39.0,True,Williams,0 days 02:22:49.588000,2025-12-07 14:27:56.651,1,13.0,False,,False,True,90.727,90.727
753,0 days 02:25:50.361000,SAI,55,0 days 00:01:30.046000,58.0,2.0,,,17.814,38.404,33.828,0 days 02:24:38.171000,0 days 02:25:16.575000,0 days 02:25:50.403000,,304.0,203.0,316.0,False,HARD,40.0,True,Williams,0 days 02:24:20.315000,2025-12-07 14:29:27.378,1,13.0,False,,False,True,90.046,90.046
754,0 days 00:59:58.301000,TSU,22,0 days 00:01:37.567000,1.0,1.0,,,,39.515,34.714,,0 days 00:59:23.807000,0 days 00:59:58.551000,286.0,297.0,211.0,320.0,False,HARD,1.0,True,Red Bull Racing,0 days 00:58:20.522000,2025-12-07 13:03:27.585,1,10.0,False,,False,False,97.567,
755,0 days 01:01:28.989000,TSU,22,0 days 00:01:30.688000,2.0,1.0,,,18.476,38.041,34.171,0 days 01:00:16.829000,0 days 01:00:54.870000,0 days 01:01:29.041000,,300.0,208.0,316.0,True,HARD,2.0,True,Red Bull Racing,0 days 00:59:58.301000,2025-12-07 13:05:05.364,1,10.0,False,,False,True,90.688,90.68799999999999
756,0 days 01:02:59.372000,TSU,22,0 days 00:01:30.383000,3.0,1.0,,,18.447,38.02,33.916,0 days 01:01:47.488000,0 days 01:02:25.508000,0 days 01:02:59.424000,,299.0,209.0,322.0,True,HARD,3.0,True,Red Bull Racing,0 days 01:01:28.989000,2025-12-07 13:06:36.052,1,10.0,False,,False,True,90.383,90.383
757,0 days 01:04:29.893000,TSU,22,0 days 00:01:30.521000,4.0,1.0,,,18.402,38.083,34.036,0 days 01:03:17.826000,0 days 01:03:55.909000,0 days 01:04:29.945000,285.0,291.0,208.0,318.0,False,HARD,4.0,True,Red Bull Racing,0 days 01:02:59.372000,2025-12-07 13:08:06.435,1,10.0,False,,False,True,90.521,90.521
758,0 days 01:06:00.216000,TSU,22,0 days 00:01:30.323000,5.0,1.0,,,18.33,38.042,33.951,0 days 01:04:48.275000,0 days 01:05:26.317000,0 days 01:06:00.268000,286.0,305.0,208.0,311.0,True,HARD,5.0,True,Red Bull Racing,0 days 01:04:29.893000,2025-12-07 13:09:36.956,1,10.0,False,,False,True,90.323,90.32300000000001
759,0 days 01:07:30.577000,TSU,22,0 days 00:01:30.361000,6.0,1.0,,,18.285,38.057,34.019,0 days 01:06:18.553000,0 days 01:06:56.610000,0 days 01:07:30.629000,,303.0,210.0,317.0,False,HARD,6.0,True,Red Bull Racing,0 days 01:06:00.216000,2025-12-07 13:11:07.279,1,10.0,False,,False,True,90.361,90.36099999999999
760,0 days 01:09:01.045000,TSU,22,0 days 00:01:30.468000,7.0,1.0,,,18.258,38.083,34.127,0 days 01:07:48.887000,0 days 01:08:26.970000,0 days 01:09:01.097000,287.0,305.0,209.0,322.0,False,HARD,7.0,True,Red Bull Racing,0 days 01:07:30.577000,2025-12-07 13:12:37.640,1,10.0,False,,False,True,90.468,90.46799999999999
761,0 days 01:10:31.440000,TSU,22,0 days 00:01:30.395000,8.0,1.0,,,18.214,38.147,34.034,0 days 01:09:19.311000,0 days 01:09:57.458000,0 days 01:10:31.492000,286.0,306.0,209.0,317.0,False,HARD,8.0,True,Red Bull Racing,0 days 01:09:01.045000,2025-12-07 13:14:08.108,1,10.0,True,TRACK LIMITS AT TURN 1 LAP 8 ,False,True,90.395,90.395
762,0 days 01:12:01.624000,TSU,22,0 days 00:01:30.184000,9.0,1.0,,,18.204,38.167,33.813,0 days 01:10:49.696000,0 days 01:11:27.863000,0 days 01:12:01.676000,284.0,316.0,210.0,316.0,False,HARD,9.0,True,Red Bull Racing,0 days 01:10:31.440000,2025-12-07 13:15:38.503,1,10.0,True,TRACK LIMITS AT TURN 1 LAP 9 ,False,True,90.184,90.184
763,0 days 01:13:32.212000,TSU,22,0 days 00:01:30.588000,10.0,1.0,,,18.083,38.769,33.736,0 days 01:12:19.759000,0 days 01:12:58.528000,0 days 01:13:32.264000,285.0,304.0,208.0,322.0,False,HARD,10.0,True,Red Bull Racing,0 days 01:12:01.624000,2025-12-07 13:17:08.687,1,10.0,False,,False,True,90.588,90.588
764,0 days 01:15:02.864000,TSU,22,0 days 00:01:30.652000,11.0,1.0,,,18.037,38.395,34.22,0 days 01:13:50.301000,0 days 01:14:28.696000,0 days 01:15:02.916000,283.0,301.0,208.0,320.0,False,HARD,11.0,True,Red Bull Racing,0 days 01:13:32.212000,2025-12-07 13:18:39.275,1,10.0,False,,False,True,90.652,90.652
765,0 days 01:16:33.724000,TSU,22,0 days 00:01:30.860000,12.0,1.0,,,18.205,38.467,34.188,0 days 01:15:21.121000,0 days 01:15:59.588000,0 days 01:16:33.776000,285.0,301.0,208.0,318.0,False,HARD,12.0,True,Red Bull Racing,0 days 01:15:02.864000,2025-12-07 13:20:09.927,1,10.0,False,,False,True,90.86,90.86
766,0 days 01:18:04.625000,TSU,22,0 days 00:01:30.901000,13.0,1.0,,,18.077,38.409,34.415,0 days 01:16:51.853000,0 days 01:17:30.262000,0 days 01:18:04.677000,289.0,296.0,208.0,319.0,False,HARD,13.0,True,Red Bull Racing,0 days 01:16:33.724000,2025-12-07 13:21:40.787,1,10.0,False,,False,True,90.901,90.90100000000001
767,0 days 01:19:35.755000,TSU,22,0 days 00:01:31.130000,14.0,1.0,,,18.156,38.471,34.503,0 days 01:18:22.833000,0 days 01:19:01.304000,0 days 01:19:35.807000,288.0,298.0,210.0,327.0,False,HARD,14.0,True,Red Bull Racing,0 days 01:18:04.625000,2025-12-07 13:23:11.688,1,10.0,False,,False,True,91.13,91.13
768,0 days 01:21:06.311000,TSU,22,0 days 00:01:30.556000,15.0,1.0,,,18.004,38.512,34.04,0 days 01:19:53.811000,0 days 01:20:32.323000,0 days 01:21:06.363000,287.0,305.0,211.0,302.0,False,HARD,15.0,True,Red Bull Racing,0 days 01:19:35.755000,2025-12-07 13:24:42.818,1,8.0,False,,False,True,90.556,90.55600000000001
769,0 days 01:22:37.249000,TSU,22,0 days 00:01:30.938000,16.0,1.0,,,18.159,38.922,33.857,0 days 01:21:24.522000,0 days 01:22:03.444000,0 days 01:22:37.301000,282.0,301.0,210.0,306.0,False,HARD,16.0,True,Red Bull Racing,0 days 01:21:06.311000,2025-12-07 13:26:13.374,1,7.0,False,,False,True,90.938,90.93799999999999
770,0 days 01:24:08.164000,TSU,22,0 days 00:01:30.915000,17.0,1.0,,,18.044,38.938,33.933,0 days 01:22:55.345000,0 days 01:23:34.283000,0 days 01:24:08.216000,285.0,298.0,210.0,306.0,False,HARD,17.0,True,Red Bull Racing,0 days 01:22:37.249000,2025-12-07 13:27:44.312,1,4.0,False,,False,True,90.915,90.91499999999999
771,0 days 01:25:38.893000,TSU,22,0 days 00:01:30.729000,18.0,1.0,,,18.035,38.648,34.046,0 days 01:24:26.251000,0 days 01:25:04.899000,0 days 01:25:38.945000,,309.0,210.0,306.0,False,HARD,18.0,True,Red Bull Racing,0 days 01:24:08.164000,2025-12-07 13:29:15.227,1,4.0,False,,False,True,90.729,90.72900000000001
772,0 days 01:27:09.578000,TSU,22,0 days 00:01:30.685000,19.0,1.0,,,18.058,38.537,34.09,0 days 01:25:57.003000,0 days 01:26:35.540000,0 days 01:27:09.630000,286.0,306.0,212.0,318.0,False,HARD,19.0,True,Red Bull Racing,0 days 01:25:38.893000,2025-12-07 13:30:45.956,1,3.0,False,,False,True,90.685,90.685
773,0 days 01:28:39.671000,TSU,22,0 days 00:01:30.093000,20.0,1.0,,,17.923,38.733,33.437,0 days 01:27:27.553000,0 days 01:28:06.286000,0 days 01:28:39.723000,284.0,298.0,210.0,304.0,True,HARD,20.0,True,Red Bull Racing,0 days 01:27:09.578000,2025-12-07 13:32:16.641,1,3.0,False,,False,True,90.093,90.09299999999999
774,0 days 01:30:09.985000,TSU,22,0 days 00:01:30.314000,21.0,1.0,,,18.023,38.906,33.385,0 days 01:28:57.746000,0 days 01:29:36.652000,0 days 01:30:10.037000,281.0,295.0,212.0,301.0,False,HARD,21.0,True,Red Bull Racing,0 days 01:28:39.671000,2025-12-07 13:33:46.734,1,3.0,False,,False,True,90.314,90.314
775,0 days 01:31:39.989000,TSU,22,0 days 00:01:30.004000,22.0,1.0,,,17.953,38.667,33.384,0 days 01:30:27.990000,0 days 01:31:06.657000,0 days 01:31:40.041000,283.0,296.0,211.0,303.0,True,HARD,22.0,True,Red Bull Racing,0 days 01:30:09.985000,2025-12-07 13:35:17.048,1,3.0,False,,False,True,90.004,90.004
776,0 days 01:33:11.417000,TSU,22,0 days 00:01:31.428000,23.0,1.0,,,17.88,38.971,34.577,0 days 01:31:57.921000,0 days 01:32:36.892000,0 days 01:33:11.469000,,303.0,211.0,301.0,False,HARD,23.0,True,Red Bull Racing,0 days 01:31:39.989000,2025-12-07 13:36:47.052,1,4.0,False,,False,True,91.428,91.428
777,0 days 01:34:42.879000,TSU,22,0 days 00:01:31.462000,24.0,1.0,,,18.094,38.931,34.437,0 days 01:33:29.563000,0 days 01:34:08.494000,0 days 01:34:42.931000,285.0,282.0,210.0,292.0,False,HARD,24.0,True,Red Bull Racing,0 days 01:33:11.417000,2025-12-07 13:38:18.480,1,5.0,False,,False,True,91.462,91.46199999999999
778,0 days 01:36:12.951000,TSU,22,0 days 00:01:30.072000,25.0,1.0,,,17.968,38.665,33.439,0 days 01:35:00.899000,0 days 01:35:39.564000,0 days 01:36:13.003000,288.0,302.0,210.0,308.0,False,HARD,25.0,True,Red Bull Racing,0 days 01:34:42.879000,2025-12-07 13:39:49.942,1,5.0,False,,False,True,90.072,90.072
779,0 days 01:37:43.064000,TSU,22,0 days 00:01:30.113000,26.0,1.0,,,17.919,38.743,33.451,0 days 01:36:30.922000,0 days 01:37:09.665000,0 days 01:37:43.116000,285.0,296.0,210.0,307.0,False,HARD,26.0,True,Red Bull Racing,0 days 01:36:12.951000,2025-12-07 13:41:20.014,1,5.0,False,,False,True,90.113,90.113
780,0 days 01:39:13.204000,TSU,22,0 days 00:01:30.140000,27.0,1.0,,,18.009,38.674,33.457,0 days 01:38:01.125000,0 days 01:38:39.799000,0 days 01:39:13.256000,284.0,298.0,211.0,305.0,False,HARD,27.0,True,Red Bull Racing,0 days 01:37:43.064000,2025-12-07 13:42:50.127,1,5.0,False,,False,True,90.14,90.14
781,0 days 01:40:43.153000,TSU,22,0 days 00:01:29.949000,28.0,1.0,,,17.875,38.706,33.368,0 days 01:39:31.131000,0 days 01:40:09.837000,0 days 01:40:43.205000,,298.0,212.0,305.0,True,HARD,28.0,True,Red Bull Racing,0 days 01:39:13.204000,2025-12-07 13:44:20.267,1,5.0,False,,False,True,89.949,89.94900000000001
782,0 days 01:42:13.987000,TSU,22,0 days 00:01:30.834000,29.0,1.0,,,17.878,38.679,34.277,0 days 01:41:01.083000,0 days 01:41:39.762000,0 days 01:42:14.039000,,295.0,209.0,303.0,False,HARD,29.0,True,Red Bull Racing,0 days 01:40:43.153000,2025-12-07 13:45:50.216,1,6.0,False,,False,True,90.834,90.834
783,0 days 01:43:44.759000,TSU,22,0 days 00:01:30.772000,30.0,1.0,,,18.077,38.946,33.749,0 days 01:42:32.116000,0 days 01:43:11.062000,0 days 01:43:44.811000,288.0,301.0,210.0,308.0,False,HARD,30.0,True,Red Bull Racing,0 days 01:42:13.987000,2025-12-07 13:47:21.050,1,6.0,False,,False,True,90.772,90.77199999999999
784,0 days 01:45:14.816000,TSU,22,0 days 00:01:30.057000,31.0,1.0,,,17.963,38.626,33.468,0 days 01:44:02.774000,0 days 01:44:41.400000,0 days 01:45:14.868000,287.0,302.0,210.0,307.0,False,HARD,31.0,True,Red Bull Racing,0 days 01:43:44.759000,2025-12-07 13:48:51.822,1,6.0,False,,False,True,90.057,90.057
785,0 days 01:46:46.597000,TSU,22,0 days 00:01:31.781000,32.0,1.0,,0 days 01:46:45.713000,17.863,38.729,35.189,0 days 01:45:32.731000,0 days 01:46:11.460000,0 days 01:46:46.649000,285.0,299.0,,307.0,False,HARD,32.0,True,Red Bull Racing,0 days 01:45:14.816000,2025-12-07 13:50:21.879,1,6.0,False,,False,False,91.781,91.781
786,0 days 01:48:41.646000,TSU,22,0 days 00:01:55.049000,33.0,2.0,0 days 01:47:12.647000,,43.708,38.456,32.885,0 days 01:47:30.357000,0 days 01:48:08.813000,0 days 01:48:41.698000,285.0,292.0,213.0,304.0,False,MEDIUM,1.0,True,Red Bull Racing,0 days 01:46:46.597000,2025-12-07 13:51:53.660,1,18.0,False,,False,False,115.049,115.049
787,0 days 01:50:10.218000,TSU,22,0 days 00:01:28.572000,34.0,2.0,,,17.743,38.098,32.731,0 days 01:48:59.441000,0 days 01:49:37.539000,0 days 01:50:10.270000,,298.0,213.0,306.0,True,MEDIUM,2.0,True,Red Bull Racing,0 days 01:48:41.646000,2025-12-07 13:53:48.709,1,17.0,False,,False,True,88.572,88.572
788,0 days 01:51:39.173000,TSU,22,0 days 00:01:28.955000,35.0,2.0,,,17.799,38.178,32.978,0 days 01:50:28.069000,0 days 01:51:06.247000,0 days 01:51:39.225000,286.0,301.0,213.0,308.0,False,MEDIUM,3.0,True,Red Bull Racing,0 days 01:50:10.218000,2025-12-07 13:55:17.281,1,17.0,False,,False,True,88.955,88.955
789,0 days 01:53:08.601000,TSU,22,0 days 00:01:29.428000,36.0,2.0,,,17.751,38.103,33.574,0 days 01:51:56.976000,0 days 01:52:35.079000,0 days 01:53:08.653000,289.0,292.0,212.0,311.0,False,MEDIUM,4.0,True,Red Bull Racing,0 days 01:51:39.173000,2025-12-07 13:56:46.236,1,17.0,False,,False,True,89.428,89.428
790,0 days 01:54:37.766000,TSU,22,0 days 00:01:29.165000,37.0,2.0,,,17.791,38.112,33.262,0 days 01:53:26.444000,0 days 01:54:04.556000,0 days 01:54:37.818000,293.0,298.0,212.0,326.0,False,MEDIUM,5.0,True,Red Bull Racing,0 days 01:53:08.601000,2025-12-07 13:58:15.664,1,16.0,False,,False,True,89.165,89.165
791,0 days 01:56:06.931000,TSU,22,0 days 00:01:29.165000,38.0,2.0,,,17.736,38.315,33.114,0 days 01:54:55.554000,0 days 01:55:33.869000,0 days 01:56:06.983000,287.0,302.0,212.0,307.0,False,MEDIUM,6.0,True,Red Bull Racing,0 days 01:54:37.766000,2025-12-07 13:59:44.829,1,16.0,False,,False,True,89.165,89.16499999999999
792,0 days 01:57:35.617000,TSU,22,0 days 00:01:28.686000,39.0,2.0,,,17.758,37.856,33.072,0 days 01:56:24.741000,0 days 01:57:02.597000,0 days 01:57:35.669000,292.0,300.0,213.0,338.0,False,MEDIUM,7.0,True,Red Bull Racing,0 days 01:56:06.931000,2025-12-07 14:01:13.994,1,15.0,False,,False,True,88.686,88.686
793,0 days 01:59:04.444000,TSU,22,0 days 00:01:28.827000,40.0,2.0,,,17.627,38.368,32.832,0 days 01:57:53.296000,0 days 01:58:31.664000,0 days 01:59:04.496000,287.0,300.0,213.0,309.0,False,MEDIUM,8.0,True,Red Bull Racing,0 days 01:57:35.617000,2025-12-07 14:02:42.680,1,15.0,False,,False,True,88.827,88.827
794,0 days 02:00:33.301000,TSU,22,0 days 00:01:28.857000,41.0,2.0,,,17.67,38.21,32.977,0 days 01:59:22.166000,0 days 02:00:00.376000,0 days 02:00:33.353000,290.0,303.0,213.0,308.0,False,MEDIUM,9.0,True,Red Bull Racing,0 days 01:59:04.444000,2025-12-07 14:04:11.507,1,15.0,False,,False,True,88.857,88.857
795,0 days 02:02:02.317000,TSU,22,0 days 00:01:29.016000,42.0,2.0,,,17.693,38.417,32.906,0 days 02:00:51.046000,0 days 02:01:29.463000,0 days 02:02:02.369000,288.0,303.0,212.0,304.0,False,MEDIUM,10.0,True,Red Bull Racing,0 days 02:00:33.301000,2025-12-07 14:05:40.364,1,15.0,False,,False,True,89.016,89.01599999999999
796,0 days 02:03:31.760000,TSU,22,0 days 00:01:29.443000,43.0,2.0,,,17.648,38.026,33.769,0 days 02:02:20.017000,0 days 02:02:58.043000,0 days 02:03:31.812000,291.0,322.0,212.0,336.0,False,MEDIUM,11.0,True,Red Bull Racing,0 days 02:02:02.317000,2025-12-07 14:07:09.380,1,13.0,False,,False,True,89.443,89.44300000000001
797,0 days 02:05:00.317000,TSU,22,0 days 00:01:28.557000,44.0,2.0,,,17.693,37.915,32.949,0 days 02:03:49.505000,0 days 02:04:27.420000,0 days 02:05:00.369000,,305.0,212.0,337.0,True,MEDIUM,12.0,True,Red Bull Racing,0 days 02:03:31.760000,2025-12-07 14:08:38.823,1,12.0,False,,False,True,88.557,88.557
798,0 days 02:06:29.209000,TSU,22,0 days 00:01:28.892000,45.0,2.0,,,17.665,38.353,32.874,0 days 02:05:18.034000,0 days 02:05:56.387000,0 days 02:06:29.261000,286.0,299.0,214.0,307.0,False,MEDIUM,13.0,True,Red Bull Racing,0 days 02:05:00.317000,2025-12-07 14:10:07.380,1,12.0,False,,False,True,88.892,88.892
799,0 days 02:07:58.052000,TSU,22,0 days 00:01:28.843000,46.0,2.0,,,17.597,38.354,32.892,0 days 02:06:46.858000,0 days 02:07:25.212000,0 days 02:07:58.104000,290.0,303.0,212.0,308.0,False,MEDIUM,14.0,True,Red Bull Racing,0 days 02:06:29.209000,2025-12-07 14:11:36.272,1,12.0,False,,False,True,88.843,88.843
800,0 days 02:09:26.755000,TSU,22,0 days 00:01:28.703000,47.0,2.0,,,17.571,38.242,32.89,0 days 02:08:15.675000,0 days 02:08:53.917000,0 days 02:09:26.807000,,302.0,212.0,309.0,False,MEDIUM,15.0,True,Red Bull Racing,0 days 02:07:58.052000,2025-12-07 14:13:05.115,1,12.0,False,,False,True,88.703,88.703
801,0 days 02:10:55.715000,TSU,22,0 days 00:01:28.960000,48.0,2.0,,,17.678,38.34,32.942,0 days 02:09:44.485000,0 days 02:10:22.825000,0 days 02:10:55.767000,289.0,302.0,213.0,310.0,False,MEDIUM,16.0,True,Red Bull Racing,0 days 02:09:26.755000,2025-12-07 14:14:33.818,1,12.0,False,,False,True,88.96,88.96000000000001
802,0 days 02:12:24.865000,TSU,22,0 days 00:01:29.150000,49.0,2.0,,,17.634,38.407,33.109,0 days 02:11:13.401000,0 days 02:11:51.808000,0 days 02:12:24.917000,293.0,303.0,212.0,310.0,False,MEDIUM,17.0,True,Red Bull Racing,0 days 02:10:55.715000,2025-12-07 14:16:02.778,1,12.0,False,,False,True,89.15,89.15
803,0 days 02:13:54.143000,TSU,22,0 days 00:01:29.278000,50.0,2.0,,,17.75,38.498,33.03,0 days 02:12:42.667000,0 days 02:13:21.165000,0 days 02:13:54.195000,290.0,303.0,213.0,312.0,False,MEDIUM,18.0,True,Red Bull Racing,0 days 02:12:24.865000,2025-12-07 14:17:31.928,1,12.0,False,,False,True,89.278,89.27799999999999
804,0 days 02:15:23.429000,TSU,22,0 days 00:01:29.286000,51.0,2.0,,,17.74,38.408,33.138,0 days 02:14:11.935000,0 days 02:14:50.343000,0 days 02:15:23.481000,292.0,304.0,211.0,312.0,False,MEDIUM,19.0,True,Red Bull Racing,0 days 02:13:54.143000,2025-12-07 14:19:01.206,1,12.0,False,,False,True,89.286,89.286
805,0 days 02:16:53.407000,TSU,22,0 days 00:01:29.978000,52.0,2.0,,,17.69,38.683,33.605,0 days 02:15:41.171000,0 days 02:16:19.854000,0 days 02:16:53.459000,,302.0,212.0,311.0,False,MEDIUM,20.0,True,Red Bull Racing,0 days 02:15:23.429000,2025-12-07 14:20:30.492,1,13.0,False,,False,True,89.978,89.97800000000001
806,0 days 02:18:23.019000,TSU,22,0 days 00:01:29.612000,53.0,2.0,,,17.76,38.708,33.144,0 days 02:17:11.219000,0 days 02:17:49.927000,0 days 02:18:23.071000,,304.0,213.0,312.0,False,MEDIUM,21.0,True,Red Bull Racing,0 days 02:16:53.407000,2025-12-07 14:22:00.470,1,13.0,False,,False,True,89.612,89.612
807,0 days 02:19:52.493000,TSU,22,0 days 00:01:29.474000,54.0,2.0,,,17.602,38.516,33.356,0 days 02:18:40.673000,0 days 02:19:19.189000,0 days 02:19:52.545000,291.0,307.0,210.0,312.0,False,MEDIUM,22.0,True,Red Bull Racing,0 days 02:18:23.019000,2025-12-07 14:23:30.082,1,13.0,False,,False,True,89.474,89.47399999999999
808,0 days 02:21:22.733000,TSU,22,0 days 00:01:30.240000,55.0,2.0,,,17.746,38.827,33.667,0 days 02:20:10.291000,0 days 02:20:49.118000,0 days 02:21:22.785000,,313.0,213.0,303.0,False,MEDIUM,23.0,True,Red Bull Racing,0 days 02:19:52.493000,2025-12-07 14:24:59.556,1,14.0,False,,False,True,90.24,90.24
809,0 days 02:22:52.736000,TSU,22,0 days 00:01:30.003000,56.0,2.0,,,17.791,38.73,33.482,0 days 02:21:40.576000,0 days 02:22:19.306000,0 days 02:22:52.788000,,310.0,213.0,314.0,False,MEDIUM,24.0,True,Red Bull Racing,0 days 02:21:22.733000,2025-12-07 14:26:29.796,1,14.0,False,,False,True,90.003,90.003
810,0 days 02:24:22.431000,TSU,22,0 days 00:01:29.695000,57.0,2.0,,,17.711,38.546,33.438,0 days 02:23:10.499000,0 days 02:23:49.045000,0 days 02:24:22.483000,290.0,303.0,213.0,313.0,False,MEDIUM,25.0,True,Red Bull Racing,0 days 02:22:52.736000,2025-12-07 14:27:59.799,1,14.0,False,,False,True,89.695,89.695
811,0 days 02:25:51.997000,TSU,22,0 days 00:01:29.566000,58.0,2.0,,,17.69,38.459,33.417,0 days 02:24:40.173000,0 days 02:25:18.632000,0 days 02:25:52.049000,292.0,306.0,211.0,318.0,False,MEDIUM,26.0,True,Red Bull Racing,0 days 02:24:22.431000,2025-12-07 14:29:29.494,1,14.0,False,,False,True,89.566,89.566
812,0 days 01:00:01.460000,ANT,12,0 days 00:01:40.726000,1.0,1.0,,,,39.754,36.43,,0 days 00:59:25.350000,0 days 01:00:01.627000,286.0,317.0,210.0,302.0,False,HARD,1.0,True,Mercedes,0 days 00:58:20.522000,2025-12-07 13:03:27.585,1,17.0,False,,False,False,100.726,
813,0 days 01:01:33.175000,ANT,12,0 days 00:01:31.715000,2.0,1.0,,,18.611,38.218,34.886,0 days 01:00:20.132000,0 days 01:00:58.350000,0 days 01:01:33.236000,289.0,306.0,209.0,327.0,True,HARD,2.0,True,Mercedes,0 days 01:00:01.460000,2025-12-07 13:05:08.523,1,17.0,False,,False,True,91.715,91.715
814,0 days 01:03:03.667000,ANT,12,0 days 00:01:30.492000,3.0,1.0,,,18.513,38.017,33.962,0 days 01:01:51.749000,0 days 01:02:29.766000,0 days 01:03:03.728000,,322.0,210.0,331.0,True,HARD,3.0,True,Mercedes,0 days 01:01:33.175000,2025-12-07 13:06:40.238,1,17.0,False,,False,True,90.492,90.492
815,0 days 01:04:34.191000,ANT,12,0 days 00:01:30.524000,4.0,1.0,,,18.076,38.076,34.372,0 days 01:03:21.804000,0 days 01:03:59.880000,0 days 01:04:34.252000,,305.0,209.0,329.0,False,HARD,4.0,True,Mercedes,0 days 01:03:03.667000,2025-12-07 13:08:10.730,1,17.0,False,,False,True,90.524,90.524
816,0 days 01:06:04.898000,ANT,12,0 days 00:01:30.707000,5.0,1.0,,,18.406,38.297,34.004,0 days 01:04:52.658000,0 days 01:05:30.955000,0 days 01:06:04.959000,290.0,307.0,209.0,327.0,False,HARD,5.0,True,Mercedes,0 days 01:04:34.191000,2025-12-07 13:09:41.254,1,17.0,False,,False,True,90.707,90.707
817,0 days 01:07:35.158000,ANT,12,0 days 00:01:30.260000,6.0,1.0,,,18.243,38.178,33.839,0 days 01:06:23.202000,0 days 01:07:01.380000,0 days 01:07:35.219000,284.0,306.0,210.0,318.0,True,HARD,6.0,True,Mercedes,0 days 01:06:04.898000,2025-12-07 13:11:11.961,1,17.0,False,,False,True,90.26,90.25999999999999
818,0 days 01:09:05.466000,ANT,12,0 days 00:01:30.308000,7.0,1.0,,,18.231,38.146,33.931,0 days 01:07:53.450000,0 days 01:08:31.596000,0 days 01:09:05.527000,288.0,309.0,208.0,324.0,False,HARD,7.0,True,Mercedes,0 days 01:07:35.158000,2025-12-07 13:12:42.221,1,17.0,False,,False,True,90.308,90.30799999999999
819,0 days 01:10:35.907000,ANT,12,0 days 00:01:30.441000,8.0,1.0,,,18.278,38.196,33.967,0 days 01:09:23.805000,0 days 01:10:02.001000,0 days 01:10:35.968000,,316.0,209.0,317.0,False,HARD,8.0,True,Mercedes,0 days 01:09:05.466000,2025-12-07 13:14:12.529,1,16.0,False,,False,True,90.441,90.441
820,0 days 01:12:05.935000,ANT,12,0 days 00:01:30.028000,9.0,1.0,,,18.22,38.264,33.544,0 days 01:10:54.188000,0 days 01:11:32.452000,0 days 01:12:05.996000,286.0,306.0,208.0,317.0,True,HARD,9.0,True,Mercedes,0 days 01:10:35.907000,2025-12-07 13:15:42.970,1,15.0,False,,False,True,90.028,90.02799999999999
821,0 days 01:13:36.023000,ANT,12,0 days 00:01:30.088000,10.0,1.0,,,18.106,38.132,33.85,0 days 01:12:24.102000,0 days 01:13:02.234000,0 days 01:13:36.084000,288.0,310.0,210.0,317.0,False,HARD,10.0,True,Mercedes,0 days 01:12:05.935000,2025-12-07 13:17:12.998,1,15.0,False,,False,True,90.088,90.088
822,0 days 01:15:06.678000,ANT,12,0 days 00:01:30.655000,11.0,1.0,,,18.294,38.203,34.158,0 days 01:13:54.378000,0 days 01:14:32.581000,0 days 01:15:06.739000,287.0,311.0,207.0,316.0,False,HARD,11.0,True,Mercedes,0 days 01:13:36.023000,2025-12-07 13:18:43.086,1,15.0,False,,False,True,90.655,90.655
823,0 days 01:16:37.744000,ANT,12,0 days 00:01:31.066000,12.0,1.0,,,18.338,38.398,34.33,0 days 01:15:25.077000,0 days 01:16:03.475000,0 days 01:16:37.805000,290.0,311.0,208.0,313.0,False,HARD,12.0,True,Mercedes,0 days 01:15:06.678000,2025-12-07 13:20:13.741,1,15.0,False,,False,True,91.066,91.066
824,0 days 01:18:08.720000,ANT,12,0 days 00:01:30.976000,13.0,1.0,,,18.303,38.384,34.289,0 days 01:16:56.108000,0 days 01:17:34.492000,0 days 01:18:08.781000,,307.0,208.0,315.0,False,HARD,13.0,True,Mercedes,0 days 01:16:37.744000,2025-12-07 13:21:44.807,1,15.0,False,,False,True,90.976,90.976
825,0 days 01:19:39.829000,ANT,12,0 days 00:01:31.109000,14.0,1.0,,,18.366,38.383,34.36,0 days 01:18:27.147000,0 days 01:19:05.530000,0 days 01:19:39.890000,,311.0,209.0,314.0,False,HARD,14.0,True,Mercedes,0 days 01:18:08.720000,2025-12-07 13:23:15.783,1,15.0,False,,False,True,91.109,91.10900000000001
826,0 days 01:21:10.759000,ANT,12,0 days 00:01:30.930000,15.0,1.0,,,18.19,38.419,34.321,0 days 01:19:58.080000,0 days 01:20:36.499000,0 days 01:21:10.820000,289.0,314.0,208.0,316.0,False,HARD,15.0,True,Mercedes,0 days 01:19:39.829000,2025-12-07 13:24:46.892,1,12.0,False,,False,True,90.93,90.92999999999999
827,0 days 01:22:41.879000,ANT,12,0 days 00:01:31.120000,16.0,1.0,,,18.34,38.437,34.343,0 days 01:21:29.160000,0 days 01:22:07.597000,0 days 01:22:41.940000,290.0,312.0,208.0,316.0,False,HARD,16.0,True,Mercedes,0 days 01:21:10.759000,2025-12-07 13:26:17.822,1,11.0,False,,False,True,91.12,91.12
828,0 days 01:24:12.999000,ANT,12,0 days 00:01:31.120000,17.0,1.0,,,18.258,38.343,34.519,0 days 01:23:00.198000,0 days 01:23:38.541000,0 days 01:24:13.060000,,307.0,208.0,318.0,False,HARD,17.0,True,Mercedes,0 days 01:22:41.879000,2025-12-07 13:27:48.942,1,8.0,False,,False,True,91.12,91.12
829,0 days 01:25:44.804000,ANT,12,0 days 00:01:31.805000,18.0,1.0,,,18.311,39.12,34.374,0 days 01:24:31.371000,0 days 01:25:10.491000,0 days 01:25:44.865000,291.0,315.0,210.0,275.0,False,HARD,18.0,True,Mercedes,0 days 01:24:12.999000,2025-12-07 13:29:20.062,1,8.0,False,,False,True,91.805,91.805
830,0 days 01:27:15.923000,ANT,12,0 days 00:01:31.119000,19.0,1.0,,,18.018,39.003,34.098,0 days 01:26:02.883000,0 days 01:26:41.886000,0 days 01:27:15.984000,290.0,310.0,209.0,296.0,False,HARD,19.0,True,Mercedes,0 days 01:25:44.804000,2025-12-07 13:30:51.867,1,9.0,True,TRACK LIMITS AT TURN 1 LAP 19 ,False,True,91.119,91.119
831,0 days 01:28:47.667000,ANT,12,0 days 00:01:31.744000,20.0,1.0,,,18.268,39.341,34.135,0 days 01:27:34.252000,0 days 01:28:13.593000,0 days 01:28:47.728000,,307.0,208.0,222.0,False,HARD,20.0,True,Mercedes,0 days 01:27:15.923000,2025-12-07 13:32:22.986,1,9.0,False,,False,True,91.744,91.744
832,0 days 01:30:19.474000,ANT,12,0 days 00:01:31.807000,21.0,1.0,,,18.115,38.31,35.382,0 days 01:29:05.843000,0 days 01:29:44.153000,0 days 01:30:19.535000,292.0,308.0,210.0,319.0,False,HARD,21.0,True,Mercedes,0 days 01:28:47.667000,2025-12-07 13:33:54.730,1,8.0,False,,False,True,91.807,91.80699999999999
833,0 days 01:31:49.992000,ANT,12,0 days 00:01:30.518000,22.0,1.0,,,18.003,38.311,34.204,0 days 01:30:37.538000,0 days 01:31:15.849000,0 days 01:31:50.053000,291.0,314.0,209.0,314.0,False,HARD,22.0,True,Mercedes,0 days 01:30:19.474000,2025-12-07 13:35:26.537,1,8.0,False,,False,True,90.518,90.518
834,0 days 01:33:20.121000,ANT,12,0 days 00:01:30.129000,23.0,1.0,,,18.029,38.114,33.986,0 days 01:32:08.082000,0 days 01:32:46.196000,0 days 01:33:20.182000,290.0,305.0,209.0,319.0,False,HARD,23.0,True,Mercedes,0 days 01:31:49.992000,2025-12-07 13:36:57.055,1,8.0,False,,False,True,90.129,90.12899999999999
835,0 days 01:34:51.408000,ANT,12,0 days 00:01:31.287000,24.0,1.0,,,17.982,39.183,34.122,0 days 01:33:38.164000,0 days 01:34:17.347000,0 days 01:34:51.469000,292.0,314.0,210.0,304.0,False,HARD,24.0,True,Mercedes,0 days 01:33:20.121000,2025-12-07 13:38:27.184,1,9.0,False,,False,True,91.287,91.287
836,0 days 01:36:21.608000,ANT,12,0 days 00:01:30.200000,25.0,1.0,,,17.954,38.377,33.869,0 days 01:35:09.423000,0 days 01:35:47.800000,0 days 01:36:21.669000,293.0,315.0,208.0,324.0,False,HARD,25.0,True,Mercedes,0 days 01:34:51.408000,2025-12-07 13:39:58.471,1,9.0,True,TRACK LIMITS AT TURN 1 LAP 25 ,False,True,90.2,90.2
837,0 days 01:37:51.429000,ANT,12,0 days 00:01:29.821000,26.0,1.0,,,17.92,38.414,33.487,0 days 01:36:39.589000,0 days 01:37:18.003000,0 days 01:37:51.490000,290.0,299.0,209.0,312.0,False,HARD,26.0,True,Mercedes,0 days 01:36:21.608000,2025-12-07 13:41:28.671,1,9.0,True,TRACK LIMITS AT TURN 1 LAP 26 ,False,True,89.821,89.821
838,0 days 01:39:22.701000,ANT,12,0 days 00:01:31.272000,27.0,1.0,,,17.941,38.932,34.399,0 days 01:38:09.431000,0 days 01:38:48.363000,0 days 01:39:22.762000,288.0,302.0,210.0,298.0,False,HARD,27.0,True,Mercedes,0 days 01:37:51.429000,2025-12-07 13:42:58.492,1,10.0,False,,False,True,91.272,91.272
839,0 days 01:40:53.385000,ANT,12,0 days 00:01:30.684000,28.0,1.0,,,18.022,38.349,34.313,0 days 01:39:40.784000,0 days 01:40:19.133000,0 days 01:40:53.446000,290.0,302.0,208.0,314.0,False,HARD,28.0,True,Mercedes,0 days 01:39:22.701000,2025-12-07 13:44:29.764,1,10.0,False,,False,True,90.684,90.684
840,0 days 01:42:23.719000,ANT,12,0 days 00:01:30.334000,29.0,1.0,,,18.02,38.22,34.094,0 days 01:41:11.466000,0 days 01:41:49.686000,0 days 01:42:23.780000,,307.0,209.0,321.0,False,HARD,29.0,True,Mercedes,0 days 01:40:53.385000,2025-12-07 13:46:00.448,1,10.0,False,,False,True,90.334,90.334
841,0 days 01:43:54.907000,ANT,12,0 days 00:01:31.188000,30.0,1.0,,,18.054,38.474,34.66,0 days 01:42:41.834000,0 days 01:43:20.308000,0 days 01:43:54.968000,291.0,314.0,207.0,327.0,False,HARD,30.0,True,Mercedes,0 days 01:42:23.719000,2025-12-07 13:47:30.782,1,11.0,False,,False,True,91.188,91.18799999999999
842,0 days 01:45:25.924000,ANT,12,0 days 00:01:31.017000,31.0,1.0,,,18.166,39.131,33.72,0 days 01:44:13.134000,0 days 01:44:52.265000,0 days 01:45:25.985000,290.0,304.0,210.0,305.0,False,HARD,31.0,True,Mercedes,0 days 01:43:54.907000,2025-12-07 13:49:01.970,1,11.0,False,,False,True,91.017,91.017
843,0 days 01:46:58.739000,ANT,12,0 days 00:01:32.815000,32.0,1.0,,0 days 01:46:57.849000,17.919,39.043,35.853,0 days 01:45:43.904000,0 days 01:46:22.947000,0 days 01:46:58.800000,288.0,310.0,,293.0,False,HARD,32.0,True,Mercedes,0 days 01:45:25.924000,2025-12-07 13:50:32.987,1,13.0,False,,False,False,92.815,92.815
844,0 days 01:48:49.463000,ANT,12,0 days 00:01:50.724000,33.0,2.0,0 days 01:47:20.688000,,39.422,38.675,32.627,0 days 01:47:38.222000,0 days 01:48:16.897000,0 days 01:48:49.524000,283.0,298.0,214.0,305.0,False,MEDIUM,1.0,True,Mercedes,0 days 01:46:58.739000,2025-12-07 13:52:05.802,1,20.0,False,,False,False,110.724,110.72399999999999
845,0 days 01:50:17.492000,ANT,12,0 days 00:01:28.029000,34.0,2.0,,,17.775,37.908,32.346,0 days 01:49:07.299000,0 days 01:49:45.207000,0 days 01:50:17.553000,288.0,298.0,214.0,305.0,True,MEDIUM,2.0,True,Mercedes,0 days 01:48:49.463000,2025-12-07 13:53:56.526,1,19.0,False,,False,True,88.029,88.029
846,0 days 01:51:45.811000,ANT,12,0 days 00:01:28.319000,35.0,2.0,,,17.814,38.042,32.463,0 days 01:50:35.367000,0 days 01:51:13.409000,0 days 01:51:45.872000,289.0,301.0,214.0,307.0,False,MEDIUM,3.0,True,Mercedes,0 days 01:50:17.492000,2025-12-07 13:55:24.555,1,19.0,False,,False,True,88.319,88.319
847,0 days 01:53:13.996000,ANT,12,0 days 00:01:28.185000,36.0,2.0,,,17.763,38.109,32.313,0 days 01:52:03.635000,0 days 01:52:41.744000,0 days 01:53:14.057000,,302.0,213.0,308.0,False,MEDIUM,4.0,True,Mercedes,0 days 01:51:45.811000,2025-12-07 13:56:52.874,1,19.0,False,,False,True,88.185,88.185
848,0 days 01:54:42.673000,ANT,12,0 days 00:01:28.677000,37.0,2.0,,,17.764,38.224,32.689,0 days 01:53:31.821000,0 days 01:54:10.045000,0 days 01:54:42.734000,293.0,301.0,212.0,308.0,False,MEDIUM,5.0,True,Mercedes,0 days 01:53:13.996000,2025-12-07 13:58:21.059,1,19.0,False,,False,True,88.677,88.67699999999999
849,0 days 01:56:11.632000,ANT,12,0 days 00:01:28.959000,38.0,2.0,,,17.813,38.049,33.097,0 days 01:55:00.547000,0 days 01:55:38.596000,0 days 01:56:11.693000,292.0,312.0,212.0,306.0,False,MEDIUM,6.0,True,Mercedes,0 days 01:54:42.673000,2025-12-07 13:59:49.736,1,19.0,False,,False,True,88.959,88.959
850,0 days 01:57:40.979000,ANT,12,0 days 00:01:29.347000,39.0,2.0,,,17.809,37.744,33.794,0 days 01:56:29.502000,0 days 01:57:07.246000,0 days 01:57:41.040000,295.0,305.0,212.0,326.0,False,MEDIUM,7.0,True,Mercedes,0 days 01:56:11.632000,2025-12-07 14:01:18.695,1,18.0,False,,False,True,89.347,89.347
851,0 days 01:59:10.240000,ANT,12,0 days 00:01:29.261000,40.0,2.0,,,17.744,37.991,33.526,0 days 01:57:58.784000,0 days 01:58:36.775000,0 days 01:59:10.301000,294.0,323.0,212.0,311.0,False,MEDIUM,8.0,True,Mercedes,0 days 01:57:40.979000,2025-12-07 14:02:48.042,1,18.0,False,,False,True,89.261,89.261
852,0 days 02:00:38.370000,ANT,12,0 days 00:01:28.130000,41.0,2.0,,,17.729,37.82,32.581,0 days 01:59:28.030000,0 days 02:00:05.850000,0 days 02:00:38.431000,296.0,299.0,212.0,328.0,False,MEDIUM,9.0,True,Mercedes,0 days 01:59:10.240000,2025-12-07 14:04:17.303,1,16.0,False,,False,True,88.13,88.13
853,0 days 02:02:06.544000,ANT,12,0 days 00:01:28.174000,42.0,2.0,,,17.644,38.139,32.391,0 days 02:00:56.075000,0 days 02:01:34.214000,0 days 02:02:06.605000,292.0,299.0,214.0,306.0,False,MEDIUM,10.0,True,Mercedes,0 days 02:00:38.370000,2025-12-07 14:05:45.433,1,16.0,False,,False,True,88.174,88.174
854,0 days 02:03:34.942000,ANT,12,0 days 00:01:28.398000,43.0,2.0,,,17.601,38.175,32.622,0 days 02:02:24.206000,0 days 02:03:02.381000,0 days 02:03:35.003000,294.0,299.0,212.0,305.0,False,MEDIUM,11.0,True,Mercedes,0 days 02:02:06.544000,2025-12-07 14:07:13.607,1,14.0,False,,False,True,88.398,88.398
855,0 days 02:05:03.445000,ANT,12,0 days 00:01:28.503000,44.0,2.0,,,17.805,38.146,32.552,0 days 02:03:52.808000,0 days 02:04:30.954000,0 days 02:05:03.506000,293.0,303.0,213.0,306.0,False,MEDIUM,12.0,True,Mercedes,0 days 02:03:34.942000,2025-12-07 14:08:42.005,1,14.0,False,,False,True,88.503,88.503
856,0 days 02:06:32.446000,ANT,12,0 days 00:01:29.001000,45.0,2.0,,,17.731,38.192,33.078,0 days 02:05:21.237000,0 days 02:05:59.429000,0 days 02:06:32.507000,294.0,301.0,213.0,307.0,False,MEDIUM,13.0,True,Mercedes,0 days 02:05:03.445000,2025-12-07 14:10:10.508,1,14.0,False,,False,True,89.001,89.001
857,0 days 02:08:01.329000,ANT,12,0 days 00:01:28.883000,46.0,2.0,,,17.684,37.963,33.236,0 days 02:06:50.191000,0 days 02:07:28.154000,0 days 02:08:01.390000,295.0,312.0,212.0,312.0,False,MEDIUM,14.0,True,Mercedes,0 days 02:06:32.446000,2025-12-07 14:11:39.509,1,14.0,False,,False,True,88.883,88.88300000000001
858,0 days 02:09:29.433000,ANT,12,0 days 00:01:28.104000,47.0,2.0,,,17.73,37.791,32.583,0 days 02:08:19.120000,0 days 02:08:56.911000,0 days 02:09:29.494000,,327.0,214.0,327.0,False,MEDIUM,15.0,True,Mercedes,0 days 02:08:01.329000,2025-12-07 14:13:08.392,1,13.0,False,,False,True,88.104,88.104
859,0 days 02:10:58.323000,ANT,12,0 days 00:01:28.890000,48.0,2.0,,,17.726,38.373,32.791,0 days 02:09:47.220000,0 days 02:10:25.593000,0 days 02:10:58.384000,293.0,297.0,211.0,304.0,False,MEDIUM,16.0,True,Mercedes,0 days 02:09:29.433000,2025-12-07 14:14:36.496,1,13.0,False,,False,True,88.89,88.88999999999999
860,0 days 02:12:27.185000,ANT,12,0 days 00:01:28.862000,49.0,2.0,,,17.729,38.284,32.849,0 days 02:11:16.113000,0 days 02:11:54.397000,0 days 02:12:27.246000,295.0,300.0,211.0,309.0,False,MEDIUM,17.0,True,Mercedes,0 days 02:10:58.323000,2025-12-07 14:16:05.386,1,13.0,False,,False,True,88.862,88.862
861,0 days 02:13:56.050000,ANT,12,0 days 00:01:28.865000,50.0,2.0,,,17.715,38.414,32.736,0 days 02:12:44.961000,0 days 02:13:23.375000,0 days 02:13:56.111000,294.0,300.0,212.0,309.0,False,MEDIUM,18.0,True,Mercedes,0 days 02:12:27.185000,2025-12-07 14:17:34.248,1,13.0,False,,False,True,88.865,88.86500000000001
862,0 days 02:15:25.748000,ANT,12,0 days 00:01:29.698000,51.0,2.0,,,17.701,38.514,33.483,0 days 02:14:13.812000,0 days 02:14:52.326000,0 days 02:15:25.809000,295.0,296.0,212.0,298.0,False,MEDIUM,19.0,True,Mercedes,0 days 02:13:56.050000,2025-12-07 14:19:03.113,1,14.0,False,,False,True,89.698,89.69800000000001
863,0 days 02:16:54.614000,ANT,12,0 days 00:01:28.866000,52.0,2.0,,,17.678,38.394,32.794,0 days 02:15:43.487000,0 days 02:16:21.881000,0 days 02:16:54.675000,,306.0,212.0,309.0,False,MEDIUM,20.0,True,Mercedes,0 days 02:15:25.748000,2025-12-07 14:20:32.811,1,14.0,False,,False,True,88.866,88.866
864,0 days 02:18:24.009000,ANT,12,0 days 00:01:29.395000,53.0,2.0,,,17.721,38.802,32.872,0 days 02:17:12.396000,0 days 02:17:51.198000,0 days 02:18:24.070000,,303.0,212.0,311.0,False,MEDIUM,21.0,True,Mercedes,0 days 02:16:54.614000,2025-12-07 14:22:01.677,1,14.0,False,,False,True,89.395,89.395
865,0 days 02:19:54.014000,ANT,12,0 days 00:01:30.005000,54.0,2.0,,,17.724,38.578,33.703,0 days 02:18:41.794000,0 days 02:19:20.372000,0 days 02:19:54.075000,,294.0,209.0,311.0,False,MEDIUM,22.0,True,Mercedes,0 days 02:18:24.009000,2025-12-07 14:23:31.072,1,15.0,False,,False,True,90.005,90.00500000000001
866,0 days 02:21:23.526000,ANT,12,0 days 00:01:29.512000,55.0,2.0,,,17.986,38.47,33.056,0 days 02:20:12.061000,0 days 02:20:50.531000,0 days 02:21:23.587000,,301.0,210.0,306.0,False,MEDIUM,23.0,True,Mercedes,0 days 02:19:54.014000,2025-12-07 14:25:01.077,1,15.0,False,,False,True,89.512,89.512
867,0 days 02:22:53.260000,ANT,12,0 days 00:01:29.734000,56.0,2.0,,,17.766,37.973,33.995,0 days 02:21:41.353000,0 days 02:22:19.326000,0 days 02:22:53.321000,,331.0,209.0,327.0,False,MEDIUM,24.0,True,Mercedes,0 days 02:21:23.526000,2025-12-07 14:26:30.589,1,15.0,False,,False,True,89.734,89.734
868,0 days 02:24:22.972000,ANT,12,0 days 00:01:29.712000,57.0,2.0,,,17.937,37.978,33.797,0 days 02:23:11.258000,0 days 02:23:49.236000,0 days 02:24:23.033000,296.0,320.0,212.0,324.0,False,MEDIUM,25.0,True,Mercedes,0 days 02:22:53.260000,2025-12-07 14:28:00.323,1,15.0,False,,False,True,89.712,89.712
869,0 days 02:25:52.602000,ANT,12,0 days 00:01:29.630000,58.0,2.0,,,17.848,37.897,33.885,0 days 02:24:40.881000,0 days 02:25:18.778000,0 days 02:25:52.663000,295.0,326.0,207.0,328.0,False,MEDIUM,26.0,True,Mercedes,0 days 02:24:22.972000,2025-12-07 14:29:30.035,1,15.0,False,,False,True,89.63,89.63
870,0 days 01:00:00.491000,ALB,23,0 days 00:01:39.757000,1.0,1.0,,,,39.827,35.799,,0 days 00:59:24.947000,0 days 01:00:00.682000,281.0,282.0,213.0,313.0,False,SOFT,1.0,True,Williams,0 days 00:58:20.522000,2025-12-07 13:03:27.585,1,15.0,False,,False,False,99.757,
871,0 days 01:01:32.201000,ALB,23,0 days 00:01:31.710000,2.0,1.0,,,18.563,38.125,35.022,0 days 01:00:19.101000,0 days 01:00:57.226000,0 days 01:01:32.248000,288.0,292.0,207.0,326.0,True,SOFT,2.0,True,Williams,0 days 01:00:00.491000,2025-12-07 13:05:07.554,1,15.0,False,,False,True,91.71,91.71000000000001
872,0 days 01:03:02.425000,ALB,23,0 days 00:01:30.224000,3.0,1.0,,,18.233,37.994,33.997,0 days 01:01:50.481000,0 days 01:02:28.475000,0 days 01:03:02.472000,289.0,315.0,210.0,326.0,True,SOFT,3.0,True,Williams,0 days 01:01:32.201000,2025-12-07 13:06:39.264,1,15.0,False,,False,True,90.224,90.224
873,0 days 01:04:33.299000,ALB,23,0 days 00:01:30.874000,4.0,1.0,,,18.118,37.899,34.857,0 days 01:03:20.590000,0 days 01:03:58.489000,0 days 01:04:33.346000,288.0,301.0,208.0,334.0,False,SOFT,4.0,True,Williams,0 days 01:03:02.425000,2025-12-07 13:08:09.488,1,15.0,False,,False,True,90.874,90.874
874,0 days 01:06:03.613000,ALB,23,0 days 00:01:30.314000,5.0,1.0,,,18.337,38.112,33.865,0 days 01:04:51.683000,0 days 01:05:29.795000,0 days 01:06:03.660000,287.0,316.0,211.0,327.0,False,SOFT,5.0,True,Williams,0 days 01:04:33.299000,2025-12-07 13:09:40.362,1,15.0,False,,False,True,90.314,90.314
875,0 days 01:07:33.836000,ALB,23,0 days 00:01:30.223000,6.0,1.0,,,18.158,37.825,34.24,0 days 01:06:21.818000,0 days 01:06:59.643000,0 days 01:07:33.883000,289.0,315.0,210.0,327.0,True,SOFT,6.0,True,Williams,0 days 01:06:03.613000,2025-12-07 13:11:10.676,1,15.0,False,,False,True,90.223,90.22300000000001
876,0 days 01:09:04.256000,ALB,23,0 days 00:01:30.420000,7.0,1.0,,,18.215,38.16,34.045,0 days 01:07:52.098000,0 days 01:08:30.258000,0 days 01:09:04.303000,287.0,314.0,209.0,323.0,False,SOFT,7.0,True,Williams,0 days 01:07:33.836000,2025-12-07 13:12:40.899,1,15.0,False,,False,True,90.42,90.42
877,0 days 01:10:36.230000,ALB,23,0 days 00:01:31.974000,8.0,1.0,,0 days 01:10:35.232000,18.247,37.994,35.733,0 days 01:09:22.550000,0 days 01:10:00.544000,0 days 01:10:36.277000,286.0,323.0,,328.0,False,SOFT,8.0,True,Williams,0 days 01:09:04.256000,2025-12-07 13:14:11.319,1,17.0,False,,False,False,91.974,91.97399999999999
878,0 days 01:12:25.590000,ALB,23,0 days 00:01:49.360000,9.0,2.0,0 days 01:10:56.840000,,38.06,37.887,33.413,0 days 01:11:14.337000,0 days 01:11:52.224000,0 days 01:12:25.637000,288.0,306.0,212.0,331.0,False,HARD,1.0,True,Williams,0 days 01:10:36.230000,2025-12-07 13:15:43.293,1,20.0,False,,False,False,109.36,109.36
879,0 days 01:13:54.964000,ALB,23,0 days 00:01:29.374000,10.0,2.0,,,18.04,38.238,33.096,0 days 01:12:43.677000,0 days 01:13:21.915000,0 days 01:13:55.011000,286.0,301.0,216.0,306.0,True,HARD,2.0,True,Williams,0 days 01:12:25.590000,2025-12-07 13:17:32.653,1,20.0,False,,False,True,89.374,89.374
880,0 days 01:15:24.771000,ALB,23,0 days 00:01:29.807000,11.0,2.0,,,18.074,38.413,33.32,0 days 01:14:13.085000,0 days 01:14:51.498000,0 days 01:15:24.818000,,301.0,214.0,308.0,False,HARD,3.0,True,Williams,0 days 01:13:54.964000,2025-12-07 13:19:02.027,1,20.0,False,,False,True,89.807,89.80699999999999
881,0 days 01:16:54.231000,ALB,23,0 days 00:01:29.460000,12.0,2.0,,,17.936,38.354,33.17,0 days 01:15:42.754000,0 days 01:16:21.108000,0 days 01:16:54.278000,287.0,302.0,214.0,311.0,False,HARD,4.0,True,Williams,0 days 01:15:24.771000,2025-12-07 13:20:31.834,1,20.0,False,,False,True,89.46,89.46000000000001
882,0 days 01:18:23.923000,ALB,23,0 days 00:01:29.692000,13.0,2.0,,,18.1,38.346,33.246,0 days 01:17:12.378000,0 days 01:17:50.724000,0 days 01:18:23.970000,286.0,302.0,213.0,314.0,False,HARD,5.0,True,Williams,0 days 01:16:54.231000,2025-12-07 13:22:01.294,1,20.0,False,,False,True,89.692,89.69200000000001
883,0 days 01:19:53.716000,ALB,23,0 days 00:01:29.793000,14.0,2.0,,,17.98,38.345,33.468,0 days 01:18:41.950000,0 days 01:19:20.295000,0 days 01:19:53.763000,287.0,305.0,212.0,312.0,False,HARD,6.0,True,Williams,0 days 01:18:23.923000,2025-12-07 13:23:30.986,1,19.0,False,,False,True,89.793,89.793
884,0 days 01:21:23.535000,ALB,23,0 days 00:01:29.819000,15.0,2.0,,,18.01,38.515,33.294,0 days 01:20:11.773000,0 days 01:20:50.288000,0 days 01:21:23.582000,286.0,304.0,211.0,313.0,False,HARD,7.0,True,Williams,0 days 01:19:53.716000,2025-12-07 13:25:00.779,1,17.0,False,,False,True,89.819,89.819
885,0 days 01:22:53.442000,ALB,23,0 days 00:01:29.907000,16.0,2.0,,,17.982,38.485,33.44,0 days 01:21:41.564000,0 days 01:22:20.049000,0 days 01:22:53.489000,287.0,300.0,212.0,313.0,False,HARD,8.0,True,Williams,0 days 01:21:23.535000,2025-12-07 13:26:30.598,1,16.0,False,,False,True,89.907,89.907
886,0 days 01:24:23.575000,ALB,23,0 days 00:01:30.133000,17.0,2.0,,,18.027,38.509,33.597,0 days 01:23:11.516000,0 days 01:23:50.025000,0 days 01:24:23.622000,289.0,306.0,211.0,316.0,False,HARD,9.0,True,Williams,0 days 01:22:53.442000,2025-12-07 13:28:00.505,1,16.0,True,TRACK LIMITS AT TURN 1 LAP 17 ,False,True,90.133,90.13300000000001
887,0 days 01:25:53.562000,ALB,23,0 days 00:01:29.987000,18.0,2.0,,,18.099,38.432,33.456,0 days 01:24:41.721000,0 days 01:25:20.153000,0 days 01:25:53.609000,287.0,301.0,210.0,315.0,False,HARD,10.0,True,Williams,0 days 01:24:23.575000,2025-12-07 13:29:30.638,1,16.0,False,,False,True,89.987,89.98700000000001
888,0 days 01:27:23.609000,ALB,23,0 days 00:01:30.047000,19.0,2.0,,,18.08,38.359,33.608,0 days 01:26:11.689000,0 days 01:26:50.048000,0 days 01:27:23.656000,,306.0,210.0,318.0,False,HARD,11.0,True,Williams,0 days 01:25:53.562000,2025-12-07 13:31:00.625,1,15.0,True,TRACK LIMITS AT TURN 1 LAP 19 ,False,True,90.047,90.047
889,0 days 01:28:53.718000,ALB,23,0 days 00:01:30.109000,20.0,2.0,,,18.164,38.35,33.595,0 days 01:27:41.820000,0 days 01:28:20.170000,0 days 01:28:53.765000,,304.0,212.0,317.0,False,HARD,12.0,True,Williams,0 days 01:27:23.609000,2025-12-07 13:32:30.672,1,14.0,False,,False,True,90.109,90.10900000000001
890,0 days 01:30:23.988000,ALB,23,0 days 00:01:30.270000,21.0,2.0,,,18.2,38.43,33.64,0 days 01:29:11.965000,0 days 01:29:50.395000,0 days 01:30:24.035000,288.0,307.0,209.0,317.0,False,HARD,13.0,True,Williams,0 days 01:28:53.718000,2025-12-07 13:34:00.781,1,14.0,False,,False,True,90.27,90.27
891,0 days 01:31:54.286000,ALB,23,0 days 00:01:30.298000,22.0,2.0,,,18.156,38.447,33.695,0 days 01:30:42.191000,0 days 01:31:20.638000,0 days 01:31:54.333000,289.0,307.0,211.0,317.0,False,HARD,14.0,True,Williams,0 days 01:30:23.988000,2025-12-07 13:35:31.051,1,13.0,False,,False,True,90.298,90.298
892,0 days 01:33:24.907000,ALB,23,0 days 00:01:30.621000,23.0,2.0,,,18.346,38.516,33.759,0 days 01:32:12.679000,0 days 01:32:51.195000,0 days 01:33:24.954000,284.0,310.0,210.0,318.0,False,HARD,15.0,True,Williams,0 days 01:31:54.286000,2025-12-07 13:37:01.349,1,13.0,False,,False,True,90.621,90.621
893,0 days 01:34:55.295000,ALB,23,0 days 00:01:30.388000,24.0,2.0,,,18.218,38.501,33.669,0 days 01:33:43.172000,0 days 01:34:21.673000,0 days 01:34:55.342000,289.0,312.0,209.0,316.0,False,HARD,16.0,True,Williams,0 days 01:33:24.907000,2025-12-07 13:38:31.970,1,13.0,False,,False,True,90.388,90.38799999999999
894,0 days 01:36:26.229000,ALB,23,0 days 00:01:30.934000,25.0,2.0,,,18.047,38.942,33.945,0 days 01:35:13.389000,0 days 01:35:52.331000,0 days 01:36:26.276000,291.0,285.0,209.0,318.0,False,HARD,17.0,True,Williams,0 days 01:34:55.295000,2025-12-07 13:40:02.358,1,14.0,False,,False,True,90.934,90.934
895,0 days 01:37:56.523000,ALB,23,0 days 00:01:30.294000,26.0,2.0,,,18.175,38.544,33.575,0 days 01:36:44.451000,0 days 01:37:22.995000,0 days 01:37:56.570000,289.0,306.0,210.0,316.0,False,HARD,18.0,True,Williams,0 days 01:36:26.229000,2025-12-07 13:41:33.292,1,14.0,False,,False,True,90.294,90.294
896,0 days 01:39:26.636000,ALB,23,0 days 00:01:30.113000,27.0,2.0,,,18.052,38.451,33.61,0 days 01:38:14.622000,0 days 01:38:53.073000,0 days 01:39:26.683000,288.0,309.0,211.0,317.0,False,HARD,19.0,True,Williams,0 days 01:37:56.523000,2025-12-07 13:43:03.586,1,14.0,False,,False,True,90.113,90.113
897,0 days 01:40:57.650000,ALB,23,0 days 00:01:31.014000,28.0,2.0,,,18.056,38.881,34.077,0 days 01:39:44.739000,0 days 01:40:23.620000,0 days 01:40:57.697000,289.0,301.0,210.0,318.0,False,HARD,20.0,True,Williams,0 days 01:39:26.636000,2025-12-07 13:44:33.699,1,15.0,False,,False,True,91.014,91.014
898,0 days 01:42:28.072000,ALB,23,0 days 00:01:30.422000,29.0,2.0,,,18.017,38.669,33.736,0 days 01:41:15.714000,0 days 01:41:54.383000,0 days 01:42:28.119000,291.0,306.0,210.0,318.0,False,HARD,21.0,True,Williams,0 days 01:40:57.650000,2025-12-07 13:46:04.713,1,15.0,False,,False,True,90.422,90.422
899,0 days 01:43:58.287000,ALB,23,0 days 00:01:30.215000,30.0,2.0,,,18.065,38.449,33.701,0 days 01:42:46.184000,0 days 01:43:24.633000,0 days 01:43:58.334000,,313.0,211.0,317.0,False,HARD,22.0,True,Williams,0 days 01:42:28.072000,2025-12-07 13:47:35.135,1,15.0,False,,False,True,90.215,90.215
900,0 days 01:45:28.826000,ALB,23,0 days 00:01:30.539000,31.0,2.0,,,18.05,38.606,33.883,0 days 01:44:16.384000,0 days 01:44:54.990000,0 days 01:45:28.873000,,312.0,209.0,317.0,False,HARD,23.0,True,Williams,0 days 01:43:58.287000,2025-12-07 13:49:05.350,1,15.0,False,,False,True,90.539,90.53900000000002
901,0 days 01:46:59.311000,ALB,23,0 days 00:01:30.485000,32.0,2.0,,,18.041,38.688,33.756,0 days 01:45:46.914000,0 days 01:46:25.602000,0 days 01:46:59.358000,290.0,306.0,212.0,314.0,False,HARD,24.0,True,Williams,0 days 01:45:28.826000,2025-12-07 13:50:35.889,1,14.0,False,,False,True,90.485,90.485
902,0 days 01:48:30.927000,ALB,23,0 days 00:01:31.616000,33.0,2.0,,0 days 01:48:29.894000,17.983,38.644,34.989,0 days 01:47:17.341000,0 days 01:47:55.985000,0 days 01:48:30.974000,289.0,310.0,,313.0,False,HARD,25.0,True,Williams,0 days 01:46:59.311000,2025-12-07 13:52:06.374,1,13.0,False,,False,False,91.616,91.61599999999999
903,0 days 01:50:19.804000,ALB,23,0 days 00:01:48.877000,34.0,3.0,0 days 01:48:51.506000,,37.621,38.292,32.964,0 days 01:49:08.595000,0 days 01:49:46.887000,0 days 01:50:19.851000,284.0,303.0,216.0,306.0,False,MEDIUM,1.0,True,Williams,0 days 01:48:30.927000,2025-12-07 13:53:37.990,1,20.0,False,,False,False,108.877,108.87700000000001
904,0 days 01:51:48.392000,ALB,23,0 days 00:01:28.588000,35.0,3.0,,,17.715,37.954,32.919,0 days 01:50:37.566000,0 days 01:51:15.520000,0 days 01:51:48.439000,287.0,303.0,215.0,312.0,True,MEDIUM,2.0,True,Williams,0 days 01:50:19.804000,2025-12-07 13:55:26.867,1,20.0,False,,False,True,88.588,88.588
905,0 days 01:53:16.831000,ALB,23,0 days 00:01:28.439000,36.0,3.0,,,17.722,37.873,32.844,0 days 01:52:06.161000,0 days 01:52:44.034000,0 days 01:53:16.878000,288.0,305.0,216.0,314.0,True,MEDIUM,3.0,True,Williams,0 days 01:51:48.392000,2025-12-07 13:56:55.455,1,20.0,False,,False,True,88.439,88.439
906,0 days 01:54:45.242000,ALB,23,0 days 00:01:28.411000,37.0,3.0,,,17.651,37.941,32.819,0 days 01:53:34.529000,0 days 01:54:12.470000,0 days 01:54:45.289000,290.0,302.0,215.0,314.0,True,MEDIUM,4.0,True,Williams,0 days 01:53:16.831000,2025-12-07 13:58:23.894,1,20.0,False,,False,True,88.411,88.411
907,0 days 01:56:13.811000,ALB,23,0 days 00:01:28.569000,38.0,3.0,,,17.746,37.905,32.918,0 days 01:55:03.035000,0 days 01:55:40.940000,0 days 01:56:13.858000,,306.0,215.0,314.0,False,MEDIUM,5.0,True,Williams,0 days 01:54:45.242000,2025-12-07 13:59:52.305,1,20.0,False,,False,True,88.569,88.56899999999999
908,0 days 01:57:42.681000,ALB,23,0 days 00:01:28.870000,39.0,3.0,,,17.796,37.902,33.172,0 days 01:56:31.654000,0 days 01:57:09.556000,0 days 01:57:42.728000,292.0,310.0,212.0,319.0,False,MEDIUM,6.0,True,Williams,0 days 01:56:13.811000,2025-12-07 14:01:20.874,1,20.0,False,,False,True,88.87,88.87
909,0 days 01:59:12.403000,ALB,23,0 days 00:01:29.722000,40.0,3.0,,,18.175,38.247,33.3,0 days 01:58:00.903000,0 days 01:58:39.150000,0 days 01:59:12.450000,291.0,307.0,213.0,329.0,False,MEDIUM,7.0,True,Williams,0 days 01:57:42.681000,2025-12-07 14:02:49.744,1,19.0,False,,False,True,89.722,89.722
910,0 days 02:00:41.180000,ALB,23,0 days 00:01:28.777000,41.0,3.0,,,17.783,38.126,32.868,0 days 01:59:30.233000,0 days 02:00:08.359000,0 days 02:00:41.227000,,307.0,215.0,315.0,False,MEDIUM,8.0,True,Williams,0 days 01:59:12.403000,2025-12-07 14:04:19.466,1,18.0,False,,False,True,88.777,88.777
911,0 days 02:02:10.025000,ALB,23,0 days 00:01:28.845000,42.0,3.0,,,17.656,37.909,33.28,0 days 02:00:58.883000,0 days 02:01:36.792000,0 days 02:02:10.072000,292.0,321.0,214.0,318.0,False,MEDIUM,9.0,True,Williams,0 days 02:00:41.180000,2025-12-07 14:05:48.243,1,18.0,False,,False,True,88.845,88.845
912,0 days 02:03:38.416000,ALB,23,0 days 00:01:28.391000,43.0,3.0,,,17.613,38.119,32.659,0 days 02:02:27.685000,0 days 02:03:05.804000,0 days 02:03:38.463000,295.0,304.0,215.0,328.0,True,MEDIUM,10.0,True,Williams,0 days 02:02:10.025000,2025-12-07 14:07:17.088,1,15.0,False,,False,True,88.391,88.39099999999999
913,0 days 02:05:06.923000,ALB,23,0 days 00:01:28.507000,44.0,3.0,,,17.658,37.963,32.886,0 days 02:03:56.121000,0 days 02:04:34.084000,0 days 02:05:06.970000,291.0,306.0,214.0,315.0,False,MEDIUM,11.0,True,Williams,0 days 02:03:38.416000,2025-12-07 14:08:45.479,1,15.0,False,,False,True,88.507,88.507
914,0 days 02:06:35.290000,ALB,23,0 days 00:01:28.367000,45.0,3.0,,,17.67,37.88,32.817,0 days 02:05:24.640000,0 days 02:06:02.520000,0 days 02:06:35.337000,292.0,306.0,214.0,315.0,True,MEDIUM,12.0,True,Williams,0 days 02:05:06.923000,2025-12-07 14:10:13.986,1,15.0,False,,False,True,88.367,88.367
915,0 days 02:08:03.807000,ALB,23,0 days 00:01:28.517000,46.0,3.0,,,17.74,37.988,32.789,0 days 02:06:53.077000,0 days 02:07:31.065000,0 days 02:08:03.854000,,305.0,215.0,315.0,False,MEDIUM,13.0,True,Williams,0 days 02:06:35.290000,2025-12-07 14:11:42.353,1,15.0,False,,False,True,88.517,88.517
916,0 days 02:09:33.370000,ALB,23,0 days 00:01:29.563000,47.0,3.0,,,17.696,38.349,33.518,0 days 02:08:21.550000,0 days 02:08:59.899000,0 days 02:09:33.417000,293.0,319.0,211.0,316.0,False,MEDIUM,14.0,True,Williams,0 days 02:08:03.807000,2025-12-07 14:13:10.870,1,16.0,False,,False,True,89.563,89.563
917,0 days 02:11:02.317000,ALB,23,0 days 00:01:28.947000,48.0,3.0,,,17.804,38.338,32.805,0 days 02:09:51.221000,0 days 02:10:29.559000,0 days 02:11:02.364000,292.0,308.0,212.0,316.0,False,MEDIUM,15.0,True,Williams,0 days 02:09:33.370000,2025-12-07 14:14:40.433,1,16.0,False,,False,True,88.947,88.947
918,0 days 02:12:31.607000,ALB,23,0 days 00:01:29.290000,49.0,3.0,,,17.686,38.45,33.154,0 days 02:11:20.050000,0 days 02:11:58.500000,0 days 02:12:31.654000,294.0,325.0,213.0,318.0,False,MEDIUM,16.0,True,Williams,0 days 02:11:02.317000,2025-12-07 14:16:09.380,1,16.0,False,,False,True,89.29,89.29
919,0 days 02:14:01.133000,ALB,23,0 days 00:01:29.526000,50.0,3.0,,,17.779,38.328,33.419,0 days 02:12:49.433000,0 days 02:13:27.761000,0 days 02:14:01.180000,293.0,322.0,211.0,314.0,False,MEDIUM,17.0,True,Williams,0 days 02:12:31.607000,2025-12-07 14:17:38.670,1,17.0,False,,False,True,89.526,89.526
920,0 days 02:15:30.553000,ALB,23,0 days 00:01:29.420000,51.0,3.0,,,17.785,38.194,33.441,0 days 02:14:18.965000,0 days 02:14:57.159000,0 days 02:15:30.600000,295.0,324.0,213.0,320.0,False,MEDIUM,18.0,True,Williams,0 days 02:14:01.133000,2025-12-07 14:19:08.196,1,17.0,False,,False,True,89.42,89.42
921,0 days 02:16:59.946000,ALB,23,0 days 00:01:29.393000,52.0,3.0,,,17.797,38.017,33.579,0 days 02:15:48.397000,0 days 02:16:26.414000,0 days 02:16:59.993000,,314.0,212.0,333.0,False,MEDIUM,19.0,True,Williams,0 days 02:15:30.553000,2025-12-07 14:20:37.616,1,17.0,False,,False,True,89.393,89.393
922,0 days 02:18:28.573000,ALB,23,0 days 00:01:28.627000,53.0,3.0,,,17.758,38.061,32.808,0 days 02:17:17.751000,0 days 02:17:55.812000,0 days 02:18:28.620000,296.0,305.0,213.0,335.0,False,MEDIUM,20.0,True,Williams,0 days 02:16:59.946000,2025-12-07 14:22:07.009,1,16.0,True,TRACK LIMITS AT TURN 1 LAP 53 ,False,True,88.627,88.62700000000001
923,0 days 02:19:57.325000,ALB,23,0 days 00:01:28.752000,54.0,3.0,,,17.581,38.382,32.789,0 days 02:18:46.201000,0 days 02:19:24.583000,0 days 02:19:57.372000,291.0,299.0,213.0,307.0,False,MEDIUM,21.0,True,Williams,0 days 02:18:28.573000,2025-12-07 14:23:35.636,1,16.0,False,,False,True,88.752,88.752
924,0 days 02:21:26.110000,ALB,23,0 days 00:01:28.785000,55.0,3.0,,,17.596,38.29,32.899,0 days 02:20:14.968000,0 days 02:20:53.258000,0 days 02:21:26.157000,294.0,301.0,214.0,309.0,False,MEDIUM,22.0,True,Williams,0 days 02:19:57.325000,2025-12-07 14:25:04.388,1,16.0,False,,False,True,88.785,88.785
925,0 days 02:22:55.171000,ALB,23,0 days 00:01:29.061000,56.0,3.0,,,17.671,38.495,32.895,0 days 02:21:43.828000,0 days 02:22:22.323000,0 days 02:22:55.218000,293.0,304.0,212.0,311.0,False,MEDIUM,23.0,True,Williams,0 days 02:21:26.110000,2025-12-07 14:26:33.173,1,16.0,False,,False,True,89.061,89.061
926,0 days 02:24:24.274000,ALB,23,0 days 00:01:29.103000,57.0,3.0,,,17.77,38.165,33.168,0 days 02:23:12.988000,0 days 02:23:51.153000,0 days 02:24:24.321000,295.0,307.0,213.0,320.0,False,MEDIUM,24.0,True,Williams,0 days 02:22:55.171000,2025-12-07 14:28:02.234,1,16.0,False,,False,True,89.103,89.10300000000001
927,0 days 02:25:53.530000,ALB,23,0 days 00:01:29.256000,58.0,3.0,,,17.751,38.227,33.278,0 days 02:24:42.072000,0 days 02:25:20.299000,0 days 02:25:53.577000,,308.0,212.0,319.0,False,MEDIUM,25.0,True,Williams,0 days 02:24:24.274000,2025-12-07 14:29:31.337,1,16.0,False,,False,True,89.256,89.256
928,0 days 00:59:57.395000,HAD,6,0 days 00:01:36.661000,1.0,1.0,,,,39.231,34.447,,0 days 00:59:23.155000,0 days 00:59:57.557000,286.0,301.0,211.0,304.0,False,MEDIUM,1.0,True,Racing Bulls,0 days 00:58:20.522000,2025-12-07 13:03:27.585,1,8.0,False,,False,False,96.661,
929,0 days 01:01:27.835000,HAD,6,0 days 00:01:30.440000,2.0,1.0,,,18.161,38.034,34.245,0 days 01:00:15.641000,0 days 01:00:53.675000,0 days 01:01:27.920000,283.0,312.0,209.0,315.0,True,MEDIUM,2.0,True,Racing Bulls,0 days 00:59:57.395000,2025-12-07 13:05:04.458,1,8.0,False,,False,True,90.44,90.44
930,0 days 01:02:58.046000,HAD,6,0 days 00:01:30.211000,3.0,1.0,,,18.233,38.155,33.823,0 days 01:01:46.153000,0 days 01:02:24.308000,0 days 01:02:58.131000,289.0,309.0,208.0,315.0,True,MEDIUM,3.0,True,Racing Bulls,0 days 01:01:27.835000,2025-12-07 13:06:34.898,1,8.0,False,,False,True,90.211,90.21100000000001
931,0 days 01:04:28.283000,HAD,6,0 days 00:01:30.237000,4.0,1.0,,,18.253,38.216,33.768,0 days 01:03:16.384000,0 days 01:03:54.600000,0 days 01:04:28.368000,285.0,309.0,208.0,321.0,False,MEDIUM,4.0,True,Racing Bulls,0 days 01:02:58.046000,2025-12-07 13:08:05.109,1,8.0,False,,False,True,90.237,90.237
932,0 days 01:05:58.544000,HAD,6,0 days 00:01:30.261000,5.0,1.0,,,18.304,38.132,33.825,0 days 01:04:46.672000,0 days 01:05:24.804000,0 days 01:05:58.629000,286.0,310.0,206.0,314.0,False,MEDIUM,5.0,True,Racing Bulls,0 days 01:04:28.283000,2025-12-07 13:09:35.346,1,8.0,False,,False,True,90.261,90.261
933,0 days 01:07:29.099000,HAD,6,0 days 00:01:30.555000,6.0,1.0,,,18.336,38.161,34.058,0 days 01:06:16.965000,0 days 01:06:55.126000,0 days 01:07:29.184000,287.0,309.0,207.0,319.0,False,MEDIUM,6.0,True,Racing Bulls,0 days 01:05:58.544000,2025-12-07 13:11:05.607,1,8.0,False,,False,True,90.555,90.555
934,0 days 01:08:59.388000,HAD,6,0 days 00:01:30.289000,7.0,1.0,,,18.075,38.19,34.024,0 days 01:07:47.259000,0 days 01:08:25.449000,0 days 01:08:59.473000,,306.0,205.0,311.0,False,MEDIUM,7.0,True,Racing Bulls,0 days 01:07:29.099000,2025-12-07 13:12:36.162,1,8.0,False,,False,True,90.289,90.289
935,0 days 01:10:29.804000,HAD,6,0 days 00:01:30.416000,8.0,1.0,,,18.144,38.302,33.97,0 days 01:09:17.617000,0 days 01:09:55.919000,0 days 01:10:29.889000,,312.0,207.0,313.0,False,MEDIUM,8.0,True,Racing Bulls,0 days 01:08:59.388000,2025-12-07 13:14:06.451,1,8.0,False,,False,True,90.416,90.416
936,0 days 01:11:59.882000,HAD,6,0 days 00:01:30.078000,9.0,1.0,,,18.099,38.215,33.764,0 days 01:10:47.988000,0 days 01:11:26.203000,0 days 01:11:59.967000,286.0,313.0,207.0,327.0,False,MEDIUM,9.0,True,Racing Bulls,0 days 01:10:29.804000,2025-12-07 13:15:36.867,1,8.0,True,TRACK LIMITS AT TURN 6 LAP 23 ,False,True,90.078,90.078
937,0 days 01:13:30.228000,HAD,6,0 days 00:01:30.346000,10.0,1.0,,,18.159,38.373,33.814,0 days 01:12:18.126000,0 days 01:12:56.499000,0 days 01:13:30.313000,283.0,310.0,206.0,319.0,False,MEDIUM,10.0,True,Racing Bulls,0 days 01:11:59.882000,2025-12-07 13:17:06.945,1,8.0,False,,False,True,90.346,90.346
938,0 days 01:15:01.168000,HAD,6,0 days 00:01:30.940000,11.0,1.0,,,18.158,39.14,33.642,0 days 01:13:48.471000,0 days 01:14:27.611000,0 days 01:15:01.253000,284.0,295.0,208.0,302.0,False,MEDIUM,11.0,True,Racing Bulls,0 days 01:13:30.228000,2025-12-07 13:18:37.291,1,8.0,False,,False,True,90.94,90.94
939,0 days 01:16:31.801000,HAD,6,0 days 00:01:30.633000,12.0,1.0,,,18.078,39.151,33.404,0 days 01:15:19.331000,0 days 01:15:58.482000,0 days 01:16:31.886000,,295.0,206.0,302.0,False,MEDIUM,12.0,True,Racing Bulls,0 days 01:15:01.168000,2025-12-07 13:20:08.231,1,8.0,False,,False,True,90.633,90.63300000000001
940,0 days 01:18:02.865000,HAD,6,0 days 00:01:31.064000,13.0,1.0,,,18.302,39.185,33.577,0 days 01:16:50.188000,0 days 01:17:29.373000,0 days 01:18:02.950000,282.0,301.0,208.0,295.0,False,MEDIUM,13.0,True,Racing Bulls,0 days 01:16:31.801000,2025-12-07 13:21:38.864,1,8.0,False,,False,True,91.064,91.064
941,0 days 01:19:35.624000,HAD,6,0 days 00:01:32.759000,14.0,1.0,,0 days 01:19:34.627000,18.281,39.255,35.223,0 days 01:18:21.231000,0 days 01:19:00.486000,0 days 01:19:35.709000,284.0,301.0,,295.0,False,MEDIUM,14.0,True,Racing Bulls,0 days 01:18:02.865000,2025-12-07 13:23:09.928,1,9.0,False,,False,False,92.759,92.759
942,0 days 01:21:25.869000,HAD,6,0 days 00:01:50.245000,15.0,2.0,0 days 01:19:56.550000,,38.398,38.825,33.022,0 days 01:20:14.107000,0 days 01:20:52.932000,0 days 01:21:25.954000,286.0,295.0,210.0,292.0,False,HARD,1.0,True,Racing Bulls,0 days 01:19:35.624000,2025-12-07 13:24:42.687,1,18.0,False,,False,False,110.245,110.245
943,0 days 01:22:55.708000,HAD,6,0 days 00:01:29.839000,16.0,2.0,,,17.896,38.76,33.183,0 days 01:21:43.850000,0 days 01:22:22.610000,0 days 01:22:55.793000,288.0,289.0,212.0,297.0,True,HARD,2.0,True,Racing Bulls,0 days 01:21:25.869000,2025-12-07 13:26:32.932,1,17.0,False,,False,True,89.839,89.839
944,0 days 01:24:25.850000,HAD,6,0 days 00:01:30.142000,17.0,2.0,,,18.218,38.904,33.02,0 days 01:23:14.011000,0 days 01:23:52.915000,0 days 01:24:25.935000,281.0,296.0,210.0,293.0,False,HARD,3.0,True,Racing Bulls,0 days 01:22:55.708000,2025-12-07 13:28:02.771,1,17.0,False,,False,True,90.142,90.142
945,0 days 01:25:55.719000,HAD,6,0 days 00:01:29.869000,18.0,2.0,,,18.107,38.685,33.077,0 days 01:24:44.042000,0 days 01:25:22.727000,0 days 01:25:55.804000,282.0,293.0,209.0,302.0,False,HARD,4.0,True,Racing Bulls,0 days 01:24:25.850000,2025-12-07 13:29:32.913,1,17.0,False,,False,True,89.869,89.869
946,0 days 01:27:26.197000,HAD,6,0 days 00:01:30.478000,19.0,2.0,,,18.201,38.845,33.432,0 days 01:26:14.005000,0 days 01:26:52.850000,0 days 01:27:26.282000,283.0,292.0,209.0,300.0,False,HARD,5.0,True,Racing Bulls,0 days 01:25:55.719000,2025-12-07 13:31:02.782,1,16.0,False,,False,True,90.478,90.47800000000001
947,0 days 01:28:56.225000,HAD,6,0 days 00:01:30.028000,20.0,2.0,,,18.058,38.758,33.212,0 days 01:27:44.340000,0 days 01:28:23.098000,0 days 01:28:56.310000,287.0,299.0,211.0,298.0,False,HARD,6.0,True,Racing Bulls,0 days 01:27:26.197000,2025-12-07 13:32:33.260,1,15.0,False,,False,True,90.028,90.028
948,0 days 01:30:26.530000,HAD,6,0 days 00:01:30.305000,21.0,2.0,,,18.222,38.983,33.1,0 days 01:29:14.532000,0 days 01:29:53.515000,0 days 01:30:26.615000,285.0,293.0,209.0,297.0,False,HARD,7.0,True,Racing Bulls,0 days 01:28:56.225000,2025-12-07 13:34:03.288,1,15.0,False,,False,True,90.305,90.305
949,0 days 01:31:56.318000,HAD,6,0 days 00:01:29.788000,22.0,2.0,,,18.077,38.602,33.109,0 days 01:30:44.692000,0 days 01:31:23.294000,0 days 01:31:56.403000,,298.0,210.0,300.0,True,HARD,8.0,True,Racing Bulls,0 days 01:30:26.530000,2025-12-07 13:35:33.593,1,14.0,False,,False,True,89.788,89.78800000000001
950,0 days 01:33:26.396000,HAD,6,0 days 00:01:30.078000,23.0,2.0,,,17.886,38.905,33.287,0 days 01:32:14.289000,0 days 01:32:53.194000,0 days 01:33:26.481000,286.0,307.0,210.0,309.0,False,HARD,9.0,True,Racing Bulls,0 days 01:31:56.318000,2025-12-07 13:37:03.381,1,14.0,True,TRACK LIMITS AT TURN 6 LAP 23 ,False,True,90.078,90.078
951,0 days 01:34:57.017000,HAD,6,0 days 00:01:30.621000,24.0,2.0,,,17.992,38.548,34.081,0 days 01:33:44.473000,0 days 01:34:23.021000,0 days 01:34:57.102000,287.0,326.0,209.0,298.0,False,HARD,10.0,True,Racing Bulls,0 days 01:33:26.396000,2025-12-07 13:38:33.459,1,15.0,False,,False,True,90.621,90.62100000000001
952,0 days 01:36:29.195000,HAD,6,0 days 00:01:32.178000,25.0,2.0,,,18.416,40.326,33.436,0 days 01:35:15.518000,0 days 01:35:55.844000,0 days 01:36:29.280000,200.0,299.0,208.0,306.0,False,HARD,11.0,True,Racing Bulls,0 days 01:34:57.017000,2025-12-07 13:40:04.080,1,16.0,False,,False,True,92.178,92.178
953,0 days 01:37:59.184000,HAD,6,0 days 00:01:29.989000,26.0,2.0,,,18.018,38.824,33.147,0 days 01:36:47.298000,0 days 01:37:26.122000,0 days 01:37:59.269000,286.0,291.0,210.0,301.0,False,HARD,12.0,True,Racing Bulls,0 days 01:36:29.195000,2025-12-07 13:41:36.258,1,16.0,False,,False,True,89.989,89.989
954,0 days 01:39:29.184000,HAD,6,0 days 00:01:30,27.0,2.0,,,18.022,38.783,33.195,0 days 01:38:17.291000,0 days 01:38:56.074000,0 days 01:39:29.269000,287.0,295.0,209.0,306.0,False,HARD,13.0,True,Racing Bulls,0 days 01:37:59.184000,2025-12-07 13:43:06.247,1,16.0,False,,False,True,90.0,90.0
955,0 days 01:40:59.063000,HAD,6,0 days 00:01:29.879000,28.0,2.0,,,17.918,38.668,33.293,0 days 01:39:47.187000,0 days 01:40:25.855000,0 days 01:40:59.148000,288.0,303.0,210.0,307.0,False,HARD,14.0,True,Racing Bulls,0 days 01:39:29.184000,2025-12-07 13:44:36.247,1,16.0,False,,False,True,89.879,89.87899999999999
956,0 days 01:42:29.419000,HAD,6,0 days 00:01:30.356000,29.0,2.0,,,17.917,38.972,33.467,0 days 01:41:17.065000,0 days 01:41:56.037000,0 days 01:42:29.504000,290.0,294.0,208.0,300.0,False,HARD,15.0,True,Racing Bulls,0 days 01:40:59.063000,2025-12-07 13:46:06.126,1,16.0,False,,False,True,90.356,90.356
957,0 days 01:43:59.651000,HAD,6,0 days 00:01:30.232000,30.0,2.0,,,17.997,38.733,33.502,0 days 01:42:47.501000,0 days 01:43:26.234000,0 days 01:43:59.736000,289.0,303.0,211.0,304.0,False,HARD,16.0,True,Racing Bulls,0 days 01:42:29.419000,2025-12-07 13:47:36.482,1,16.0,False,,False,True,90.232,90.232
958,0 days 01:45:30.076000,HAD,6,0 days 00:01:30.425000,31.0,2.0,,,18.098,38.97,33.357,0 days 01:44:17.834000,0 days 01:44:56.804000,0 days 01:45:30.161000,288.0,293.0,207.0,289.0,False,HARD,17.0,True,Racing Bulls,0 days 01:43:59.651000,2025-12-07 13:49:06.714,1,16.0,False,,False,True,90.425,90.425
959,0 days 01:47:01.490000,HAD,6,0 days 00:01:31.414000,32.0,2.0,,,18.013,38.88,34.521,0 days 01:45:48.174000,0 days 01:46:27.054000,0 days 01:47:01.575000,289.0,299.0,208.0,313.0,False,HARD,18.0,True,Racing Bulls,0 days 01:45:30.076000,2025-12-07 13:50:37.139,1,16.0,False,,False,True,91.414,91.414
960,0 days 01:48:32.052000,HAD,6,0 days 00:01:30.562000,33.0,2.0,,,18.071,38.925,33.566,0 days 01:47:19.646000,0 days 01:47:58.571000,0 days 01:48:32.137000,,296.0,210.0,313.0,False,HARD,19.0,True,Racing Bulls,0 days 01:47:01.490000,2025-12-07 13:52:08.553,1,14.0,False,,False,True,90.562,90.562
961,0 days 01:50:02.537000,HAD,6,0 days 00:01:30.485000,34.0,2.0,,,17.956,38.976,33.553,0 days 01:48:50.093000,0 days 01:49:29.069000,0 days 01:50:02.622000,288.0,297.0,210.0,302.0,False,HARD,20.0,True,Racing Bulls,0 days 01:48:32.052000,2025-12-07 13:53:39.115,1,13.0,False,,False,True,90.485,90.485
962,0 days 01:51:32.734000,HAD,6,0 days 00:01:30.197000,35.0,2.0,,,18.006,39.009,33.182,0 days 01:50:20.628000,0 days 01:50:59.637000,0 days 01:51:32.819000,,291.0,210.0,296.0,False,HARD,21.0,True,Racing Bulls,0 days 01:50:02.537000,2025-12-07 13:55:09.600,1,13.0,False,,False,True,90.197,90.197
963,0 days 01:53:02.357000,HAD,6,0 days 00:01:29.623000,36.0,2.0,,,17.914,38.729,32.98,0 days 01:51:50.733000,0 days 01:52:29.462000,0 days 01:53:02.442000,,297.0,211.0,301.0,True,HARD,22.0,True,Racing Bulls,0 days 01:51:32.734000,2025-12-07 13:56:39.797,1,13.0,False,,False,True,89.623,89.62299999999999
964,0 days 01:54:31.805000,HAD,6,0 days 00:01:29.448000,37.0,2.0,,,17.821,38.794,32.833,0 days 01:53:20.263000,0 days 01:53:59.057000,0 days 01:54:31.890000,,293.0,210.0,302.0,True,HARD,23.0,True,Racing Bulls,0 days 01:53:02.357000,2025-12-07 13:58:09.420,1,13.0,False,,False,True,89.448,89.448
965,0 days 01:56:02.367000,HAD,6,0 days 00:01:30.562000,38.0,2.0,,,17.871,38.934,33.757,0 days 01:54:49.761000,0 days 01:55:28.695000,0 days 01:56:02.452000,285.0,285.0,211.0,304.0,False,HARD,24.0,True,Racing Bulls,0 days 01:54:31.805000,2025-12-07 13:59:38.868,1,14.0,False,,False,True,90.562,90.56199999999998
966,0 days 01:57:32.433000,HAD,6,0 days 00:01:30.066000,39.0,2.0,,,18.115,38.759,33.192,0 days 01:56:20.567000,0 days 01:56:59.326000,0 days 01:57:32.518000,290.0,295.0,210.0,307.0,False,HARD,25.0,True,Racing Bulls,0 days 01:56:02.367000,2025-12-07 14:01:09.430,1,14.0,False,,False,True,90.066,90.066
967,0 days 01:59:02.312000,HAD,6,0 days 00:01:29.879000,40.0,2.0,,,17.923,38.838,33.118,0 days 01:57:50.441000,0 days 01:58:29.279000,0 days 01:59:02.397000,287.0,296.0,210.0,302.0,False,HARD,26.0,True,Racing Bulls,0 days 01:57:32.433000,2025-12-07 14:02:39.496,1,14.0,False,,False,True,89.879,89.87899999999999
968,0 days 02:00:31.693000,HAD,6,0 days 00:01:29.381000,41.0,2.0,,,17.736,38.777,32.868,0 days 01:59:20.133000,0 days 01:59:58.910000,0 days 02:00:31.778000,289.0,295.0,212.0,306.0,False,HARD,27.0,True,Racing Bulls,0 days 01:59:02.312000,2025-12-07 14:04:09.375,1,14.0,True,TRACK LIMITS AT TURN 1 LAP 41 ,False,True,89.381,89.381
969,0 days 02:02:01.208000,HAD,6,0 days 00:01:29.515000,42.0,2.0,,,17.884,38.648,32.983,0 days 02:00:49.662000,0 days 02:01:28.310000,0 days 02:02:01.293000,286.0,297.0,211.0,305.0,False,HARD,28.0,True,Racing Bulls,0 days 02:00:31.693000,2025-12-07 14:05:38.756,1,14.0,False,,False,True,89.515,89.515
970,0 days 02:03:30.833000,HAD,6,0 days 00:01:29.625000,43.0,2.0,,,17.88,38.804,32.941,0 days 02:02:19.173000,0 days 02:02:57.977000,0 days 02:03:30.918000,289.0,303.0,212.0,303.0,False,HARD,29.0,True,Racing Bulls,0 days 02:02:01.208000,2025-12-07 14:07:08.271,1,12.0,False,,False,True,89.625,89.625
971,0 days 02:05:01.280000,HAD,6,0 days 00:01:30.447000,44.0,2.0,,,17.854,38.696,33.897,0 days 02:03:48.772000,0 days 02:04:27.468000,0 days 02:05:01.365000,288.0,314.0,209.0,304.0,False,HARD,30.0,True,Racing Bulls,0 days 02:03:30.833000,2025-12-07 14:08:37.896,1,13.0,False,,False,True,90.447,90.447
972,0 days 02:06:31.113000,HAD,6,0 days 00:01:29.833000,45.0,2.0,,,17.949,38.821,33.063,0 days 02:05:19.314000,0 days 02:05:58.135000,0 days 02:06:31.198000,290.0,296.0,212.0,301.0,False,HARD,31.0,True,Racing Bulls,0 days 02:05:01.280000,2025-12-07 14:10:08.343,1,13.0,False,,False,True,89.833,89.833
973,0 days 02:08:00.528000,HAD,6,0 days 00:01:29.415000,46.0,2.0,,,17.824,38.685,32.906,0 days 02:06:49.022000,0 days 02:07:27.707000,0 days 02:08:00.613000,291.0,296.0,211.0,305.0,True,HARD,32.0,True,Racing Bulls,0 days 02:06:31.113000,2025-12-07 14:11:38.176,1,13.0,False,,False,True,89.415,89.41499999999999
974,0 days 02:09:30.419000,HAD,6,0 days 00:01:29.891000,47.0,2.0,,,17.742,38.55,33.599,0 days 02:08:18.355000,0 days 02:08:56.905000,0 days 02:09:30.504000,289.0,293.0,210.0,304.0,False,HARD,33.0,True,Racing Bulls,0 days 02:08:00.528000,2025-12-07 14:13:07.591,1,14.0,False,,False,True,89.891,89.89099999999999
975,0 days 02:10:59.989000,HAD,6,0 days 00:01:29.570000,48.0,2.0,,,17.901,38.669,33.0,0 days 02:09:48.405000,0 days 02:10:27.074000,0 days 02:11:00.074000,288.0,292.0,211.0,301.0,False,HARD,34.0,True,Racing Bulls,0 days 02:09:30.419000,2025-12-07 14:14:37.482,1,14.0,False,,False,True,89.57,89.57
976,0 days 02:12:30.048000,HAD,6,0 days 00:01:30.059000,49.0,2.0,,,17.806,38.714,33.539,0 days 02:11:17.880000,0 days 02:11:56.594000,0 days 02:12:30.133000,291.0,314.0,211.0,311.0,False,HARD,35.0,True,Racing Bulls,0 days 02:10:59.989000,2025-12-07 14:16:07.052,1,15.0,False,,False,True,90.059,90.059
977,0 days 02:13:59.570000,HAD,6,0 days 00:01:29.522000,50.0,2.0,,,17.853,38.797,32.872,0 days 02:12:47.986000,0 days 02:13:26.783000,0 days 02:13:59.655000,,298.0,210.0,301.0,False,HARD,36.0,True,Racing Bulls,0 days 02:12:30.048000,2025-12-07 14:17:37.111,1,15.0,False,,False,True,89.522,89.52199999999999
978,0 days 02:15:29.652000,HAD,6,0 days 00:01:30.082000,51.0,2.0,,,17.814,38.65,33.618,0 days 02:14:17.469000,0 days 02:14:56.119000,0 days 02:15:29.737000,289.0,302.0,210.0,306.0,False,HARD,37.0,True,Racing Bulls,0 days 02:13:59.570000,2025-12-07 14:19:06.633,1,16.0,False,,False,True,90.082,90.082
979,0 days 02:16:59.027000,HAD,6,0 days 00:01:29.375000,52.0,2.0,,,17.891,38.615,32.869,0 days 02:15:47.628000,0 days 02:16:26.243000,0 days 02:16:59.112000,,305.0,210.0,306.0,True,HARD,38.0,True,Racing Bulls,0 days 02:15:29.652000,2025-12-07 14:20:36.715,1,16.0,False,,False,True,89.375,89.375
980,0 days 02:18:29.502000,HAD,6,0 days 00:01:30.475000,53.0,2.0,,,17.787,38.978,33.71,0 days 02:17:16.899000,0 days 02:17:55.877000,0 days 02:18:29.587000,288.0,315.0,210.0,304.0,False,HARD,39.0,True,Racing Bulls,0 days 02:16:59.027000,2025-12-07 14:22:06.090,1,17.0,False,,False,True,90.475,90.475
981,0 days 02:19:59.501000,HAD,6,0 days 00:01:29.999000,54.0,2.0,,,17.933,38.837,33.229,0 days 02:18:47.520000,0 days 02:19:26.357000,0 days 02:19:59.586000,291.0,297.0,210.0,309.0,False,HARD,40.0,True,Racing Bulls,0 days 02:18:29.502000,2025-12-07 14:23:36.565,1,17.0,False,,False,True,89.999,89.999
982,0 days 02:21:29.100000,HAD,6,0 days 00:01:29.599000,55.0,2.0,,,17.89,38.739,32.97,0 days 02:20:17.476000,0 days 02:20:56.215000,0 days 02:21:29.185000,290.0,295.0,210.0,303.0,False,HARD,41.0,True,Racing Bulls,0 days 02:19:59.501000,2025-12-07 14:25:06.564,1,17.0,False,,False,True,89.599,89.59899999999999
983,0 days 02:22:58.551000,HAD,6,0 days 00:01:29.451000,56.0,2.0,,,17.773,38.631,33.047,0 days 02:21:46.958000,0 days 02:22:25.589000,0 days 02:22:58.636000,,298.0,211.0,307.0,False,HARD,42.0,True,Racing Bulls,0 days 02:21:29.100000,2025-12-07 14:26:36.163,1,17.0,False,,False,True,89.451,89.451
984,0 days 02:24:29.530000,HAD,6,0 days 00:01:30.979000,57.0,2.0,,,19.631,38.109,33.239,0 days 02:23:18.267000,0 days 02:23:56.376000,0 days 02:24:29.615000,,324.0,211.0,328.0,False,HARD,43.0,True,Racing Bulls,0 days 02:22:58.551000,2025-12-07 14:28:05.614,1,17.0,False,,False,True,90.979,90.979
985,0 days 00:59:58.763000,LAW,30,0 days 00:01:38.029000,1.0,1.0,,,,39.405,35.128,,0 days 00:59:23.928000,0 days 00:59:58.913000,284.0,293.0,212.0,300.0,False,MEDIUM,1.0,True,Racing Bulls,0 days 00:58:20.522000,2025-12-07 13:03:27.585,1,11.0,False,,False,False,98.029,
986,0 days 01:01:29.562000,LAW,30,0 days 00:01:30.799000,2.0,1.0,,,18.586,38.073,34.14,0 days 01:00:17.396000,0 days 01:00:55.469000,0 days 01:01:29.609000,285.0,305.0,211.0,304.0,True,MEDIUM,2.0,True,Racing Bulls,0 days 00:59:58.763000,2025-12-07 13:05:05.826,1,11.0,False,,False,True,90.799,90.799
987,0 days 01:03:00.028000,LAW,30,0 days 00:01:30.466000,3.0,1.0,,,18.498,38.21,33.758,0 days 01:01:48.107000,0 days 01:02:26.317000,0 days 01:03:00.075000,,307.0,211.0,315.0,True,MEDIUM,3.0,True,Racing Bulls,0 days 01:01:29.562000,2025-12-07 13:06:36.625,1,11.0,False,,False,True,90.466,90.46600000000001
988,0 days 01:04:30.689000,LAW,30,0 days 00:01:30.661000,4.0,1.0,,,18.362,38.956,33.343,0 days 01:03:18.437000,0 days 01:03:57.393000,0 days 01:04:30.736000,284.0,303.0,210.0,324.0,False,MEDIUM,4.0,True,Racing Bulls,0 days 01:03:00.028000,2025-12-07 13:08:07.091,1,11.0,True,TRACK LIMITS AT TURN 1 LAP 4 ,False,True,90.661,90.661
989,0 days 01:06:00.908000,LAW,30,0 days 00:01:30.219000,5.0,1.0,,,18.22,38.249,33.75,0 days 01:04:48.956000,0 days 01:05:27.205000,0 days 01:06:00.955000,278.0,307.0,208.0,315.0,False,MEDIUM,5.0,True,Racing Bulls,0 days 01:04:30.689000,2025-12-07 13:09:37.752,1,11.0,True,TRACK LIMITS AT TURN 1 LAP 5 ,False,True,90.219,90.219
990,0 days 01:07:31.233000,LAW,30,0 days 00:01:30.325000,6.0,1.0,,,18.236,38.332,33.757,0 days 01:06:19.191000,0 days 01:06:57.523000,0 days 01:07:31.280000,281.0,307.0,209.0,310.0,True,MEDIUM,6.0,True,Racing Bulls,0 days 01:06:00.908000,2025-12-07 13:11:07.971,1,11.0,False,,False,True,90.325,90.32499999999999
991,0 days 01:09:01.770000,LAW,30,0 days 00:01:30.537000,7.0,1.0,,,18.204,38.35,33.983,0 days 01:07:49.484000,0 days 01:08:27.834000,0 days 01:09:01.817000,285.0,308.0,209.0,308.0,False,MEDIUM,7.0,True,Racing Bulls,0 days 01:07:31.233000,2025-12-07 13:12:38.296,1,11.0,False,,False,True,90.537,90.537
992,0 days 01:10:32.110000,LAW,30,0 days 00:01:30.340000,8.0,1.0,,,18.17,38.394,33.776,0 days 01:09:19.987000,0 days 01:09:58.381000,0 days 01:10:32.157000,284.0,314.0,207.0,314.0,False,MEDIUM,8.0,True,Racing Bulls,0 days 01:09:01.770000,2025-12-07 13:14:08.833,1,11.0,False,,False,True,90.34,90.34
993,0 days 01:12:02.463000,LAW,30,0 days 00:01:30.353000,9.0,1.0,,,18.151,38.312,33.89,0 days 01:10:50.308000,0 days 01:11:28.620000,0 days 01:12:02.510000,286.0,309.0,209.0,316.0,False,MEDIUM,9.0,True,Racing Bulls,0 days 01:10:32.110000,2025-12-07 13:15:39.173,1,11.0,False,,False,True,90.353,90.353
994,0 days 01:13:33.013000,LAW,30,0 days 00:01:30.550000,10.0,1.0,,,18.112,38.372,34.066,0 days 01:12:20.622000,0 days 01:12:58.994000,0 days 01:13:33.060000,283.0,307.0,208.0,317.0,False,MEDIUM,10.0,True,Racing Bulls,0 days 01:12:02.463000,2025-12-07 13:17:09.526,1,11.0,False,,False,True,90.55,90.55
995,0 days 01:15:03.682000,LAW,30,0 days 00:01:30.669000,11.0,1.0,,,18.14,38.359,34.17,0 days 01:13:51.200000,0 days 01:14:29.559000,0 days 01:15:03.729000,288.0,306.0,209.0,312.0,False,MEDIUM,11.0,True,Racing Bulls,0 days 01:13:33.013000,2025-12-07 13:18:40.076,1,11.0,False,,False,True,90.669,90.66900000000001
996,0 days 01:16:34.592000,LAW,30,0 days 00:01:30.910000,12.0,1.0,,,18.125,38.579,34.206,0 days 01:15:21.854000,0 days 01:16:00.433000,0 days 01:16:34.639000,285.0,307.0,207.0,313.0,False,MEDIUM,12.0,True,Racing Bulls,0 days 01:15:03.682000,2025-12-07 13:20:10.745,1,11.0,False,,False,True,90.91,90.91
997,0 days 01:18:05.637000,LAW,30,0 days 00:01:31.045000,13.0,1.0,,,18.117,38.813,34.115,0 days 01:16:52.756000,0 days 01:17:31.569000,0 days 01:18:05.684000,287.0,297.0,207.0,311.0,False,MEDIUM,13.0,True,Racing Bulls,0 days 01:16:34.592000,2025-12-07 13:21:41.655,1,11.0,False,,False,True,91.045,91.04500000000002
998,0 days 01:19:36.960000,LAW,30,0 days 00:01:31.323000,14.0,1.0,,,18.25,39.188,33.885,0 days 01:18:23.934000,0 days 01:19:03.122000,0 days 01:19:37.007000,283.0,298.0,207.0,298.0,False,MEDIUM,14.0,True,Racing Bulls,0 days 01:18:05.637000,2025-12-07 13:23:12.700,1,11.0,False,,False,True,91.323,91.32300000000001
999,0 days 01:21:08.009000,LAW,30,0 days 00:01:31.049000,15.0,1.0,,,18.18,39.178,33.691,0 days 01:19:55.187000,0 days 01:20:34.365000,0 days 01:21:08.056000,,295.0,207.0,299.0,False,MEDIUM,15.0,True,Racing Bulls,0 days 01:19:36.960000,2025-12-07 13:24:44.023,1,9.0,False,,False,True,91.049,91.049
1000,0 days 01:22:39.375000,LAW,30,0 days 00:01:31.366000,16.0,1.0,,,18.202,39.349,33.815,0 days 01:21:26.258000,0 days 01:22:05.607000,0 days 01:22:39.422000,282.0,293.0,207.0,295.0,False,MEDIUM,16.0,True,Racing Bulls,0 days 01:21:08.009000,2025-12-07 13:26:15.072,1,8.0,False,,False,True,91.366,91.366
1001,0 days 01:24:10.718000,LAW,30,0 days 00:01:31.343000,17.0,1.0,,,18.226,39.442,33.675,0 days 01:22:57.648000,0 days 01:23:37.090000,0 days 01:24:10.765000,,301.0,209.0,294.0,False,MEDIUM,17.0,True,Racing Bulls,0 days 01:22:39.375000,2025-12-07 13:27:46.438,1,5.0,False,,False,True,91.343,91.34299999999999
1002,0 days 01:25:42.144000,LAW,30,0 days 00:01:31.426000,18.0,1.0,,,18.15,39.399,33.877,0 days 01:24:28.915000,0 days 01:25:08.314000,0 days 01:25:42.191000,283.0,320.0,208.0,296.0,False,MEDIUM,18.0,True,Racing Bulls,0 days 01:24:10.718000,2025-12-07 13:29:17.781,1,5.0,False,,False,True,91.426,91.426
1003,0 days 01:27:13.959000,LAW,30,0 days 00:01:31.815000,19.0,1.0,,,18.251,39.251,34.313,0 days 01:26:00.442000,0 days 01:26:39.693000,0 days 01:27:14.006000,276.0,322.0,209.0,297.0,False,MEDIUM,19.0,True,Racing Bulls,0 days 01:25:42.144000,2025-12-07 13:30:49.207,1,6.0,False,,False,True,91.815,91.815
1004,0 days 01:28:45.843000,LAW,30,0 days 00:01:31.884000,20.0,1.0,,,18.069,39.431,34.384,0 days 01:27:32.075000,0 days 01:28:11.506000,0 days 01:28:45.890000,281.0,298.0,209.0,297.0,False,MEDIUM,20.0,True,Racing Bulls,0 days 01:27:13.959000,2025-12-07 13:32:21.022,1,6.0,False,,False,True,91.884,91.884
1005,0 days 01:30:21.656000,LAW,30,0 days 00:01:35.813000,21.0,1.0,,0 days 01:30:20.768000,18.191,39.209,38.413,0 days 01:29:04.081000,0 days 01:29:43.290000,0 days 01:30:21.703000,283.0,322.0,,306.0,False,MEDIUM,21.0,True,Racing Bulls,0 days 01:28:45.843000,2025-12-07 13:33:52.906,1,12.0,True,TRACK LIMITS AT TURN 7 LAP 21 ,False,False,95.813,95.813
1006,0 days 01:32:19.414000,LAW,30,0 days 00:01:57.758000,22.0,2.0,0 days 01:30:49.131000,,45.694,39.125,32.939,0 days 01:31:07.397000,0 days 01:31:46.522000,0 days 01:32:19.461000,277.0,289.0,211.0,293.0,False,HARD,1.0,True,Racing Bulls,0 days 01:30:21.656000,2025-12-07 13:35:28.719,1,20.0,False,,False,False,117.758,117.75800000000001
1007,0 days 01:33:49.240000,LAW,30,0 days 00:01:29.826000,23.0,2.0,,,18.252,38.742,32.832,0 days 01:32:37.713000,0 days 01:33:16.455000,0 days 01:33:49.287000,276.0,290.0,213.0,291.0,True,HARD,2.0,True,Racing Bulls,0 days 01:32:19.414000,2025-12-07 13:37:26.477,1,20.0,False,,False,True,89.826,89.826
1008,0 days 01:35:18.500000,LAW,30,0 days 00:01:29.260000,24.0,2.0,,,17.881,38.585,32.794,0 days 01:34:07.168000,0 days 01:34:45.753000,0 days 01:35:18.547000,284.0,292.0,212.0,296.0,True,HARD,3.0,True,Racing Bulls,0 days 01:33:49.240000,2025-12-07 13:38:56.303,1,20.0,False,,False,True,89.26,89.25999999999999
1009,0 days 01:36:47.998000,LAW,30,0 days 00:01:29.498000,25.0,2.0,,,17.954,38.794,32.75,0 days 01:35:36.501000,0 days 01:36:15.295000,0 days 01:36:48.045000,,296.0,213.0,289.0,False,HARD,4.0,True,Racing Bulls,0 days 01:35:18.500000,2025-12-07 13:40:25.563,1,20.0,False,,False,True,89.498,89.49799999999999
1010,0 days 01:38:17.335000,LAW,30,0 days 00:01:29.337000,26.0,2.0,,,17.921,38.719,32.697,0 days 01:37:05.966000,0 days 01:37:44.685000,0 days 01:38:17.382000,,295.0,212.0,297.0,False,HARD,5.0,True,Racing Bulls,0 days 01:36:47.998000,2025-12-07 13:41:55.061,1,20.0,False,,False,True,89.337,89.337
1011,0 days 01:39:46.836000,LAW,30,0 days 00:01:29.501000,27.0,2.0,,,17.901,38.759,32.841,0 days 01:38:35.283000,0 days 01:39:14.042000,0 days 01:39:46.883000,,293.0,213.0,295.0,False,HARD,6.0,True,Racing Bulls,0 days 01:38:17.335000,2025-12-07 13:43:24.398,1,20.0,False,,False,True,89.501,89.501
1012,0 days 01:41:16.390000,LAW,30,0 days 00:01:29.554000,28.0,2.0,,,17.896,38.739,32.919,0 days 01:40:04.779000,0 days 01:40:43.518000,0 days 01:41:16.437000,283.0,295.0,212.0,293.0,False,HARD,7.0,True,Racing Bulls,0 days 01:39:46.836000,2025-12-07 13:44:53.899,1,20.0,False,,False,True,89.554,89.554
1013,0 days 01:42:46.055000,LAW,30,0 days 00:01:29.665000,29.0,2.0,,,17.917,38.794,32.954,0 days 01:41:34.354000,0 days 01:42:13.148000,0 days 01:42:46.102000,285.0,293.0,213.0,295.0,False,HARD,8.0,True,Racing Bulls,0 days 01:41:16.390000,2025-12-07 13:46:23.453,1,20.0,False,,False,True,89.665,89.66499999999999
1014,0 days 01:44:15.655000,LAW,30,0 days 00:01:29.600000,30.0,2.0,,,17.894,38.795,32.911,0 days 01:43:03.996000,0 days 01:43:42.791000,0 days 01:44:15.702000,287.0,297.0,212.0,297.0,False,HARD,9.0,True,Racing Bulls,0 days 01:42:46.055000,2025-12-07 13:47:53.118,1,20.0,False,,False,True,89.6,89.6
1015,0 days 01:45:45.071000,LAW,30,0 days 00:01:29.416000,31.0,2.0,,,17.869,38.799,32.748,0 days 01:44:33.571000,0 days 01:45:12.370000,0 days 01:45:45.118000,285.0,296.0,214.0,297.0,False,HARD,10.0,True,Racing Bulls,0 days 01:44:15.655000,2025-12-07 13:49:22.718,1,20.0,False,,False,True,89.416,89.416
1016,0 days 01:47:14.229000,LAW,30,0 days 00:01:29.158000,32.0,2.0,,,17.72,38.678,32.76,0 days 01:46:02.838000,0 days 01:46:41.516000,0 days 01:47:14.276000,286.0,295.0,213.0,293.0,True,HARD,11.0,True,Racing Bulls,0 days 01:45:45.071000,2025-12-07 13:50:52.134,1,20.0,False,,False,True,89.158,89.15799999999999
1017,0 days 01:48:43.673000,LAW,30,0 days 00:01:29.444000,33.0,2.0,,,17.821,38.658,32.965,0 days 01:47:32.097000,0 days 01:48:10.755000,0 days 01:48:43.720000,,297.0,213.0,303.0,False,HARD,12.0,True,Racing Bulls,0 days 01:47:14.229000,2025-12-07 13:52:21.292,1,19.0,False,,False,True,89.444,89.444
1018,0 days 01:50:13.172000,LAW,30,0 days 00:01:29.499000,34.0,2.0,,,17.91,38.651,32.938,0 days 01:49:01.630000,0 days 01:49:40.281000,0 days 01:50:13.219000,,294.0,211.0,297.0,False,HARD,13.0,True,Racing Bulls,0 days 01:48:43.673000,2025-12-07 13:53:50.736,1,18.0,False,,False,True,89.499,89.49900000000001
1019,0 days 01:51:42.432000,LAW,30,0 days 00:01:29.260000,35.0,2.0,,,17.815,38.667,32.778,0 days 01:50:31.034000,0 days 01:51:09.701000,0 days 01:51:42.479000,,297.0,211.0,297.0,False,HARD,14.0,True,Racing Bulls,0 days 01:50:13.172000,2025-12-07 13:55:20.235,1,18.0,False,,False,True,89.26,89.25999999999999
1020,0 days 01:53:11.785000,LAW,30,0 days 00:01:29.353000,36.0,2.0,,,17.784,38.655,32.914,0 days 01:52:00.263000,0 days 01:52:38.918000,0 days 01:53:11.832000,,296.0,213.0,298.0,False,HARD,15.0,True,Racing Bulls,0 days 01:51:42.432000,2025-12-07 13:56:49.495,1,18.0,False,,False,True,89.353,89.35300000000001
1021,0 days 01:54:41.401000,LAW,30,0 days 00:01:29.616000,37.0,2.0,,,17.763,38.865,32.988,0 days 01:53:29.595000,0 days 01:54:08.460000,0 days 01:54:41.448000,289.0,296.0,211.0,300.0,False,HARD,16.0,True,Racing Bulls,0 days 01:53:11.785000,2025-12-07 13:58:18.848,1,18.0,False,,False,True,89.616,89.616
1022,0 days 01:56:10.897000,LAW,30,0 days 00:01:29.496000,38.0,2.0,,,17.77,38.672,33.054,0 days 01:54:59.218000,0 days 01:55:37.890000,0 days 01:56:10.944000,287.0,295.0,211.0,298.0,False,HARD,17.0,True,Racing Bulls,0 days 01:54:41.401000,2025-12-07 13:59:48.464,1,18.0,False,,False,True,89.496,89.496
1023,0 days 01:57:39.783000,LAW,30,0 days 00:01:28.886000,39.0,2.0,,,17.739,38.231,32.916,0 days 01:56:28.683000,0 days 01:57:06.914000,0 days 01:57:39.830000,292.0,323.0,212.0,301.0,True,HARD,18.0,True,Racing Bulls,0 days 01:56:10.897000,2025-12-07 14:01:17.960,1,17.0,False,,False,True,88.886,88.886
1024,0 days 01:59:09.597000,LAW,30,0 days 00:01:29.814000,40.0,2.0,,,17.85,38.945,33.019,0 days 01:57:57.680000,0 days 01:58:36.625000,0 days 01:59:09.644000,286.0,297.0,210.0,300.0,False,HARD,19.0,True,Racing Bulls,0 days 01:57:39.783000,2025-12-07 14:02:46.846,1,17.0,False,,False,True,89.814,89.814
1025,0 days 02:00:39.629000,LAW,30,0 days 00:01:30.032000,41.0,2.0,,,17.739,38.831,33.462,0 days 01:59:27.383000,0 days 02:00:06.214000,0 days 02:00:39.676000,,304.0,213.0,302.0,False,HARD,20.0,True,Racing Bulls,0 days 01:59:09.597000,2025-12-07 14:04:16.660,1,17.0,False,,False,True,90.032,90.03200000000001
1026,0 days 02:02:09.238000,LAW,30,0 days 00:01:29.609000,42.0,2.0,,,17.899,38.856,32.854,0 days 02:00:57.575000,0 days 02:01:36.431000,0 days 02:02:09.285000,,301.0,212.0,301.0,False,HARD,21.0,True,Racing Bulls,0 days 02:00:39.629000,2025-12-07 14:05:46.692,1,17.0,False,,False,True,89.609,89.60900000000001
1027,0 days 02:03:39.609000,LAW,30,0 days 00:01:30.371000,43.0,2.0,,,17.791,38.858,33.722,0 days 02:02:27.076000,0 days 02:03:05.934000,0 days 02:03:39.656000,,310.0,213.0,307.0,False,HARD,22.0,True,Racing Bulls,0 days 02:02:09.238000,2025-12-07 14:07:16.301,1,16.0,False,,False,True,90.371,90.37100000000001
1028,0 days 02:05:09.732000,LAW,30,0 days 00:01:30.123000,44.0,2.0,,,17.859,38.836,33.428,0 days 02:03:57.515000,0 days 02:04:36.351000,0 days 02:05:09.779000,291.0,312.0,213.0,293.0,False,HARD,23.0,True,Racing Bulls,0 days 02:03:39.609000,2025-12-07 14:08:46.672,1,17.0,False,,False,True,90.123,90.12299999999999
1029,0 days 02:06:39.494000,LAW,30,0 days 00:01:29.762000,45.0,2.0,,,17.874,38.786,33.102,0 days 02:05:27.653000,0 days 02:06:06.439000,0 days 02:06:39.541000,292.0,303.0,212.0,293.0,False,HARD,24.0,True,Racing Bulls,0 days 02:05:09.732000,2025-12-07 14:10:16.795,1,17.0,False,,False,True,89.762,89.762
1030,0 days 02:08:09.481000,LAW,30,0 days 00:01:29.987000,46.0,2.0,,,17.804,38.762,33.421,0 days 02:06:57.345000,0 days 02:07:36.107000,0 days 02:08:09.528000,291.0,304.0,212.0,300.0,False,HARD,25.0,True,Racing Bulls,0 days 02:06:39.494000,2025-12-07 14:11:46.557,1,18.0,False,,False,True,89.987,89.987
1031,0 days 02:09:38.471000,LAW,30,0 days 00:01:28.990000,47.0,2.0,,,17.773,38.509,32.708,0 days 02:08:27.301000,0 days 02:09:05.810000,0 days 02:09:38.518000,293.0,301.0,212.0,305.0,False,HARD,26.0,True,Racing Bulls,0 days 02:08:09.481000,2025-12-07 14:13:16.544,1,18.0,False,,False,True,88.99,88.99
1032,0 days 02:11:07.790000,LAW,30,0 days 00:01:29.319000,48.0,2.0,,,17.772,38.745,32.802,0 days 02:09:56.290000,0 days 02:10:35.035000,0 days 02:11:07.837000,286.0,298.0,214.0,302.0,False,HARD,27.0,True,Racing Bulls,0 days 02:09:38.471000,2025-12-07 14:14:45.534,1,18.0,False,,False,True,89.319,89.31899999999999
1033,0 days 02:12:36.799000,LAW,30,0 days 00:01:29.009000,49.0,2.0,,,17.674,38.64,32.695,0 days 02:11:25.511000,0 days 02:12:04.151000,0 days 02:12:36.846000,291.0,300.0,213.0,301.0,False,HARD,28.0,True,Racing Bulls,0 days 02:11:07.790000,2025-12-07 14:16:14.853,1,18.0,False,,False,True,89.009,89.009
1034,0 days 02:14:05.789000,LAW,30,0 days 00:01:28.990000,50.0,2.0,,,17.647,38.61,32.733,0 days 02:12:54.493000,0 days 02:13:33.103000,0 days 02:14:05.836000,,300.0,213.0,299.0,False,HARD,29.0,True,Racing Bulls,0 days 02:12:36.799000,2025-12-07 14:17:43.862,1,18.0,False,,False,True,88.99,88.99
1035,0 days 02:15:34.797000,LAW,30,0 days 00:01:29.008000,51.0,2.0,,,17.723,38.496,32.789,0 days 02:14:23.559000,0 days 02:15:02.055000,0 days 02:15:34.844000,292.0,301.0,213.0,302.0,False,HARD,30.0,True,Racing Bulls,0 days 02:14:05.789000,2025-12-07 14:19:12.852,1,18.0,False,,False,True,89.008,89.00800000000001
1036,0 days 02:17:03.918000,LAW,30,0 days 00:01:29.121000,52.0,2.0,,,17.74,38.695,32.686,0 days 02:15:52.584000,0 days 02:16:31.279000,0 days 02:17:03.965000,286.0,300.0,211.0,304.0,False,HARD,31.0,True,Racing Bulls,0 days 02:15:34.797000,2025-12-07 14:20:41.860,1,18.0,False,,False,True,89.121,89.12100000000001
1037,0 days 02:18:36.070000,LAW,30,0 days 00:01:32.152000,53.0,2.0,,,17.802,40.943,33.407,0 days 02:17:21.767000,0 days 02:18:02.710000,0 days 02:18:36.117000,284.0,301.0,211.0,228.0,False,HARD,32.0,True,Racing Bulls,0 days 02:17:03.918000,2025-12-07 14:22:10.981,1,18.0,False,,False,True,92.152,92.15199999999999
1038,0 days 02:20:05.445000,LAW,30,0 days 00:01:29.375000,54.0,2.0,,,17.817,38.723,32.835,0 days 02:18:53.934000,0 days 02:19:32.657000,0 days 02:20:05.492000,291.0,298.0,213.0,304.0,False,HARD,33.0,True,Racing Bulls,0 days 02:18:36.070000,2025-12-07 14:23:43.133,1,18.0,False,,False,True,89.375,89.375
1039,0 days 02:21:34.651000,LAW,30,0 days 00:01:29.206000,55.0,2.0,,,17.837,38.58,32.789,0 days 02:20:23.329000,0 days 02:21:01.909000,0 days 02:21:34.698000,287.0,299.0,213.0,302.0,False,HARD,34.0,True,Racing Bulls,0 days 02:20:05.445000,2025-12-07 14:25:12.508,1,18.0,False,,False,True,89.206,89.206
1040,0 days 02:23:03.840000,LAW,30,0 days 00:01:29.189000,56.0,2.0,,,17.777,38.668,32.744,0 days 02:21:52.475000,0 days 02:22:31.143000,0 days 02:23:03.887000,286.0,299.0,211.0,302.0,False,HARD,35.0,True,Racing Bulls,0 days 02:21:34.651000,2025-12-07 14:26:41.714,1,18.0,False,,False,True,89.189,89.189
1041,0 days 02:24:32.862000,LAW,30,0 days 00:01:29.022000,57.0,2.0,,,17.753,38.644,32.625,0 days 02:23:21.640000,0 days 02:24:00.284000,0 days 02:24:32.909000,288.0,298.0,213.0,306.0,False,HARD,36.0,True,Racing Bulls,0 days 02:23:03.840000,2025-12-07 14:28:10.903,1,18.0,False,,False,True,89.022,89.02199999999999
1042,0 days 01:00:02.015000,GAS,10,0 days 00:01:41.281000,1.0,1.0,,,,39.729,36.496,,0 days 00:59:25.796000,0 days 01:00:02.176000,282.0,294.0,209.0,301.0,False,MEDIUM,1.0,True,Alpine,0 days 00:58:20.522000,2025-12-07 13:03:27.585,1,19.0,False,,False,False,101.281,
1043,0 days 01:01:34.025000,GAS,10,0 days 00:01:32.010000,2.0,1.0,,,19.016,38.149,34.845,0 days 01:00:21.140000,0 days 01:00:59.289000,0 days 01:01:34.134000,,291.0,207.0,332.0,False,MEDIUM,2.0,True,Alpine,0 days 01:00:02.015000,2025-12-07 13:05:09.078,1,19.0,True,TRACK LIMITS AT TURN 6 LAP 2 ,False,True,92.01,92.00999999999999
1044,0 days 01:03:04.889000,GAS,10,0 days 00:01:30.864000,3.0,1.0,,,18.851,38.265,33.748,0 days 01:01:52.985000,0 days 01:02:31.250000,0 days 01:03:04.998000,280.0,309.0,209.0,328.0,True,MEDIUM,3.0,True,Alpine,0 days 01:01:34.025000,2025-12-07 13:06:41.088,1,19.0,False,,False,True,90.864,90.864
1045,0 days 01:04:35.558000,GAS,10,0 days 00:01:30.669000,4.0,1.0,,,18.441,38.458,33.77,0 days 01:03:23.439000,0 days 01:04:01.897000,0 days 01:04:35.667000,,301.0,208.0,319.0,True,MEDIUM,4.0,True,Alpine,0 days 01:03:04.889000,2025-12-07 13:08:11.952,1,19.0,False,,False,True,90.669,90.66900000000001
1046,0 days 01:06:06.466000,GAS,10,0 days 00:01:30.908000,5.0,1.0,,,18.458,38.448,34.002,0 days 01:04:54.125000,0 days 01:05:32.573000,0 days 01:06:06.575000,281.0,313.0,208.0,316.0,False,MEDIUM,5.0,True,Alpine,0 days 01:04:35.558000,2025-12-07 13:09:42.621,1,19.0,False,,False,True,90.908,90.908
1047,0 days 01:07:37.357000,GAS,10,0 days 00:01:30.891000,6.0,1.0,,,18.501,38.804,33.586,0 days 01:06:25.076000,0 days 01:07:03.880000,0 days 01:07:37.466000,280.0,302.0,207.0,304.0,False,MEDIUM,6.0,True,Alpine,0 days 01:06:06.466000,2025-12-07 13:11:13.529,1,19.0,False,,False,True,90.891,90.891
1048,0 days 01:09:07.894000,GAS,10,0 days 00:01:30.537000,7.0,1.0,,,18.345,38.721,33.471,0 days 01:07:55.811000,0 days 01:08:34.532000,0 days 01:09:08.003000,281.0,301.0,209.0,311.0,True,MEDIUM,7.0,True,Alpine,0 days 01:07:37.357000,2025-12-07 13:12:44.420,1,19.0,False,,False,True,90.537,90.53699999999999
1049,0 days 01:10:38.506000,GAS,10,0 days 00:01:30.612000,8.0,1.0,,,18.312,38.818,33.482,0 days 01:09:26.315000,0 days 01:10:05.133000,0 days 01:10:38.615000,280.0,298.0,207.0,308.0,False,MEDIUM,8.0,True,Alpine,0 days 01:09:07.894000,2025-12-07 13:14:14.957,1,18.0,False,,False,True,90.612,90.612
1050,0 days 01:12:08.906000,GAS,10,0 days 00:01:30.400000,9.0,1.0,,,18.189,38.75,33.461,0 days 01:10:56.804000,0 days 01:11:35.554000,0 days 01:12:09.015000,283.0,298.0,207.0,306.0,True,MEDIUM,9.0,True,Alpine,0 days 01:10:38.506000,2025-12-07 13:15:45.569,1,16.0,False,,False,True,90.4,90.4
1051,0 days 01:13:39.492000,GAS,10,0 days 00:01:30.586000,10.0,1.0,,,18.287,38.737,33.562,0 days 01:12:27.302000,0 days 01:13:06.039000,0 days 01:13:39.601000,282.0,295.0,208.0,307.0,False,MEDIUM,10.0,True,Alpine,0 days 01:12:08.906000,2025-12-07 13:17:15.969,1,16.0,False,,False,True,90.586,90.586
1052,0 days 01:15:10.627000,GAS,10,0 days 00:01:31.135000,11.0,1.0,,,18.478,38.961,33.696,0 days 01:13:58.079000,0 days 01:14:37.040000,0 days 01:15:10.736000,274.0,291.0,207.0,302.0,False,MEDIUM,11.0,True,Alpine,0 days 01:13:39.492000,2025-12-07 13:18:46.555,1,16.0,True,TRACK LIMITS AT TURN 1 LAP 11 ,False,True,91.135,91.13499999999999
1053,0 days 01:16:42.417000,GAS,10,0 days 00:01:31.790000,12.0,1.0,,,18.379,39.076,34.335,0 days 01:15:29.115000,0 days 01:16:08.191000,0 days 01:16:42.526000,279.0,293.0,207.0,304.0,False,MEDIUM,12.0,True,Alpine,0 days 01:15:10.627000,2025-12-07 13:20:17.690,1,16.0,False,,False,True,91.79,91.78999999999999
1054,0 days 01:18:15.957000,GAS,10,0 days 00:01:33.540000,13.0,1.0,,0 days 01:18:15.061000,18.54,39.177,35.823,0 days 01:17:01.066000,0 days 01:17:40.243000,0 days 01:18:16.066000,277.0,292.0,,303.0,False,MEDIUM,13.0,True,Alpine,0 days 01:16:42.417000,2025-12-07 13:21:49.480,1,17.0,False,,False,False,93.54,93.53999999999999
1055,0 days 01:20:07.499000,GAS,10,0 days 00:01:51.542000,14.0,2.0,0 days 01:18:37.618000,,39.534,38.852,33.156,0 days 01:18:55.600000,0 days 01:19:34.452000,0 days 01:20:07.608000,277.0,287.0,211.0,297.0,False,HARD,1.0,True,Alpine,0 days 01:18:15.957000,2025-12-07 13:23:23.020,1,20.0,False,,False,False,111.542,111.542
1056,0 days 01:21:37.316000,GAS,10,0 days 00:01:29.817000,15.0,2.0,,,18.141,38.668,33.008,0 days 01:20:25.749000,0 days 01:21:04.417000,0 days 01:21:37.425000,281.0,289.0,208.0,298.0,True,HARD,2.0,True,Alpine,0 days 01:20:07.499000,2025-12-07 13:25:14.562,1,20.0,False,,False,True,89.817,89.81700000000001
1057,0 days 01:23:06.887000,GAS,10,0 days 00:01:29.571000,16.0,2.0,,,18.082,38.649,32.84,0 days 01:21:55.507000,0 days 01:22:34.156000,0 days 01:23:06.996000,282.0,290.0,210.0,299.0,True,HARD,3.0,True,Alpine,0 days 01:21:37.316000,2025-12-07 13:26:44.379,1,19.0,False,,False,True,89.571,89.571
1058,0 days 01:24:36.380000,GAS,10,0 days 00:01:29.493000,17.0,2.0,,,18.037,38.556,32.9,0 days 01:23:25.033000,0 days 01:24:03.589000,0 days 01:24:36.489000,281.0,292.0,211.0,300.0,True,HARD,4.0,True,Alpine,0 days 01:23:06.887000,2025-12-07 13:28:13.950,1,19.0,False,,False,True,89.493,89.493
1059,0 days 01:26:05.867000,GAS,10,0 days 00:01:29.487000,18.0,2.0,,,18.142,38.512,32.833,0 days 01:24:54.631000,0 days 01:25:33.143000,0 days 01:26:05.976000,280.0,292.0,212.0,301.0,True,HARD,5.0,True,Alpine,0 days 01:24:36.380000,2025-12-07 13:29:43.443,1,19.0,False,,False,True,89.487,89.487
1060,0 days 01:27:36.469000,GAS,10,0 days 00:01:30.602000,19.0,2.0,,,18.056,38.79,33.756,0 days 01:26:24.032000,0 days 01:27:02.822000,0 days 01:27:36.578000,281.0,312.0,210.0,304.0,False,HARD,6.0,True,Alpine,0 days 01:26:05.867000,2025-12-07 13:31:12.930,1,19.0,False,,False,True,90.602,90.602
1061,0 days 01:29:06.380000,GAS,10,0 days 00:01:29.911000,20.0,2.0,,,18.191,38.719,33.001,0 days 01:27:54.769000,0 days 01:28:33.488000,0 days 01:29:06.489000,280.0,294.0,212.0,304.0,False,HARD,7.0,True,Alpine,0 days 01:27:36.469000,2025-12-07 13:32:43.532,1,19.0,False,,False,True,89.911,89.911
1062,0 days 01:30:35.822000,GAS,10,0 days 00:01:29.442000,21.0,2.0,,,18.096,38.477,32.869,0 days 01:29:24.585000,0 days 01:30:03.062000,0 days 01:30:35.931000,282.0,293.0,211.0,304.0,True,HARD,8.0,True,Alpine,0 days 01:29:06.380000,2025-12-07 13:34:13.443,1,19.0,False,,False,True,89.442,89.442
1063,0 days 01:32:05.512000,GAS,10,0 days 00:01:29.690000,22.0,2.0,,,17.961,38.624,33.105,0 days 01:30:53.892000,0 days 01:31:32.516000,0 days 01:32:05.621000,283.0,294.0,210.0,303.0,False,HARD,9.0,True,Alpine,0 days 01:30:35.822000,2025-12-07 13:35:42.885,1,18.0,False,,False,True,89.69,89.69
1064,0 days 01:33:35.241000,GAS,10,0 days 00:01:29.729000,23.0,2.0,,,18.036,38.536,33.157,0 days 01:32:23.657000,0 days 01:33:02.193000,0 days 01:33:35.350000,281.0,292.0,211.0,303.0,False,HARD,10.0,True,Alpine,0 days 01:32:05.512000,2025-12-07 13:37:12.575,1,18.0,False,,False,True,89.729,89.729
1065,0 days 01:35:04.988000,GAS,10,0 days 00:01:29.747000,24.0,2.0,,,18.07,38.679,32.998,0 days 01:33:53.420000,0 days 01:34:32.099000,0 days 01:35:05.097000,284.0,295.0,212.0,301.0,False,HARD,11.0,True,Alpine,0 days 01:33:35.241000,2025-12-07 13:38:42.304,1,18.0,True,TRACK LIMITS AT TURN 4 LAP 24 ,False,True,89.747,89.747
1066,0 days 01:36:34.703000,GAS,10,0 days 00:01:29.715000,25.0,2.0,,,18.047,38.709,32.959,0 days 01:35:23.144000,0 days 01:36:01.853000,0 days 01:36:34.812000,,294.0,210.0,302.0,False,HARD,12.0,True,Alpine,0 days 01:35:04.988000,2025-12-07 13:40:12.051,1,18.0,False,,False,True,89.715,89.715
1067,0 days 01:38:04.558000,GAS,10,0 days 00:01:29.855000,26.0,2.0,,,18.089,38.782,32.984,0 days 01:36:52.901000,0 days 01:37:31.683000,0 days 01:38:04.667000,283.0,292.0,210.0,302.0,False,HARD,13.0,True,Alpine,0 days 01:36:34.703000,2025-12-07 13:41:41.766,1,18.0,False,,False,True,89.855,89.85499999999999
1068,0 days 01:39:34.530000,GAS,10,0 days 00:01:29.972000,27.0,2.0,,,18.076,38.787,33.109,0 days 01:38:22.743000,0 days 01:39:01.530000,0 days 01:39:34.639000,282.0,293.0,210.0,303.0,False,HARD,14.0,True,Alpine,0 days 01:38:04.558000,2025-12-07 13:43:11.621,1,18.0,False,,False,True,89.972,89.97200000000001
1069,0 days 01:41:04.501000,GAS,10,0 days 00:01:29.971000,28.0,2.0,,,18.056,38.721,33.194,0 days 01:39:52.695000,0 days 01:40:31.416000,0 days 01:41:04.610000,,293.0,209.0,303.0,False,HARD,15.0,True,Alpine,0 days 01:39:34.530000,2025-12-07 13:44:41.593,1,18.0,False,,False,True,89.971,89.971
1070,0 days 01:42:34.481000,GAS,10,0 days 00:01:29.980000,29.0,2.0,,,18.023,38.791,33.166,0 days 01:41:22.633000,0 days 01:42:01.424000,0 days 01:42:34.590000,283.0,292.0,208.0,303.0,False,HARD,16.0,True,Alpine,0 days 01:41:04.501000,2025-12-07 13:46:11.564,1,18.0,False,,False,True,89.98,89.97999999999999
1071,0 days 01:44:04.436000,GAS,10,0 days 00:01:29.955000,30.0,2.0,,,18.131,38.677,33.147,0 days 01:42:52.721000,0 days 01:43:31.398000,0 days 01:44:04.545000,284.0,294.0,211.0,303.0,False,HARD,17.0,True,Alpine,0 days 01:42:34.481000,2025-12-07 13:47:41.544,1,18.0,False,,False,True,89.955,89.955
1072,0 days 01:45:34.573000,GAS,10,0 days 00:01:30.137000,31.0,2.0,,,18.184,38.69,33.263,0 days 01:44:22.729000,0 days 01:45:01.419000,0 days 01:45:34.682000,282.0,295.0,211.0,303.0,False,HARD,18.0,True,Alpine,0 days 01:44:04.436000,2025-12-07 13:49:11.499,1,18.0,False,,False,True,90.137,90.137
1073,0 days 01:47:04.591000,GAS,10,0 days 00:01:30.018000,32.0,2.0,,,18.182,38.67,33.166,0 days 01:45:52.864000,0 days 01:46:31.534000,0 days 01:47:04.700000,,293.0,207.0,303.0,False,HARD,19.0,True,Alpine,0 days 01:45:34.573000,2025-12-07 13:50:41.636,1,17.0,False,,False,True,90.018,90.018
1074,0 days 01:48:34.930000,GAS,10,0 days 00:01:30.339000,33.0,2.0,,,18.289,38.831,33.219,0 days 01:47:22.989000,0 days 01:48:01.820000,0 days 01:48:35.039000,281.0,293.0,209.0,304.0,False,HARD,20.0,True,Alpine,0 days 01:47:04.591000,2025-12-07 13:52:11.654,1,15.0,False,,False,True,90.339,90.339
1075,0 days 01:50:05.067000,GAS,10,0 days 00:01:30.137000,34.0,2.0,,,18.217,38.703,33.217,0 days 01:48:53.256000,0 days 01:49:31.959000,0 days 01:50:05.176000,282.0,293.0,208.0,303.0,False,HARD,21.0,True,Alpine,0 days 01:48:34.930000,2025-12-07 13:53:41.993,1,14.0,False,,False,True,90.137,90.137
1076,0 days 01:51:35.182000,GAS,10,0 days 00:01:30.115000,35.0,2.0,,,18.049,38.836,33.23,0 days 01:50:23.225000,0 days 01:51:02.061000,0 days 01:51:35.291000,283.0,293.0,211.0,305.0,False,HARD,22.0,True,Alpine,0 days 01:50:05.067000,2025-12-07 13:55:12.130,1,14.0,False,,False,True,90.115,90.115
1077,0 days 01:53:05.774000,GAS,10,0 days 00:01:30.592000,36.0,2.0,,,17.962,39.009,33.621,0 days 01:51:53.253000,0 days 01:52:32.262000,0 days 01:53:05.883000,284.0,305.0,210.0,305.0,False,HARD,23.0,True,Alpine,0 days 01:51:35.182000,2025-12-07 13:56:42.245,1,15.0,False,,False,True,90.592,90.59200000000001
1078,0 days 01:54:35.682000,GAS,10,0 days 00:01:29.908000,37.0,2.0,,,17.984,38.698,33.226,0 days 01:53:23.867000,0 days 01:54:02.565000,0 days 01:54:35.791000,286.0,292.0,209.0,305.0,False,HARD,24.0,True,Alpine,0 days 01:53:05.774000,2025-12-07 13:58:12.837,1,15.0,False,,False,True,89.908,89.908
1079,0 days 01:56:05.875000,GAS,10,0 days 00:01:30.193000,38.0,2.0,,,18.085,38.816,33.292,0 days 01:54:53.876000,0 days 01:55:32.692000,0 days 01:56:05.984000,283.0,292.0,210.0,302.0,False,HARD,25.0,True,Alpine,0 days 01:54:35.682000,2025-12-07 13:59:42.745,1,15.0,False,,False,True,90.193,90.19300000000001
1080,0 days 01:57:36.832000,GAS,10,0 days 00:01:30.957000,39.0,2.0,,,18.012,38.973,33.972,0 days 01:56:23.996000,0 days 01:57:02.969000,0 days 01:57:36.941000,286.0,303.0,211.0,303.0,False,HARD,26.0,True,Alpine,0 days 01:56:05.875000,2025-12-07 14:01:12.938,1,16.0,False,,False,True,90.957,90.957
1081,0 days 01:59:08.739000,GAS,10,0 days 00:01:31.907000,40.0,2.0,,0 days 01:59:07.779000,18.088,38.701,35.118,0 days 01:57:55.029000,0 days 01:58:33.730000,0 days 01:59:08.848000,285.0,293.0,,306.0,False,HARD,27.0,True,Alpine,0 days 01:57:36.832000,2025-12-07 14:02:43.895,1,16.0,False,,False,False,91.907,91.90700000000001
1082,0 days 02:00:59.085000,GAS,10,0 days 00:01:50.346000,41.0,3.0,0 days 01:59:30.022000,,38.635,38.69,33.021,0 days 01:59:47.483000,0 days 02:00:26.173000,0 days 02:00:59.194000,278.0,307.0,214.0,314.0,False,MEDIUM,4.0,False,Alpine,0 days 01:59:08.739000,2025-12-07 14:04:15.802,1,19.0,False,,False,False,110.346,110.34599999999999
1083,0 days 02:02:27.850000,GAS,10,0 days 00:01:28.765000,42.0,3.0,,,17.891,38.459,32.415,0 days 02:01:17.085000,0 days 02:01:55.544000,0 days 02:02:27.959000,284.0,292.0,213.0,301.0,True,MEDIUM,5.0,False,Alpine,0 days 02:00:59.085000,2025-12-07 14:06:06.148,1,19.0,False,,False,True,88.765,88.765
1084,0 days 02:03:55.901000,GAS,10,0 days 00:01:28.051000,43.0,3.0,,,17.693,38.186,32.172,0 days 02:02:45.652000,0 days 02:03:23.838000,0 days 02:03:56.010000,288.0,292.0,213.0,302.0,True,MEDIUM,6.0,False,Alpine,0 days 02:02:27.850000,2025-12-07 14:07:34.913,1,19.0,False,,False,True,88.051,88.051
1085,0 days 02:05:24.067000,GAS,10,0 days 00:01:28.166000,44.0,3.0,,,17.749,38.189,32.228,0 days 02:04:13.759000,0 days 02:04:51.948000,0 days 02:05:24.176000,283.0,291.0,213.0,303.0,False,MEDIUM,7.0,False,Alpine,0 days 02:03:55.901000,2025-12-07 14:09:02.964,1,19.0,True,TRACK LIMITS AT TURN 4 LAP 44 ,False,True,88.166,88.166
1086,0 days 02:06:52.114000,GAS,10,0 days 00:01:28.047000,45.0,3.0,,,17.755,38.163,32.129,0 days 02:05:41.931000,0 days 02:06:20.094000,0 days 02:06:52.223000,287.0,291.0,215.0,302.0,True,MEDIUM,8.0,False,Alpine,0 days 02:05:24.067000,2025-12-07 14:10:31.130,1,19.0,False,,False,True,88.047,88.047
1087,0 days 02:08:19.881000,GAS,10,0 days 00:01:27.767000,46.0,3.0,,,17.666,37.997,32.104,0 days 02:07:09.889000,0 days 02:07:47.886000,0 days 02:08:19.990000,,292.0,213.0,304.0,True,MEDIUM,9.0,False,Alpine,0 days 02:06:52.114000,2025-12-07 14:11:59.177,1,19.0,False,,False,True,87.767,87.767
1088,0 days 02:09:48.024000,GAS,10,0 days 00:01:28.143000,47.0,3.0,,,17.683,38.247,32.213,0 days 02:08:37.673000,0 days 02:09:15.920000,0 days 02:09:48.133000,286.0,293.0,213.0,304.0,False,MEDIUM,10.0,False,Alpine,0 days 02:08:19.881000,2025-12-07 14:13:26.944,1,19.0,False,,False,True,88.143,88.143
1089,0 days 02:11:16.072000,GAS,10,0 days 00:01:28.048000,48.0,3.0,,,17.704,38.22,32.124,0 days 02:10:05.837000,0 days 02:10:44.057000,0 days 02:11:16.181000,287.0,292.0,213.0,303.0,False,MEDIUM,11.0,False,Alpine,0 days 02:09:48.024000,2025-12-07 14:14:55.087,1,19.0,False,,False,True,88.048,88.048
1090,0 days 02:12:44.472000,GAS,10,0 days 00:01:28.400000,49.0,3.0,,,17.863,38.201,32.336,0 days 02:11:34.044000,0 days 02:12:12.245000,0 days 02:12:44.581000,286.0,293.0,213.0,304.0,False,MEDIUM,12.0,False,Alpine,0 days 02:11:16.072000,2025-12-07 14:16:23.135,1,19.0,False,,False,True,88.4,88.4
1091,0 days 02:14:12.464000,GAS,10,0 days 00:01:27.992000,50.0,3.0,,,17.701,38.203,32.088,0 days 02:13:02.282000,0 days 02:13:40.485000,0 days 02:14:12.573000,,292.0,212.0,303.0,False,MEDIUM,13.0,False,Alpine,0 days 02:12:44.472000,2025-12-07 14:17:51.535,1,19.0,False,,False,True,87.992,87.992
1092,0 days 02:15:40.828000,GAS,10,0 days 00:01:28.364000,51.0,3.0,,,17.731,38.207,32.426,0 days 02:14:30.304000,0 days 02:15:08.511000,0 days 02:15:40.937000,287.0,292.0,213.0,303.0,False,MEDIUM,14.0,False,Alpine,0 days 02:14:12.464000,2025-12-07 14:19:19.527,1,19.0,False,,False,True,88.364,88.364
1093,0 days 02:17:09.256000,GAS,10,0 days 00:01:28.428000,52.0,3.0,,,17.7,38.397,32.331,0 days 02:15:58.637000,0 days 02:16:37.034000,0 days 02:17:09.365000,,293.0,212.0,302.0,False,MEDIUM,15.0,False,Alpine,0 days 02:15:40.828000,2025-12-07 14:20:47.891,1,19.0,False,,False,True,88.428,88.428
1094,0 days 02:18:37.976000,GAS,10,0 days 00:01:28.720000,53.0,3.0,,,17.778,38.487,32.455,0 days 02:17:27.143000,0 days 02:18:05.630000,0 days 02:18:38.085000,,294.0,213.0,303.0,False,MEDIUM,16.0,False,Alpine,0 days 02:17:09.256000,2025-12-07 14:22:16.319,1,19.0,False,,False,True,88.72,88.72
1095,0 days 02:20:07.487000,GAS,10,0 days 00:01:29.511000,54.0,3.0,,,17.801,38.692,33.018,0 days 02:18:55.886000,0 days 02:19:34.578000,0 days 02:20:07.596000,,294.0,212.0,304.0,False,MEDIUM,17.0,False,Alpine,0 days 02:18:37.976000,2025-12-07 14:23:45.039,1,19.0,False,,False,True,89.511,89.511
1096,0 days 02:21:36.720000,GAS,10,0 days 00:01:29.233000,55.0,3.0,,,17.887,38.634,32.712,0 days 02:20:25.483000,0 days 02:21:04.117000,0 days 02:21:36.829000,,293.0,212.0,304.0,False,MEDIUM,18.0,False,Alpine,0 days 02:20:07.487000,2025-12-07 14:25:14.550,1,19.0,False,,False,True,89.233,89.233
1097,0 days 02:23:06.203000,GAS,10,0 days 00:01:29.483000,56.0,3.0,,,17.945,38.585,32.953,0 days 02:21:54.774000,0 days 02:22:33.359000,0 days 02:23:06.312000,286.0,297.0,212.0,305.0,False,MEDIUM,19.0,False,Alpine,0 days 02:21:36.720000,2025-12-07 14:26:43.783,1,19.0,False,,False,True,89.483,89.483
1098,0 days 02:24:35.111000,GAS,10,0 days 00:01:28.908000,57.0,3.0,,,17.795,38.321,32.792,0 days 02:23:24.107000,0 days 02:24:02.428000,0 days 02:24:35.220000,293.0,307.0,214.0,317.0,False,MEDIUM,20.0,False,Alpine,0 days 02:23:06.203000,2025-12-07 14:28:13.266,1,19.0,False,,False,True,88.908,88.908
1099,0 days 01:00:02.411000,COL,43,0 days 00:01:41.677000,1.0,1.0,,,,39.913,36.612,,0 days 00:59:25.945000,0 days 01:00:02.627000,287.0,280.0,210.0,257.0,False,MEDIUM,1.0,True,Alpine,0 days 00:58:20.522000,2025-12-07 13:03:27.585,1,20.0,False,,False,False,101.677,
1100,0 days 01:01:34.481000,COL,43,0 days 00:01:32.070000,2.0,1.0,,,18.838,38.213,35.019,0 days 01:00:21.323000,0 days 01:00:59.536000,0 days 01:01:34.555000,289.0,297.0,211.0,315.0,True,MEDIUM,2.0,True,Alpine,0 days 01:00:02.411000,2025-12-07 13:05:09.474,1,20.0,False,,False,True,92.07,92.07
1101,0 days 01:03:05.784000,COL,43,0 days 00:01:31.303000,3.0,1.0,,,18.772,38.341,34.19,0 days 01:01:53.327000,0 days 01:02:31.668000,0 days 01:03:05.858000,282.0,303.0,209.0,311.0,True,MEDIUM,3.0,True,Alpine,0 days 01:01:34.481000,2025-12-07 13:06:41.544,1,20.0,False,,False,True,91.303,91.303
1102,0 days 01:04:36.629000,COL,43,0 days 00:01:30.845000,4.0,1.0,,,18.611,38.681,33.553,0 days 01:03:24.469000,0 days 01:04:03.150000,0 days 01:04:36.703000,281.0,296.0,207.0,307.0,True,MEDIUM,4.0,True,Alpine,0 days 01:03:05.784000,2025-12-07 13:08:12.847,1,20.0,False,,False,True,90.845,90.845
1103,0 days 01:06:07.619000,COL,43,0 days 00:01:30.990000,5.0,1.0,,,18.479,38.919,33.592,0 days 01:04:55.182000,0 days 01:05:34.101000,0 days 01:06:07.693000,282.0,298.0,207.0,303.0,False,MEDIUM,5.0,True,Alpine,0 days 01:04:36.629000,2025-12-07 13:09:43.692,1,20.0,False,,False,True,90.99,90.99
1104,0 days 01:07:38.843000,COL,43,0 days 00:01:31.224000,6.0,1.0,,,18.606,38.941,33.677,0 days 01:06:26.299000,0 days 01:07:05.240000,0 days 01:07:38.917000,283.0,300.0,207.0,308.0,False,MEDIUM,6.0,True,Alpine,0 days 01:06:07.619000,2025-12-07 13:11:14.682,1,20.0,False,,False,True,91.224,91.224
1105,0 days 01:09:09.453000,COL,43,0 days 00:01:30.610000,7.0,1.0,,,18.437,38.666,33.507,0 days 01:07:57.354000,0 days 01:08:36.020000,0 days 01:09:09.527000,285.0,304.0,208.0,311.0,True,MEDIUM,7.0,True,Alpine,0 days 01:07:38.843000,2025-12-07 13:12:45.906,1,20.0,False,,False,True,90.61,90.60999999999999
1106,0 days 01:10:40.154000,COL,43,0 days 00:01:30.701000,8.0,1.0,,,18.491,38.805,33.405,0 days 01:09:28.018000,0 days 01:10:06.823000,0 days 01:10:40.228000,283.0,302.0,208.0,309.0,False,MEDIUM,8.0,True,Alpine,0 days 01:09:09.453000,2025-12-07 13:14:16.516,1,19.0,False,,False,True,90.701,90.701
1107,0 days 01:12:10.705000,COL,43,0 days 00:01:30.551000,9.0,1.0,,,18.346,38.811,33.394,0 days 01:10:58.574000,0 days 01:11:37.385000,0 days 01:12:10.779000,,299.0,208.0,309.0,True,MEDIUM,9.0,True,Alpine,0 days 01:10:40.154000,2025-12-07 13:15:47.217,1,17.0,False,,False,True,90.551,90.55099999999999
1108,0 days 01:13:41.542000,COL,43,0 days 00:01:30.837000,10.0,1.0,,,18.377,38.878,33.582,0 days 01:12:29.156000,0 days 01:13:08.034000,0 days 01:13:41.616000,,298.0,208.0,309.0,False,MEDIUM,10.0,True,Alpine,0 days 01:12:10.705000,2025-12-07 13:17:17.768,1,17.0,False,,False,True,90.837,90.83699999999999
1109,0 days 01:15:12.426000,COL,43,0 days 00:01:30.884000,11.0,1.0,,,18.397,38.801,33.686,0 days 01:14:00.013000,0 days 01:14:38.814000,0 days 01:15:12.500000,,297.0,206.0,305.0,False,MEDIUM,11.0,True,Alpine,0 days 01:13:41.542000,2025-12-07 13:18:48.605,1,17.0,False,,False,True,90.884,90.884
1110,0 days 01:16:43.889000,COL,43,0 days 00:01:31.463000,12.0,1.0,,,18.362,39.219,33.882,0 days 01:15:30.862000,0 days 01:16:10.081000,0 days 01:16:43.963000,,296.0,208.0,305.0,False,MEDIUM,12.0,True,Alpine,0 days 01:15:12.426000,2025-12-07 13:20:19.489,1,17.0,False,,False,True,91.463,91.463
1111,0 days 01:18:15.452000,COL,43,0 days 00:01:31.563000,13.0,1.0,,,18.45,39.083,34.03,0 days 01:17:02.413000,0 days 01:17:41.496000,0 days 01:18:15.526000,282.0,297.0,207.0,305.0,False,MEDIUM,13.0,True,Alpine,0 days 01:16:43.889000,2025-12-07 13:21:50.952,1,16.0,False,,False,True,91.563,91.563
1112,0 days 01:19:46.651000,COL,43,0 days 00:01:31.199000,14.0,1.0,,,18.289,39.253,33.657,0 days 01:18:33.815000,0 days 01:19:13.068000,0 days 01:19:46.725000,283.0,295.0,206.0,305.0,False,MEDIUM,14.0,True,Alpine,0 days 01:18:15.452000,2025-12-07 13:23:22.515,1,16.0,False,,False,True,91.199,91.199
1113,0 days 01:21:19.450000,COL,43,0 days 00:01:32.799000,15.0,1.0,,0 days 01:21:18.540000,18.311,39.089,35.399,0 days 01:20:05.036000,0 days 01:20:44.125000,0 days 01:21:19.524000,,292.0,,302.0,False,MEDIUM,15.0,True,Alpine,0 days 01:19:46.651000,2025-12-07 13:24:53.714,1,15.0,False,,False,False,92.799,92.799
1114,0 days 01:23:10.844000,COL,43,0 days 00:01:51.394000,16.0,2.0,0 days 01:21:40.465000,,38.753,39.136,33.505,0 days 01:21:58.277000,0 days 01:22:37.413000,0 days 01:23:10.918000,279.0,292.0,210.0,298.0,False,HARD,1.0,True,Alpine,0 days 01:21:19.450000,2025-12-07 13:26:26.513,1,20.0,False,,False,False,111.394,111.394
1115,0 days 01:24:40.691000,COL,43,0 days 00:01:29.847000,17.0,2.0,,,18.062,38.576,33.209,0 days 01:23:28.980000,0 days 01:24:07.556000,0 days 01:24:40.765000,284.0,292.0,212.0,300.0,True,HARD,2.0,True,Alpine,0 days 01:23:10.844000,2025-12-07 13:28:17.907,1,20.0,False,,False,True,89.847,89.84700000000001
1116,0 days 01:26:10.514000,COL,43,0 days 00:01:29.823000,18.0,2.0,,,18.096,38.638,33.089,0 days 01:24:58.861000,0 days 01:25:37.499000,0 days 01:26:10.588000,282.0,292.0,212.0,299.0,True,HARD,3.0,True,Alpine,0 days 01:24:40.691000,2025-12-07 13:29:47.754,1,20.0,False,,False,True,89.823,89.823
1117,0 days 01:27:40.226000,COL,43,0 days 00:01:29.712000,19.0,2.0,,,17.885,38.567,33.26,0 days 01:26:28.473000,0 days 01:27:07.040000,0 days 01:27:40.300000,284.0,294.0,210.0,300.0,True,HARD,4.0,True,Alpine,0 days 01:26:10.514000,2025-12-07 13:31:17.577,1,20.0,False,,False,True,89.712,89.71199999999999
1118,0 days 01:29:09.925000,COL,43,0 days 00:01:29.699000,20.0,2.0,,,18.091,38.653,32.955,0 days 01:27:58.391000,0 days 01:28:37.044000,0 days 01:29:09.999000,283.0,293.0,211.0,301.0,True,HARD,5.0,True,Alpine,0 days 01:27:40.226000,2025-12-07 13:32:47.289,1,20.0,False,,False,True,89.699,89.699
1119,0 days 01:30:39.355000,COL,43,0 days 00:01:29.430000,21.0,2.0,,,17.992,38.547,32.891,0 days 01:29:27.991000,0 days 01:30:06.538000,0 days 01:30:39.429000,285.0,295.0,210.0,302.0,True,HARD,6.0,True,Alpine,0 days 01:29:09.925000,2025-12-07 13:34:16.988,1,20.0,False,,False,True,89.43,89.43
1120,0 days 01:32:08.983000,COL,43,0 days 00:01:29.628000,22.0,2.0,,,18.042,38.6,32.986,0 days 01:30:57.471000,0 days 01:31:36.071000,0 days 01:32:09.057000,,295.0,211.0,303.0,False,HARD,7.0,True,Alpine,0 days 01:30:39.355000,2025-12-07 13:35:46.418,1,19.0,False,,False,True,89.628,89.628
1121,0 days 01:33:38.700000,COL,43,0 days 00:01:29.717000,23.0,2.0,,,18.093,38.535,33.089,0 days 01:32:27.150000,0 days 01:33:05.685000,0 days 01:33:38.774000,282.0,295.0,211.0,303.0,False,HARD,8.0,True,Alpine,0 days 01:32:08.983000,2025-12-07 13:37:16.046,1,19.0,False,,False,True,89.717,89.717
1122,0 days 01:35:08.552000,COL,43,0 days 00:01:29.852000,24.0,2.0,,,18.068,38.717,33.067,0 days 01:33:56.842000,0 days 01:34:35.559000,0 days 01:35:08.626000,285.0,293.0,210.0,302.0,False,HARD,9.0,True,Alpine,0 days 01:33:38.700000,2025-12-07 13:38:45.763,1,19.0,False,,False,True,89.852,89.852
1123,0 days 01:36:38.690000,COL,43,0 days 00:01:30.138000,25.0,2.0,,,18.325,38.871,32.942,0 days 01:35:26.951000,0 days 01:36:05.822000,0 days 01:36:38.764000,283.0,295.0,211.0,302.0,False,HARD,10.0,True,Alpine,0 days 01:35:08.552000,2025-12-07 13:40:15.615,1,19.0,True,TRACK LIMITS AT TURN 1 LAP 25 ,False,True,90.138,90.138
1124,0 days 01:38:08.342000,COL,43,0 days 00:01:29.652000,26.0,2.0,,,18.051,38.705,32.896,0 days 01:36:56.815000,0 days 01:37:35.520000,0 days 01:38:08.416000,284.0,294.0,209.0,302.0,False,HARD,11.0,True,Alpine,0 days 01:36:38.690000,2025-12-07 13:41:45.753,1,19.0,True,TRACK LIMITS AT TURN 1 LAP 26 ,False,True,89.652,89.652
1125,0 days 01:39:37.885000,COL,43,0 days 00:01:29.543000,27.0,2.0,,,18.0,38.689,32.854,0 days 01:38:26.416000,0 days 01:39:05.105000,0 days 01:39:37.959000,,293.0,212.0,302.0,False,HARD,12.0,True,Alpine,0 days 01:38:08.342000,2025-12-07 13:43:15.405,1,19.0,False,,False,True,89.543,89.543
1126,0 days 01:41:07.724000,COL,43,0 days 00:01:29.839000,28.0,2.0,,,18.002,38.621,33.216,0 days 01:39:55.961000,0 days 01:40:34.582000,0 days 01:41:07.798000,283.0,294.0,208.0,303.0,False,HARD,13.0,True,Alpine,0 days 01:39:37.885000,2025-12-07 13:44:44.948,1,19.0,False,,False,True,89.839,89.839
1127,0 days 01:42:37.639000,COL,43,0 days 00:01:29.915000,29.0,2.0,,,18.061,38.773,33.081,0 days 01:41:25.859000,0 days 01:42:04.632000,0 days 01:42:37.713000,284.0,292.0,209.0,302.0,False,HARD,14.0,True,Alpine,0 days 01:41:07.724000,2025-12-07 13:46:14.787,1,19.0,True,TRACK LIMITS AT TURN 1 LAP 29 ,False,True,89.915,89.915
1128,0 days 01:44:07.313000,COL,43,0 days 00:01:29.674000,30.0,2.0,,,17.991,38.622,33.061,0 days 01:42:55.704000,0 days 01:43:34.326000,0 days 01:44:07.387000,285.0,295.0,211.0,303.0,False,HARD,15.0,True,Alpine,0 days 01:42:37.639000,2025-12-07 13:47:44.702,1,19.0,False,,False,True,89.674,89.674
1129,0 days 01:45:37.162000,COL,43,0 days 00:01:29.849000,31.0,2.0,,,18.098,38.705,33.046,0 days 01:44:25.485000,0 days 01:45:04.190000,0 days 01:45:37.236000,283.0,294.0,209.0,303.0,False,HARD,16.0,True,Alpine,0 days 01:44:07.313000,2025-12-07 13:49:14.376,1,19.0,False,,False,True,89.849,89.84899999999999
1130,0 days 01:47:07.003000,COL,43,0 days 00:01:29.841000,32.0,2.0,,,18.065,38.685,33.091,0 days 01:45:55.301000,0 days 01:46:33.986000,0 days 01:47:07.077000,284.0,292.0,209.0,303.0,False,HARD,17.0,True,Alpine,0 days 01:45:37.162000,2025-12-07 13:50:44.225,1,18.0,False,,False,True,89.841,89.84100000000001
1131,0 days 01:48:37.056000,COL,43,0 days 00:01:30.053000,33.0,2.0,,,18.068,38.887,33.098,0 days 01:47:25.145000,0 days 01:48:04.032000,0 days 01:48:37.130000,285.0,295.0,209.0,303.0,False,HARD,18.0,True,Alpine,0 days 01:47:07.003000,2025-12-07 13:52:14.066,1,16.0,False,,False,True,90.053,90.053
1132,0 days 01:50:07.126000,COL,43,0 days 00:01:30.070000,34.0,2.0,,,18.137,38.805,33.128,0 days 01:48:55.267000,0 days 01:49:34.072000,0 days 01:50:07.200000,286.0,293.0,208.0,304.0,False,HARD,19.0,True,Alpine,0 days 01:48:37.056000,2025-12-07 13:53:44.119,1,15.0,False,,False,True,90.07,90.07
1133,0 days 01:51:37.756000,COL,43,0 days 00:01:30.630000,35.0,2.0,,,18.122,38.897,33.611,0 days 01:50:25.322000,0 days 01:51:04.219000,0 days 01:51:37.830000,285.0,311.0,210.0,297.0,False,HARD,20.0,True,Alpine,0 days 01:50:07.126000,2025-12-07 13:55:14.189,1,16.0,False,,False,True,90.63,90.63
1134,0 days 01:53:07.989000,COL,43,0 days 00:01:30.233000,36.0,2.0,,,18.062,38.839,33.332,0 days 01:51:55.892000,0 days 01:52:34.731000,0 days 01:53:08.063000,288.0,293.0,210.0,305.0,False,HARD,21.0,True,Alpine,0 days 01:51:37.756000,2025-12-07 13:56:44.819,1,16.0,False,,False,True,90.233,90.233
1135,0 days 01:54:38.851000,COL,43,0 days 00:01:30.862000,37.0,2.0,,,17.99,38.798,34.074,0 days 01:53:26.053000,0 days 01:54:04.851000,0 days 01:54:38.925000,287.0,307.0,209.0,303.0,False,HARD,22.0,True,Alpine,0 days 01:53:07.989000,2025-12-07 13:58:15.052,1,17.0,False,,False,True,90.862,90.862
1136,0 days 01:56:09.591000,COL,43,0 days 00:01:30.740000,38.0,2.0,,,18.181,39.078,33.481,0 days 01:54:57.106000,0 days 01:55:36.184000,0 days 01:56:09.665000,,292.0,209.0,304.0,False,HARD,23.0,True,Alpine,0 days 01:54:38.851000,2025-12-07 13:59:45.914,1,17.0,False,,False,True,90.74,90.74000000000001
1137,0 days 01:57:42.187000,COL,43,0 days 00:01:32.596000,39.0,2.0,,,18.123,39.274,35.199,0 days 01:56:27.788000,0 days 01:57:07.062000,0 days 01:57:42.261000,288.0,284.0,210.0,306.0,False,HARD,24.0,True,Alpine,0 days 01:56:09.591000,2025-12-07 14:01:16.654,1,19.0,False,,False,True,92.596,92.596
1138,0 days 01:59:15.221000,COL,43,0 days 00:01:33.034000,40.0,2.0,,0 days 01:59:14.311000,18.293,39.12,35.621,0 days 01:58:00.554000,0 days 01:58:39.674000,0 days 01:59:15.295000,,309.0,,302.0,False,HARD,25.0,True,Alpine,0 days 01:57:42.187000,2025-12-07 14:02:49.250,1,20.0,False,,False,False,93.034,93.03399999999999
1139,0 days 02:01:05.462000,COL,43,0 days 00:01:50.241000,41.0,3.0,0 days 01:59:37.208000,,39.369,38.412,32.46,0 days 01:59:54.664000,0 days 02:00:33.076000,0 days 02:01:05.536000,283.0,294.0,213.0,300.0,False,MEDIUM,1.0,True,Alpine,0 days 01:59:15.221000,2025-12-07 14:04:22.284,1,20.0,False,,False,False,110.241,110.24100000000001
1140,0 days 02:02:33.172000,COL,43,0 days 00:01:27.710000,42.0,3.0,,,17.697,37.973,32.04,0 days 02:01:23.233000,0 days 02:02:01.206000,0 days 02:02:33.246000,290.0,293.0,212.0,301.0,True,MEDIUM,2.0,True,Alpine,0 days 02:01:05.462000,2025-12-07 14:06:12.525,1,20.0,False,,False,True,87.71,87.71000000000001
1141,0 days 02:04:01.247000,COL,43,0 days 00:01:28.075000,43.0,3.0,,,17.832,38.13,32.113,0 days 02:02:51.078000,0 days 02:03:29.208000,0 days 02:04:01.321000,288.0,289.0,212.0,301.0,False,MEDIUM,3.0,True,Alpine,0 days 02:02:33.172000,2025-12-07 14:07:40.235,1,20.0,False,,False,True,88.075,88.075
1142,0 days 02:05:29.696000,COL,43,0 days 00:01:28.449000,44.0,3.0,,,17.788,38.332,32.329,0 days 02:04:19.109000,0 days 02:04:57.441000,0 days 02:05:29.770000,286.0,290.0,212.0,302.0,False,MEDIUM,4.0,True,Alpine,0 days 02:04:01.247000,2025-12-07 14:09:08.310,1,20.0,False,,False,True,88.449,88.44900000000001
1143,0 days 02:06:58.160000,COL,43,0 days 00:01:28.464000,45.0,3.0,,,17.759,38.236,32.469,0 days 02:05:47.529000,0 days 02:06:25.765000,0 days 02:06:58.234000,289.0,291.0,213.0,303.0,False,MEDIUM,5.0,True,Alpine,0 days 02:05:29.696000,2025-12-07 14:10:36.759,1,20.0,False,,False,True,88.464,88.464
1144,0 days 02:08:26.467000,COL,43,0 days 00:01:28.307000,46.0,3.0,,,17.88,38.255,32.172,0 days 02:07:16.114000,0 days 02:07:54.369000,0 days 02:08:26.541000,288.0,291.0,214.0,303.0,False,MEDIUM,6.0,True,Alpine,0 days 02:06:58.160000,2025-12-07 14:12:05.223,1,20.0,False,,False,True,88.307,88.307
1145,0 days 02:09:54.570000,COL,43,0 days 00:01:28.103000,47.0,3.0,,,17.669,38.206,32.228,0 days 02:08:44.210000,0 days 02:09:22.416000,0 days 02:09:54.644000,289.0,292.0,214.0,304.0,False,MEDIUM,7.0,True,Alpine,0 days 02:08:26.467000,2025-12-07 14:13:33.530,1,20.0,False,,False,True,88.103,88.10300000000001
1146,0 days 02:11:22.592000,COL,43,0 days 00:01:28.022000,48.0,3.0,,,17.686,38.184,32.152,0 days 02:10:12.330000,0 days 02:10:50.514000,0 days 02:11:22.666000,288.0,293.0,215.0,303.0,False,MEDIUM,8.0,True,Alpine,0 days 02:09:54.570000,2025-12-07 14:15:01.633,1,20.0,False,,False,True,88.022,88.02199999999999
1147,0 days 02:12:50.975000,COL,43,0 days 00:01:28.383000,49.0,3.0,,,17.7,38.35,32.333,0 days 02:11:40.366000,0 days 02:12:18.716000,0 days 02:12:51.049000,,291.0,214.0,303.0,False,MEDIUM,9.0,True,Alpine,0 days 02:11:22.592000,2025-12-07 14:16:29.655,1,20.0,False,,False,True,88.383,88.383
1148,0 days 02:14:19.469000,COL,43,0 days 00:01:28.494000,50.0,3.0,,,17.761,38.362,32.371,0 days 02:13:08.810000,0 days 02:13:47.172000,0 days 02:14:19.543000,,291.0,213.0,303.0,False,MEDIUM,10.0,True,Alpine,0 days 02:12:50.975000,2025-12-07 14:17:58.038,1,20.0,False,,False,True,88.494,88.494
1149,0 days 02:15:48,COL,43,0 days 00:01:28.531000,51.0,3.0,,,17.775,38.385,32.371,0 days 02:14:37.318000,0 days 02:15:15.703000,0 days 02:15:48.074000,289.0,291.0,214.0,303.0,False,MEDIUM,11.0,True,Alpine,0 days 02:14:19.469000,2025-12-07 14:19:26.532,1,20.0,False,,False,True,88.531,88.531
1150,0 days 02:17:16.579000,COL,43,0 days 00:01:28.579000,52.0,3.0,,,17.75,38.302,32.527,0 days 02:16:05.824000,0 days 02:16:44.126000,0 days 02:17:16.653000,288.0,294.0,212.0,302.0,False,MEDIUM,12.0,True,Alpine,0 days 02:15:48,2025-12-07 14:20:55.063,1,20.0,False,,False,True,88.579,88.57900000000001
1151,0 days 02:18:45.302000,COL,43,0 days 00:01:28.723000,53.0,3.0,,,17.776,38.507,32.44,0 days 02:17:34.429000,0 days 02:18:12.936000,0 days 02:18:45.376000,289.0,293.0,212.0,303.0,False,MEDIUM,13.0,True,Alpine,0 days 02:17:16.579000,2025-12-07 14:22:23.642,1,20.0,False,,False,True,88.723,88.723
1152,0 days 02:20:13.982000,COL,43,0 days 00:01:28.680000,54.0,3.0,,,17.875,38.411,32.394,0 days 02:19:03.251000,0 days 02:19:41.662000,0 days 02:20:14.056000,288.0,294.0,213.0,303.0,False,MEDIUM,14.0,True,Alpine,0 days 02:18:45.302000,2025-12-07 14:23:52.365,1,20.0,False,,False,True,88.68,88.68
1153,0 days 02:21:42.552000,COL,43,0 days 00:01:28.570000,55.0,3.0,,,17.709,38.457,32.404,0 days 02:20:31.765000,0 days 02:21:10.222000,0 days 02:21:42.626000,290.0,294.0,212.0,304.0,False,MEDIUM,15.0,True,Alpine,0 days 02:20:13.982000,2025-12-07 14:25:21.045,1,20.0,False,,False,True,88.57,88.57
1154,0 days 02:23:11.492000,COL,43,0 days 00:01:28.940000,56.0,3.0,,,17.865,38.471,32.604,0 days 02:22:00.491000,0 days 02:22:38.962000,0 days 02:23:11.566000,,295.0,212.0,307.0,False,MEDIUM,16.0,True,Alpine,0 days 02:21:42.552000,2025-12-07 14:26:49.615,1,20.0,False,,False,True,88.94,88.94
1155,0 days 02:24:42.206000,COL,43,0 days 00:01:30.714000,57.0,3.0,,,17.722,39.629,33.363,0 days 02:23:29.288000,0 days 02:24:08.917000,0 days 02:24:42.280000,293.0,224.0,209.0,308.0,False,MEDIUM,17.0,True,Alpine,0 days 02:23:11.492000,2025-12-07 14:28:18.555,1,20.0,False,,False,True,90.714,90.714
